Date,ML/week
01/01/1968,0
08/01/1968,23.9265
15/01/1968,14.0372
22/01/1968,14.8903
29/01/1968,13.9808
05/02/1968,15.4345
12/02/1968,50.7766
19/02/1968,105.336
26/02/1968,52.6757
04/03/1968,43.9064
11/03/1968,39.6725
18/03/1968,54.9028
25/03/1968,132.904
01/04/1968,216.72
08/04/1968,204.213
15/04/1968,115.783
22/04/1968,132.909
29/04/1968,127.628
06/05/1968,145.806
13/05/1968,225.756
20/05/1968,349.705
27/05/1968,214.528
03/06/1968,214.082
10/06/1968,144.969
17/06/1968,122.52
24/06/1968,137.387
01/07/1968,375.148
08/07/1968,658.416
15/07/1968,1017.71
22/07/1968,545.404
29/07/1968,271.414
05/08/1968,147.862
12/08/1968,140.496
19/08/1968,157.116
26/08/1968,148.841
02/09/1968,121.133
09/09/1968,124.845
16/09/1968,134.311
23/09/1968,403.704
30/09/1968,585.286
07/10/1968,546.292
14/10/1968,452.224
21/10/1968,456.965
28/10/1968,298.161
04/11/1968,533.882
11/11/1968,356.392
18/11/1968,232.707
25/11/1968,212.795
02/12/1968,563.566
09/12/1968,534.415
16/12/1968,309.086
23/12/1968,967.825
30/12/1968,1365.84
06/01/1969,511.722
13/01/1969,727.505
20/01/1969,1600.22
27/01/1969,1056.84
03/02/1969,580.062
10/02/1969,570.278
17/02/1969,476.314
24/02/1969,409.693
03/03/1969,901.479
10/03/1969,392.842
17/03/1969,529.371
24/03/1969,945.001
31/03/1969,446.705
07/04/1969,372.192
14/04/1969,225.903
21/04/1969,174.203
28/04/1969,278.415
05/05/1969,299.265
12/05/1969,304.533
19/05/1969,371.746
26/05/1969,331.068
02/06/1969,382.626
09/06/1969,292.39
16/06/1969,174.005
23/06/1969,187.953
30/06/1969,163.933
07/07/1969,141.126
14/07/1969,128.288
21/07/1969,113.741
28/07/1969,101.584
04/08/1969,152.213
11/08/1969,183.696
18/08/1969,384.088
25/08/1969,278.338
01/09/1969,189.674
08/09/1969,119.898
15/09/1969,143.266
22/09/1969,273.719
29/09/1969,311.74
06/10/1969,194.201
13/10/1969,123.877
20/10/1969,132.37
27/10/1969,137.493
03/11/1969,109.912
10/11/1969,257.373
17/11/1969,1360.8
24/11/1969,811.4
01/12/1969,387.39
08/12/1969,375.594
15/12/1969,320.749
22/12/1969,944.398
29/12/1969,1042.38
05/01/1970,427.047
12/01/1970,425.577
19/01/1970,1715.64
26/01/1970,1373.44
02/02/1970,1081.88
09/02/1970,1351.19
16/02/1970,1102.12
23/02/1970,1459.16
02/03/1970,1120.22
09/03/1970,516.658
16/03/1970,507.741
23/03/1970,462.179
30/03/1970,421.714
06/04/1970,404.666
13/04/1970,318.824
20/04/1970,241.815
27/04/1970,390.465
04/05/1970,476.42
11/05/1970,310.814
18/05/1970,369.59
25/05/1970,281.503
01/06/1970,172.541
08/06/1970,151.746
15/06/1970,137.437
22/06/1970,124.676
29/06/1970,116.037
06/07/1970,104.764
13/07/1970,94.5842
20/07/1970,86.0305
27/07/1970,82.1984
03/08/1970,76.372
10/08/1970,74.7038
17/08/1970,72.1141
24/08/1970,224.828
31/08/1970,243.23
07/09/1970,180.434
14/09/1970,430.657
21/09/1970,548.529
28/09/1970,251.813
05/10/1970,154.525
12/10/1970,138.74
19/10/1970,206.921
26/10/1970,159.553
02/11/1970,278.675
09/11/1970,1248.85
16/11/1970,953.382
23/11/1970,1637.49
30/11/1970,1232.56
07/12/1970,787.225
14/12/1970,547.377
21/12/1970,414.061
28/12/1970,314.91
04/01/1971,468.518
11/01/1971,553.246
18/01/1971,442.018
25/01/1971,1230.61
01/02/1971,2169.97
08/02/1971,2096.22
15/02/1971,507.177
22/02/1971,599.817
01/03/1971,441.918
08/03/1971,427.692
15/03/1971,265.226
22/03/1971,900.549
29/03/1971,589.783
05/04/1971,365.065
12/04/1971,238.761
19/04/1971,179.852
26/04/1971,200.259
03/05/1971,250.006
10/05/1971,155.199
17/05/1971,138.5
24/05/1971,124.916
31/05/1971,123.107
07/06/1971,110.983
14/06/1971,122.233
21/06/1971,230.639
28/06/1971,270.864
05/07/1971,202.813
12/07/1971,119.772
19/07/1971,105.921
26/07/1971,95.9847
02/08/1971,94.0804
09/08/1971,123.485
16/08/1971,211.679
23/08/1971,224.718
30/08/1971,120.689
06/09/1971,108.71
13/09/1971,94.9981
20/09/1971,84.8265
27/09/1971,76.4784
04/10/1971,71.1575
11/10/1971,68.4767
18/10/1971,106.066
25/10/1971,302.623
01/11/1971,183.215
08/11/1971,121.703
15/11/1971,250.615
22/11/1971,332.7
29/11/1971,634.374
06/12/1971,815.419
13/12/1971,405.415
20/12/1971,244.201
27/12/1971,468.717
03/01/1972,425.547
10/01/1972,293.499
17/01/1972,882.201
24/01/1972,809.852
31/01/1972,805.918
07/02/1972,1214.85
14/02/1972,809.1
21/02/1972,898.286
28/02/1972,740.29
06/03/1972,803.564
13/03/1972,1148.23
20/03/1972,501.387
27/03/1972,285.771
03/04/1972,342.136
10/04/1972,468.185
17/04/1972,757.235
24/04/1972,439.501
01/05/1972,272.578
08/05/1972,283.11
15/05/1972,343.602
22/05/1972,289.172
29/05/1972,299.265
05/06/1972,323.147
12/06/1972,460.554
19/06/1972,486.386
26/06/1972,341.125
03/07/1972,253.109
10/07/1972,195.1
17/07/1972,171.417
24/07/1972,150.503
31/07/1972,134.454
07/08/1972,123.799
14/08/1972,119.692
21/08/1972,103.659
28/08/1972,92.4905
04/09/1972,82.5874
11/09/1972,75.4762
18/09/1972,69.1871
25/09/1972,61.3217
02/10/1972,54.7559
09/10/1972,48.8931
16/10/1972,47.4968
23/10/1972,41.1495
30/10/1972,42.3732
06/11/1972,57.0836
13/11/1972,114.573
20/11/1972,495.995
27/11/1972,998.331
04/12/1972,734.036
11/12/1972,2261.66
18/12/1972,1347.35
25/12/1972,404.484
01/01/1973,501.65
08/01/1973,363.769
15/01/1973,195.837
22/01/1973,453.289
29/01/1973,490.582
05/02/1973,372.224
12/02/1973,279.353
19/02/1973,763.154
26/02/1973,400.149
05/03/1973,402.032
12/03/1973,341.712
19/03/1973,191.817
26/03/1973,152.37
02/04/1973,140.473
09/04/1973,374.197
16/04/1973,288.961
23/04/1973,174.987
30/04/1973,263.334
07/05/1973,230.44
14/05/1973,240.713
21/05/1973,191.962
28/05/1973,216.789
04/06/1973,247.453
11/06/1973,160.711
18/06/1973,138.849
25/06/1973,128.006
02/07/1973,168.338
09/07/1973,127.535
16/07/1973,119.999
23/07/1973,227.029
30/07/1973,160.887
06/08/1973,124.413
13/08/1973,335.704
20/08/1973,173.607
27/08/1973,123.038
03/09/1973,113.58
10/09/1973,102.064
17/09/1973,93.1737
24/09/1973,105.637
01/10/1973,177.694
08/10/1973,207.788
15/10/1973,169.195
22/10/1973,310.861
29/10/1973,252.144
05/11/1973,139.382
12/11/1973,217.244
19/11/1973,277.429
26/11/1973,232.18
03/12/1973,303.764
10/12/1973,359.561
17/12/1973,468.95
24/12/1973,558.44
31/12/1973,497.715
07/01/1974,518.318
14/01/1974,1439.25
21/01/1974,1162.64
28/01/1974,575.67
04/02/1974,1028.06
11/02/1974,1610.4
18/02/1974,2373.99
25/02/1974,738.384
04/03/1974,425.848
11/03/1974,409.303
18/03/1974,524.444
25/03/1974,462.044
01/04/1974,293.162
08/04/1974,177.08
15/04/1974,163.805
22/04/1974,142.792
29/04/1974,130.044
06/05/1974,141.13
13/05/1974,153.635
20/05/1974,195.192
27/05/1974,138.062
03/06/1974,117.243
10/06/1974,113.793
17/06/1974,100.559
24/06/1974,92.4099
01/07/1974,87.8992
08/07/1974,97.4479
15/07/1974,84.1
22/07/1974,89.6919
29/07/1974,77.8728
05/08/1974,77.9144
12/08/1974,98.89
19/08/1974,164.197
26/08/1974,101.658
02/09/1974,127.998
09/09/1974,807.809
16/09/1974,600.076
23/09/1974,381.238
30/09/1974,1605.43
07/10/1974,1125.86
14/10/1974,799.699
21/10/1974,555.257
28/10/1974,604.375
04/11/1974,415.927
11/11/1974,442.079
18/11/1974,807.201
25/11/1974,1046.46
02/12/1974,694.788
09/12/1974,455.366
16/12/1974,455.237
23/12/1974,564.129
30/12/1974,1423.67
06/01/1975,760.289
13/01/1975,444.011
20/01/1975,511.619
27/01/1975,1648.25
03/02/1975,1743.28
10/02/1975,568.28
17/02/1975,469.788
24/02/1975,413.996
03/03/1975,250.503
10/03/1975,485.3
17/03/1975,639.721
24/03/1975,448.45
31/03/1975,412.898
07/04/1975,387.074
14/04/1975,339.518
21/04/1975,433.09
28/04/1975,354.876
05/05/1975,230.424
12/05/1975,171.305
19/05/1975,174.975
26/05/1975,150.195
02/06/1975,133.832
09/06/1975,122.252
16/06/1975,108.108
23/06/1975,96.8082
30/06/1975,86.3454
07/07/1975,77.1027
14/07/1975,69.5691
21/07/1975,64.6176
28/07/1975,58.0649
04/08/1975,51.6088
11/08/1975,46.4387
18/08/1975,42.0914
25/08/1975,39.9223
01/09/1975,35.2341
08/09/1975,31.5389
15/09/1975,38.4493
22/09/1975,69.8038
29/09/1975,192.755
06/10/1975,343.306
13/10/1975,225.481
20/10/1975,154.097
27/10/1975,95.6409
03/11/1975,127.113
10/11/1975,212.088
17/11/1975,179.34
24/11/1975,307.182
01/12/1975,490.269
08/12/1975,1314.14
15/12/1975,428.757
22/12/1975,291.989
29/12/1975,230.754
05/01/1976,262.851
12/01/1976,357.966
19/01/1976,218.161
26/01/1976,242.851
02/02/1976,353.112
09/02/1976,321.263
16/02/1976,565.838
23/02/1976,453.305
01/03/1976,322.369
08/03/1976,224.233
15/03/1976,241.398
22/03/1976,431.804
29/03/1976,539.026
05/04/1976,399.635
12/04/1976,260.706
19/04/1976,172.361
26/04/1976,146.833
03/05/1976,133.305
10/05/1976,122.984
17/05/1976,111.726
24/05/1976,125.193
31/05/1976,105.819
07/06/1976,95.3437
14/06/1976,84.749
21/06/1976,79.046
28/06/1976,71.8984
05/07/1976,63.6314
12/07/1976,56.8613
19/07/1976,51.0856
26/07/1976,45.6719
02/08/1976,40.742
09/08/1976,36.3803
16/08/1976,32.4848
23/08/1976,29.0066
30/08/1976,25.9025
06/09/1976,23.2056
13/09/1976,21.0102
20/09/1976,23.6479
27/09/1976,112.614
04/10/1976,1527.95
11/10/1976,1827.24
18/10/1976,1854.49
25/10/1976,1358.69
01/11/1976,1075.86
08/11/1976,965.693
15/11/1976,507.633
22/11/1976,390.562
29/11/1976,291.235
06/12/1976,1627.32
13/12/1976,1232.77
20/12/1976,509.377
27/12/1976,773.649
03/01/1977,607.626
10/01/1977,676.33
17/01/1977,645.245
24/01/1977,1255.37
31/01/1977,1606.76
07/02/1977,1151.93
14/02/1977,1278.81
21/02/1977,1030.54
28/02/1977,1502.96
07/03/1977,543.695
14/03/1977,365.365
21/03/1977,620.694
28/03/1977,834.72
04/04/1977,727.699
11/04/1977,451.032
18/04/1977,268.465
25/04/1977,196.232
02/05/1977,293.182
09/05/1977,462.93
16/05/1977,457.98
23/05/1977,303.344
30/05/1977,179.034
06/06/1977,153.321
13/06/1977,173.009
20/06/1977,192.846
27/06/1977,136.396
04/07/1977,126.247
11/07/1977,113.575
18/07/1977,101.646
25/07/1977,94.1552
01/08/1977,86.1431
08/08/1977,77.6602
15/08/1977,69.5719
22/08/1977,100.387
29/08/1977,216.386
05/09/1977,211.554
12/09/1977,178.667
19/09/1977,104.067
26/09/1977,98.5965
03/10/1977,102.842
10/10/1977,164.588
17/10/1977,209.264
24/10/1977,115.773
31/10/1977,119.509
07/11/1977,418.249
14/11/1977,861.168
21/11/1977,963.068
28/11/1977,633.777
05/12/1977,351.181
12/12/1977,584.051
19/12/1977,802.365
26/12/1977,497.315
02/01/1978,616.049
09/01/1978,460.359
16/01/1978,853.564
23/01/1978,794.496
30/01/1978,1397.96
06/02/1978,1258.68
13/02/1978,646.469
20/02/1978,426.212
27/02/1978,1502.63
06/03/1978,2365.72
13/03/1978,563.041
20/03/1978,599.795
27/03/1978,692.586
03/04/1978,1136.38
10/04/1978,553.498
17/04/1978,314.831
24/04/1978,283.659
01/05/1978,272.867
08/05/1978,385.291
15/05/1978,279.882
22/05/1978,197.138
29/05/1978,158.847
05/06/1978,145.009
12/06/1978,131.321
19/06/1978,117.599
26/06/1978,107.846
03/07/1978,97.3182
10/07/1978,90.323
17/07/1978,86.2356
24/07/1978,75.6335
31/07/1978,77.13
07/08/1978,194.129
14/08/1978,141.656
21/08/1978,99.6924
28/08/1978,85.4802
04/09/1978,76.5715
11/09/1978,74.7551
18/09/1978,69.3542
25/09/1978,60.8657
02/10/1978,58.3243
09/10/1978,52.8018
16/10/1978,47.5515
23/10/1978,43.7779
30/10/1978,39.1922
06/11/1978,35.1213
13/11/1978,32.3706
20/11/1978,49.5716
27/11/1978,109.386
04/12/1978,78.1546
11/12/1978,178.799
18/12/1978,998.204
25/12/1978,582.187
01/01/1979,1406.84
08/01/1979,605.793
15/01/1979,1051.94
22/01/1979,858.982
29/01/1979,694.295
05/02/1979,929.345
12/02/1979,1185.7
19/02/1979,721.654
26/02/1979,865.821
05/03/1979,511.753
12/03/1979,957.168
19/03/1979,1300.91
26/03/1979,1083.54
02/04/1979,1122.76
09/04/1979,640.273
16/04/1979,729.26
23/04/1979,392.536
30/04/1979,357.817
07/05/1979,360.181
14/05/1979,295.865
21/05/1979,244.566
28/05/1979,375.011
04/06/1979,552.359
11/06/1979,439.197
18/06/1979,317.378
25/06/1979,199.003
02/07/1979,181.073
09/07/1979,149.284
16/07/1979,134.537
23/07/1979,119.889
30/07/1979,107.876
06/08/1979,102.346
13/08/1979,99.3828
20/08/1979,149.493
27/08/1979,171.255
03/09/1979,191.568
10/09/1979,143.26
17/09/1979,108.586
24/09/1979,145.685
01/10/1979,119.886
08/10/1979,122.167
15/10/1979,207.255
22/10/1979,204.501
29/10/1979,365.26
05/11/1979,547.501
12/11/1979,1143.69
19/11/1979,880.098
26/11/1979,500.122
03/12/1979,511.532
10/12/1979,564.843
17/12/1979,1840.83
24/12/1979,1087.73
31/12/1979,1820.34
07/01/1980,1258.26
14/01/1980,544.093
21/01/1980,375.344
28/01/1980,846.837
04/02/1980,866.112
11/02/1980,1899.48
18/02/1980,704.167
25/02/1980,650.965
03/03/1980,617.098
10/03/1980,591.929
17/03/1980,664.938
24/03/1980,433.81
31/03/1980,792.472
07/04/1980,908.293
14/04/1980,393.098
21/04/1980,214.63
28/04/1980,162.652
05/05/1980,177.537
12/05/1980,144.437
19/05/1980,127.375
26/05/1980,116.413
02/06/1980,107.326
09/06/1980,96.3093
16/06/1980,112.088
23/06/1980,192.892
30/06/1980,261.377
07/07/1980,192.516
14/07/1980,150.309
21/07/1980,173.747
28/07/1980,152.068
04/08/1980,124.449
11/08/1980,118.005
18/08/1980,152.974
25/08/1980,124.603
01/09/1980,125.382
08/09/1980,130.64
15/09/1980,127.803
22/09/1980,149.908
29/09/1980,251.271
06/10/1980,187.091
13/10/1980,677.279
20/10/1980,1742.96
27/10/1980,1116.98
03/11/1980,689.263
10/11/1980,359.355
17/11/1980,567.793
24/11/1980,1300.72
01/12/1980,799.541
08/12/1980,443.787
15/12/1980,385.084
22/12/1980,1056.13
29/12/1980,1210.74
05/01/1981,571.84
12/01/1981,417.792
19/01/1981,661.016
26/01/1981,771.313
02/02/1981,381.045
09/02/1981,478.244
16/02/1981,481.928
23/02/1981,299.566
02/03/1981,494.921
09/03/1981,780.819
16/03/1981,2955.85
23/03/1981,1060.69
30/03/1981,1232.25
06/04/1981,483.202
13/04/1981,278.987
20/04/1981,188.963
27/04/1981,173.27
04/05/1981,299.904
11/05/1981,374.386
18/05/1981,383.771
25/05/1981,501.479
01/06/1981,508.566
08/06/1981,447.541
15/06/1981,385.447
22/06/1981,259.101
29/06/1981,163.914
06/07/1981,148.287
13/07/1981,137.48
20/07/1981,122.276
27/07/1981,116.347
03/08/1981,105.526
10/08/1981,111.95
17/08/1981,92.5155
24/08/1981,86.402
31/08/1981,76.469
07/09/1981,68.2825
14/09/1981,64.8251
21/09/1981,116.707
28/09/1981,319.798
05/10/1981,609.526
12/10/1981,788.004
19/10/1981,594.453
26/10/1981,888.176
02/11/1981,1265.74
09/11/1981,587.436
16/11/1981,301.308
23/11/1981,691.829
30/11/1981,746.733
07/12/1981,555.991
14/12/1981,796.626
21/12/1981,978.475
28/12/1981,1167.93
04/01/1982,2238.89
11/01/1982,1282.96
18/01/1982,539.93
25/01/1982,1203.56
01/02/1982,662.049
08/02/1982,440.751
15/02/1982,571.039
22/02/1982,461.395
01/03/1982,363.057
08/03/1982,808.747
15/03/1982,1540.12
22/03/1982,1426.96
29/03/1982,534.386
05/04/1982,308.042
12/04/1982,305.177
19/04/1982,207.116
26/04/1982,159.513
03/05/1982,142.433
10/05/1982,149.709
17/05/1982,125.588
24/05/1982,116.116
31/05/1982,103.82
07/06/1982,93.5701
14/06/1982,84.3954
21/06/1982,77.2008
28/06/1982,89.2066
05/07/1982,102.86
12/07/1982,81.6412
19/07/1982,178.136
26/07/1982,95.7394
02/08/1982,79.9142
09/08/1982,77.7918
16/08/1982,78.8699
23/08/1982,105.66
30/08/1982,86.941
06/09/1982,81.5204
13/09/1982,76.9297
20/09/1982,66.4967
27/09/1982,106.64
04/10/1982,294.805
11/10/1982,381.777
18/10/1982,599.874
25/10/1982,814.14
01/11/1982,404.437
08/11/1982,508.766
15/11/1982,1683.23
22/11/1982,1342.59
29/11/1982,1469.03
06/12/1982,479.936
13/12/1982,1359.6
20/12/1982,1705.61
27/12/1982,1617.38
03/01/1983,529.413
10/01/1983,2014.43
17/01/1983,1259.53
24/01/1983,505.589
31/01/1983,457.609
07/02/1983,1721.9
14/02/1983,640.976
21/02/1983,312.442
28/02/1983,262.962
07/03/1983,332.427
14/03/1983,208.673
21/03/1983,238.281
28/03/1983,352.203
04/04/1983,371.928
11/04/1983,389.261
18/04/1983,419.727
25/04/1983,415.394
02/05/1983,832.307
09/05/1983,1194.97
16/05/1983,848.235
23/05/1983,1145.84
30/05/1983,515.32
06/06/1983,345.814
13/06/1983,262.269
20/06/1983,177.748
27/06/1983,157.2
04/07/1983,140.94
11/07/1983,125.739
18/07/1983,112.967
25/07/1983,102.856
01/08/1983,92.3495
08/08/1983,82.444
15/08/1983,73.48
22/08/1983,65.9398
29/08/1983,58.9577
05/09/1983,56.441
12/09/1983,60.3333
19/09/1983,180.324
26/09/1983,338.034
03/10/1983,204.734
10/10/1983,348.633
17/10/1983,560.793
24/10/1983,1008.13
31/10/1983,348.262
07/11/1983,221.028
14/11/1983,133.83
21/11/1983,115.848
28/11/1983,359.552
05/12/1983,684.921
12/12/1983,512.15
19/12/1983,1081.6
26/12/1983,2703.41
02/01/1984,878.683
09/01/1984,1312.19
16/01/1984,1430.6
23/01/1984,1786.49
30/01/1984,2344.94
06/02/1984,1722.6
13/02/1984,1808.33
20/02/1984,455.116
27/02/1984,683.454
05/03/1984,449.099
12/03/1984,264.671
19/03/1984,182.2
26/03/1984,215.187
02/04/1984,383.743
09/04/1984,350.533
16/04/1984,202.125
23/04/1984,145.406
30/04/1984,129.848
07/05/1984,116.008
14/05/1984,103.659
21/05/1984,93.722
28/05/1984,99.7925
04/06/1984,115.737
11/06/1984,129.826
18/06/1984,90.9487
25/06/1984,81.3681
02/07/1984,72.6463
09/07/1984,64.8679
16/07/1984,58.8316
23/07/1984,52.3855
30/07/1984,46.8732
06/08/1984,43.1674
13/08/1984,38.8438
20/08/1984,34.5841
27/08/1984,31.2962
03/09/1984,28.1346
10/09/1984,27.1867
17/09/1984,28.4434
24/09/1984,51.7983
01/10/1984,81.6384
08/10/1984,90.1951
15/10/1984,131.104
22/10/1984,224.529
29/10/1984,1219.79
05/11/1984,845.597
12/11/1984,942.752
19/11/1984,954.655
26/11/1984,1693.54
03/12/1984,1266.96
10/12/1984,761.377
17/12/1984,468.452
24/12/1984,880.42
31/12/1984,783.443
07/01/1985,450.6
14/01/1985,301.492
21/01/1985,209.069
28/01/1985,657.948
04/02/1985,939.339
11/02/1985,877.233
18/02/1985,552.156
25/02/1985,282.29
04/03/1985,214.542
11/03/1985,266.511
18/03/1985,192.797
25/03/1985,250.19
01/04/1985,436.357
08/04/1985,678.233
15/04/1985,1378.79
22/04/1985,598.366
29/04/1985,361.885
06/05/1985,206.644
13/05/1985,161.833
20/05/1985,143.333
27/05/1985,144.276
03/06/1985,139.736
10/06/1985,125.809
17/06/1985,122.563
24/06/1985,130.251
01/07/1985,164.528
08/07/1985,110.228
15/07/1985,99.6412
22/07/1985,97.7628
29/07/1985,101.383
05/08/1985,106.485
12/08/1985,321.29
19/08/1985,507.346
26/08/1985,464.315
02/09/1985,389.62
09/09/1985,412.422
16/09/1985,274.37
23/09/1985,182.904
30/09/1985,161.848
07/10/1985,197.285
14/10/1985,477.379
21/10/1985,274.32
28/10/1985,147.624
04/11/1985,127.004
11/11/1985,220.608
18/11/1985,293.531
25/11/1985,245.445
02/12/1985,201.771
09/12/1985,605.125
16/12/1985,626.303
23/12/1985,544.702
30/12/1985,2786.21
06/01/1986,1487.08
13/01/1986,1875.83
20/01/1986,1064.15
27/01/1986,1109.88
03/02/1986,695.316
10/02/1986,563.233
17/02/1986,324.299
24/02/1986,208.655
03/03/1986,163.16
10/03/1986,203.233
17/03/1986,190.258
24/03/1986,240.608
31/03/1986,636.655
07/04/1986,611.516
14/04/1986,596.524
21/04/1986,722.316
28/04/1986,947.302
05/05/1986,431.792
12/05/1986,421.857
19/05/1986,473.202
26/05/1986,465.112
02/06/1986,298.118
09/06/1986,192.529
16/06/1986,376.782
23/06/1986,260.632
30/06/1986,182.668
07/07/1986,165.206
14/07/1986,148.875
21/07/1986,132.767
28/07/1986,119.074
04/08/1986,116.02
11/08/1986,110.889
18/08/1986,111.426
25/08/1986,129.871
01/09/1986,210.094
08/09/1986,133.867
15/09/1986,129.972
22/09/1986,191.229
29/09/1986,107.621
06/10/1986,95.7165
13/10/1986,90.8292
20/10/1986,87.3109
27/10/1986,626.583
03/11/1986,948.155
10/11/1986,490.198
17/11/1986,858.769
24/11/1986,2173.14
01/12/1986,1409.69
08/12/1986,503.036
15/12/1986,1156.43
22/12/1986,1588.25
29/12/1986,619.88
05/01/1987,1384.99
12/01/1987,710.791
19/01/1987,350.658
26/01/1987,276.746
02/02/1987,177.736
09/02/1987,357.741
16/02/1987,472.623
23/02/1987,343.427
02/03/1987,340.375
09/03/1987,527.731
16/03/1987,399.316
23/03/1987,281.068
30/03/1987,877.172
06/04/1987,1366.92
13/04/1987,1437.44
20/04/1987,509.967
27/04/1987,350.513
04/05/1987,203.853
11/05/1987,163.488
18/05/1987,155.063
25/05/1987,138.255
01/06/1987,136.22
08/06/1987,148.53
15/06/1987,145.229
22/06/1987,126.621
29/06/1987,117.379
06/07/1987,105.939
13/07/1987,93.5265
20/07/1987,98.1892
27/07/1987,113.211
03/08/1987,89.8749
10/08/1987,81.7534
17/08/1987,73.6406
24/08/1987,65.9985
31/08/1987,63.4097
07/09/1987,60.3353
14/09/1987,67.5435
21/09/1987,63.054
28/09/1987,62.1619
05/10/1987,75.1051
12/10/1987,850.136
19/10/1987,1494.5
26/10/1987,998.575
02/11/1987,814.676
09/11/1987,457.031
16/11/1987,1158.45
23/11/1987,942.84
30/11/1987,604.793
07/12/1987,417.997
14/12/1987,262.951
21/12/1987,346.601
28/12/1987,345.084
04/01/1988,844.688
11/01/1988,1249.68
18/01/1988,725.165
25/01/1988,756.694
01/02/1988,1791.61
08/02/1988,2104.45
15/02/1988,1600.76
22/02/1988,638.287
29/02/1988,306.743
07/03/1988,242.747
14/03/1988,225.698
21/03/1988,543.37
28/03/1988,1193.82
04/04/1988,612.629
11/04/1988,400.663
18/04/1988,248.485
25/04/1988,242.067
02/05/1988,176.34
09/05/1988,350.041
16/05/1988,209.499
23/05/1988,155.866
30/05/1988,159.73
06/06/1988,213.741
13/06/1988,168.333
20/06/1988,136.526
27/06/1988,124.472
04/07/1988,128.83
11/07/1988,244.617
18/07/1988,337.883
25/07/1988,243.437
01/08/1988,211.96
08/08/1988,142.382
15/08/1988,129.155
22/08/1988,156.28
29/08/1988,166.276
05/09/1988,443.669
12/09/1988,388.489
19/09/1988,220.807
26/09/1988,174.821
03/10/1988,440.704
10/10/1988,805.733
17/10/1988,1175.08
24/10/1988,514.8
31/10/1988,413.727
07/11/1988,227.134
14/11/1988,179.198
21/11/1988,185.427
28/11/1988,167.956
05/12/1988,318.979
12/12/1988,538.218
19/12/1988,303.181
26/12/1988,240.373
02/01/1989,187.157
09/01/1989,248.272
16/01/1989,389.974
23/01/1989,399.189
30/01/1989,332.511
06/02/1989,210.765
13/02/1989,189.754
20/02/1989,464.744
27/02/1989,1252.44
06/03/1989,1662.77
13/03/1989,702.238
20/03/1989,1137.25
27/03/1989,951.256
03/04/1989,480.098
10/04/1989,396.102
17/04/1989,448.687
24/04/1989,533.365
01/05/1989,369.016
08/05/1989,285.797
15/05/1989,177.84
22/05/1989,155.243
29/05/1989,139.393
05/06/1989,125.706
12/06/1989,114.39
19/06/1989,101.519
26/06/1989,90.6488
03/07/1989,81.7039
10/07/1989,80.1669
17/07/1989,71.1469
24/07/1989,63.5291
31/07/1989,56.8461
07/08/1989,50.7928
14/08/1989,46.1212
21/08/1989,44.983
28/08/1989,39.2863
04/09/1989,35.3866
11/09/1989,31.5225
18/09/1989,51.6837
25/09/1989,74.7431
02/10/1989,44.3485
09/10/1989,44.7162
16/10/1989,44.911
23/10/1989,132.692
30/10/1989,450.941
06/11/1989,1368.91
13/11/1989,1268.13
20/11/1989,482.492
27/11/1989,252.906
04/12/1989,120.324
11/12/1989,95.2228
18/12/1989,965.583
25/12/1989,2221.89
01/01/1990,1037.81
08/01/1990,575.104
15/01/1990,597.192
22/01/1990,453.009
29/01/1990,1444.06
05/02/1990,2165.58
12/02/1990,1655.62
19/02/1990,2023.17
26/02/1990,655.108
05/03/1990,982.128
12/03/1990,436.46
19/03/1990,293.677
26/03/1990,269.796
02/04/1990,182.267
09/04/1990,155.455
16/04/1990,150.736
23/04/1990,178.194
30/04/1990,140.715
07/05/1990,122.783
14/05/1990,112.223
21/05/1990,100.856
28/05/1990,89.6965
04/06/1990,80.6555
11/06/1990,73.4187
18/06/1990,65.3965
25/06/1990,63.682
02/07/1990,61.9171
09/07/1990,78.0838
16/07/1990,60.9178
23/07/1990,54.3953
30/07/1990,48.7442
06/08/1990,44.868
13/08/1990,39.5411
20/08/1990,37.0809
27/08/1990,34.6066
03/09/1990,31.8142
10/09/1990,29.438
17/09/1990,25.9268
24/09/1990,27.008
01/10/1990,30.7966
08/10/1990,50.4302
15/10/1990,43.2446
22/10/1990,46.0757
29/10/1990,92.0816
05/11/1990,351.793
12/11/1990,244.766
19/11/1990,400.582
26/11/1990,603.086
03/12/1990,604.407
10/12/1990,318.723
17/12/1990,396.097
24/12/1990,384.704
31/12/1990,1563.29
07/01/1991,2052.64
14/01/1991,1749.33
21/01/1991,634.795
28/01/1991,442.008
04/02/1991,279.576
11/02/1991,226.555
18/02/1991,357.852
25/02/1991,675.047
04/03/1991,654.844
11/03/1991,838.854
18/03/1991,716.643
25/03/1991,815.553
01/04/1991,409.056
08/04/1991,455.153
15/04/1991,465.091
22/04/1991,258.556
29/04/1991,177.388
06/05/1991,250.288
13/05/1991,181.652
20/05/1991,147.787
27/05/1991,131.942
03/06/1991,117.815
10/06/1991,109.195
17/06/1991,113.758
24/06/1991,106.448
01/07/1991,201.925
08/07/1991,143.602
15/07/1991,136.232
22/07/1991,144.908
29/07/1991,133.795
05/08/1991,112.169
12/08/1991,103.373
19/08/1991,91.5932
26/08/1991,84.8564
02/09/1991,75.333
09/09/1991,67.267
16/09/1991,60.0958
23/09/1991,54.1798
30/09/1991,66.2094
07/10/1991,112.173
14/10/1991,531.019
21/10/1991,532.116
28/10/1991,388.839
04/11/1991,698.37
11/11/1991,1184.05
18/11/1991,1119.99
25/11/1991,818.488
02/12/1991,375.158
09/12/1991,190.95
16/12/1991,127.342
23/12/1991,564.827
30/12/1991,661.633
06/01/1992,341.255
13/01/1992,567.62
20/01/1992,383.947
27/01/1992,209.006
03/02/1992,164.344
10/02/1992,149.652
17/02/1992,449.465
24/02/1992,386.724
02/03/1992,267.169
09/03/1992,271.575
16/03/1992,347.146
23/03/1992,349.528
30/03/1992,454.443
06/04/1992,444.243
13/04/1992,417.405
20/04/1992,351.398
27/04/1992,283.458
04/05/1992,375.149
11/05/1992,270.787
18/05/1992,236.078
25/05/1992,160.168
01/06/1992,144.242
08/06/1992,137.637
15/06/1992,122.317
22/06/1992,108.536
29/06/1992,96.8881
06/07/1992,88.7831
13/07/1992,81.2902
20/07/1992,77.9887
27/07/1992,78.6825
03/08/1992,69.7556
10/08/1992,65.7942
17/08/1992,100.833
24/08/1992,125.667
31/08/1992,341.695
07/09/1992,521.9
14/09/1992,467.362
21/09/1992,317.006
28/09/1992,461.935
05/10/1992,410.466
12/10/1992,276.169
19/10/1992,169.192
26/10/1992,515.041
02/11/1992,950.248
09/11/1992,760.285
16/11/1992,1134.31
23/11/1992,915.087
30/11/1992,1631.52
07/12/1992,2649.31
14/12/1992,1034.06
21/12/1992,753.296
28/12/1992,481.183
04/01/1993,257.9
11/01/1993,562.827
18/01/1993,1553.43
25/01/1993,1503.09
01/02/1993,796.415
08/02/1993,386.819
15/02/1993,222.15
22/02/1993,165.52
01/03/1993,217.617
08/03/1993,221.514
15/03/1993,142.24
22/03/1993,130.532
29/03/1993,145.652
05/04/1993,160.864
12/04/1993,373.191
19/04/1993,456.321
26/04/1993,289.195
03/05/1993,245.863
10/05/1993,148.194
17/05/1993,145.546
24/05/1993,211.771
31/05/1993,229.735
07/06/1993,291.155
14/06/1993,249.3
21/06/1993,418.729
28/06/1993,279.987
05/07/1993,159.098
12/07/1993,140.104
19/07/1993,167.454
26/07/1993,169.023
02/08/1993,162.679
09/08/1993,138.297
16/08/1993,131.705
23/08/1993,114.909
30/08/1993,115.008
06/09/1993,96.7236
13/09/1993,159.061
20/09/1993,301.375
27/09/1993,280.69
04/10/1993,306.902
11/10/1993,609.275
18/10/1993,930.246
25/10/1993,381.765
01/11/1993,208.693
08/11/1993,158.372
15/11/1993,315.827
22/11/1993,451.821
29/11/1993,304.225
06/12/1993,399.036
13/12/1993,782.564
20/12/1993,2142.1
27/12/1993,2573.64
03/01/1994,1693.35
10/01/1994,1793.33
17/01/1994,1518.4
24/01/1994,753.673
31/01/1994,882.73
07/02/1994,955.165
14/02/1994,729.693
21/02/1994,554.581
28/02/1994,1316.66
07/03/1994,685.804
14/03/1994,451.462
21/03/1994,481.123
28/03/1994,745.107
04/04/1994,1126.26
11/04/1994,1749.16
18/04/1994,788.01
25/04/1994,364.702
02/05/1994,301.424
09/05/1994,203.245
16/05/1994,187.796
23/05/1994,247.514
30/05/1994,313.931
06/06/1994,228.887
13/06/1994,172.411
20/06/1994,149.131
27/06/1994,141.272
04/07/1994,124.026
11/07/1994,118.611
18/07/1994,104.301
25/07/1994,93.5178
01/08/1994,84.3106
08/08/1994,77.655
15/08/1994,70.5307
22/08/1994,64.3411
29/08/1994,60.5453
05/09/1994,56.7335
12/09/1994,64.8611
19/09/1994,196.733
26/09/1994,264.457
03/10/1994,260.334
10/10/1994,150.479
17/10/1994,93.3443
24/10/1994,173.197
31/10/1994,639.11
07/11/1994,1798.3
14/11/1994,1882.97
21/11/1994,1265.84
28/11/1994,530.144
05/12/1994,325.498
12/12/1994,1413.17
19/12/1994,652.918
26/12/1994,729.222
02/01/1995,2712.75
09/01/1995,1408.57
16/01/1995,527.815
23/01/1995,1228.94
30/01/1995,2576.19
06/02/1995,1925.48
13/02/1995,829.768
20/02/1995,1714.47
27/02/1995,1344.84
06/03/1995,990.828
13/03/1995,775.616
20/03/1995,634.806
27/03/1995,481.055
03/04/1995,328.639
10/04/1995,193.565
17/04/1995,156.089
24/04/1995,165.893
01/05/1995,243.744
08/05/1995,153.432
15/05/1995,135.655
22/05/1995,151.574
29/05/1995,135.884
05/06/1995,137.496
12/06/1995,115.661
19/06/1995,104.184
26/06/1995,93.0951
03/07/1995,83.1024
10/07/1995,74.2045
17/07/1995,66.7645
24/07/1995,59.6479
31/07/1995,53.4558
07/08/1995,47.7345
14/08/1995,42.6186
21/08/1995,38.0553
28/08/1995,34.0037
04/09/1995,30.3838
11/09/1995,28.8302
18/09/1995,45.6758
25/09/1995,60.7867
02/10/1995,77.9512
09/10/1995,140.066
16/10/1995,182.966
23/10/1995,100.023
30/10/1995,249.461
06/11/1995,211.838
13/11/1995,320.818
20/11/1995,829.586
27/11/1995,564.985
04/12/1995,994.282
11/12/1995,483.741
18/12/1995,284.463
25/12/1995,1853.14
01/01/1996,874.874
08/01/1996,770.575
15/01/1996,1621.18
22/01/1996,725.753
29/01/1996,485.196
05/02/1996,381.289
12/02/1996,564.368
19/02/1996,1129.14
26/02/1996,625.955
04/03/1996,507.775
11/03/1996,303.401
18/03/1996,287.699
25/03/1996,485.848
01/04/1996,781.839
08/04/1996,347.951
15/04/1996,258.866
22/04/1996,309.338
29/04/1996,373.412
06/05/1996,297.494
13/05/1996,195.954
20/05/1996,171.076
27/05/1996,408.799
03/06/1996,423.475
10/06/1996,262.945
17/06/1996,163.045
24/06/1996,144.78
01/07/1996,129.188
08/07/1996,121.315
15/07/1996,107.448
22/07/1996,95.9518
29/07/1996,85.8936
05/08/1996,77.7801
12/08/1996,71.6031
19/08/1996,64.9916
26/08/1996,66.2314
02/09/1996,65.0468
09/09/1996,55.7993
16/09/1996,49.8391
23/09/1996,45.0441
30/09/1996,45.592
07/10/1996,60.7968
14/10/1996,53.0519
21/10/1996,116.987
28/10/1996,250.287
04/11/1996,758.784
11/11/1996,1765.94
18/11/1996,558.522
25/11/1996,992.347
02/12/1996,1571.1
09/12/1996,1050.54
16/12/1996,386.305
23/12/1996,330.315
30/12/1996,234.001
06/01/1997,141.295
13/01/1997,130.552
20/01/1997,143.163
27/01/1997,160.341
03/02/1997,120.673
10/02/1997,243.232
17/02/1997,1407.64
24/02/1997,1325.17
03/03/1997,1380.04
10/03/1997,615.447
17/03/1997,405.754
24/03/1997,229.33
31/03/1997,157.262
07/04/1997,134.163
14/04/1997,119.798
21/04/1997,106.971
28/04/1997,108.139
05/05/1997,105.507
12/05/1997,118.839
19/05/1997,171.119
26/05/1997,242.242
02/06/1997,135.342
09/06/1997,113.297
16/06/1997,122.898
23/06/1997,123.895
30/06/1997,1027.46
07/07/1997,672.175
14/07/1997,322.869
21/07/1997,196.222
28/07/1997,134.701
04/08/1997,122.595
11/08/1997,523.159
18/08/1997,355.937
25/08/1997,258.212
01/09/1997,414.199
08/09/1997,590.452
15/09/1997,349.368
22/09/1997,200.269
29/09/1997,139.964
06/10/1997,125.12
13/10/1997,428.73
20/10/1997,713.138
27/10/1997,368.852
03/11/1997,186.721
10/11/1997,256.962
17/11/1997,553.748
24/11/1997,1228.49
01/12/1997,1497.92
08/12/1997,1189.27
15/12/1997,1005.6
22/12/1997,541.242
29/12/1997,1282.08
05/01/1998,1814.16
12/01/1998,2335.85
19/01/1998,978.361
26/01/1998,900.115
02/02/1998,381.089
09/02/1998,232.667
16/02/1998,186.77
23/02/1998,178.693
02/03/1998,202.85
09/03/1998,1311.69
16/03/1998,1031.17
23/03/1998,384.742
30/03/1998,359.348
06/04/1998,428.613
13/04/1998,941.934
20/04/1998,738.527
27/04/1998,750.824
04/05/1998,800.905
11/05/1998,438.957
18/05/1998,366.764
25/05/1998,231.126
01/06/1998,182.572
08/06/1998,272.052
15/06/1998,508.128
22/06/1998,466.578
29/06/1998,341.556
06/07/1998,360.355
13/07/1998,227.24
20/07/1998,324.132
27/07/1998,309.601
03/08/1998,231.383
10/08/1998,194.202
17/08/1998,156.791
24/08/1998,142.999
31/08/1998,134.127
07/09/1998,122.364
14/09/1998,183.495
21/09/1998,198.998
28/09/1998,135.341
05/10/1998,264.241
12/10/1998,251.315
19/10/1998,315.968
26/10/1998,1164.59
02/11/1998,2983.78
09/11/1998,1892.66
16/11/1998,1353.31
23/11/1998,509.449
30/11/1998,473.979
07/12/1998,328.6
14/12/1998,345.912
21/12/1998,583.373
28/12/1998,1377.71
04/01/1999,1570.89
11/01/1999,1416.65
18/01/1999,1278.29
25/01/1999,1876.28
01/02/1999,944.727
08/02/1999,416.667
15/02/1999,409.486
22/02/1999,314.743
01/03/1999,424.996
08/03/1999,1690.75
15/03/1999,657.527
22/03/1999,430.358
29/03/1999,291.749
05/04/1999,259.409
12/04/1999,217.875
19/04/1999,333.418
26/04/1999,825.531
03/05/1999,706.141
10/05/1999,335.451
17/05/1999,304.599
24/05/1999,217.132
31/05/1999,223.842
07/06/1999,487.747
14/06/1999,558.087
21/06/1999,291.925
28/06/1999,183.763
05/07/1999,192.993
12/07/1999,166.233
19/07/1999,142.376
26/07/1999,129.117
02/08/1999,114.556
09/08/1999,110.278
16/08/1999,142.3
23/08/1999,200.257
30/08/1999,280.447
06/09/1999,175.417
13/09/1999,125.111
20/09/1999,208.696
27/09/1999,577.072
04/10/1999,1287.29
11/10/1999,677.905
18/10/1999,306.04
25/10/1999,274.015
01/11/1999,552.768
08/11/1999,635.755
15/11/1999,507.949
22/11/1999,360.006
29/11/1999,337.677
06/12/1999,504.304
13/12/1999,1286.75
20/12/1999,1761.04
27/12/1999,2305.43
03/01/2000,1901.09
10/01/2000,881.952
17/01/2000,502.812
24/01/2000,299.226
31/01/2000,229.665
07/02/2000,395.675
14/02/2000,898.615
21/02/2000,738.57
28/02/2000,610.201
06/03/2000,1570.96
13/03/2000,641.044
20/03/2000,328.825
27/03/2000,245.531
03/04/2000,307.324
10/04/2000,948.444
17/04/2000,529.027
24/04/2000,1290.53
01/05/2000,1651.56
08/05/2000,510.399
15/05/2000,340.905
22/05/2000,244.08
29/05/2000,359.409
05/06/2000,543.314
12/06/2000,362.972
19/06/2000,223.014
26/06/2000,177.048
03/07/2000,155.157
10/07/2000,147.852
17/07/2000,142.734
24/07/2000,122.541
31/07/2000,111.801
07/08/2000,102.691
14/08/2000,92.3353
21/08/2000,128.727
28/08/2000,132.959
04/09/2000,130.19
11/09/2000,134.723
18/09/2000,147.864
25/09/2000,311.318
02/10/2000,660.244
09/10/2000,503.163
16/10/2000,1576.09
23/10/2000,753.232
30/10/2000,784.889
06/11/2000,3277.96
13/11/2000,1977.05
20/11/2000,1232.01
27/11/2000,1545.31
04/12/2000,1399.69
11/12/2000,2334.05
18/12/2000,2103.97
25/12/2000,605.787
01/01/2001,570.094
08/01/2001,1662.36
15/01/2001,578.179
22/01/2001,377.195
29/01/2001,1037.21
05/02/2001,757.444
12/02/2001,1135.7
19/02/2001,1016.42
26/02/2001,399.964
05/03/2001,460.612
12/03/2001,527.289
19/03/2001,1071.85
26/03/2001,1461.2
02/04/2001,878.395
09/04/2001,1052.61
16/04/2001,807.068
23/04/2001,461.539
30/04/2001,535.725
07/05/2001,408.774
14/05/2001,245.638
21/05/2001,208.74
28/05/2001,167.519
04/06/2001,149.82
11/06/2001,135.793
18/06/2001,125.476
25/06/2001,111.984
02/07/2001,101.17
09/07/2001,96.9019
16/07/2001,113.95
23/07/2001,123.197
30/07/2001,95.291
06/08/2001,95.8933
13/08/2001,173.662
20/08/2001,133.055
27/08/2001,117.229
03/09/2001,99.8385
10/09/2001,94.0901
17/09/2001,90.4344
24/09/2001,79.19
01/10/2001,77.6057
08/10/2001,104.004
15/10/2001,192.344
22/10/2001,354.152
29/10/2001,956.806
05/11/2001,580.96
12/11/2001,467.78
19/11/2001,359.191
26/11/2001,227.262
03/12/2001,808.061
10/12/2001,1186.12
17/12/2001,414.991
24/12/2001,247.971
31/12/2001,309.444
07/01/2002,253.093
14/01/2002,159.766
21/01/2002,290.647
28/01/2002,1491.04
04/02/2002,2179.63
11/02/2002,1850.97
18/02/2002,1592.73
25/02/2002,1082.43
04/03/2002,1864.52
11/03/2002,538.366
18/03/2002,506.67
25/03/2002,1016.95
01/04/2002,450.693
08/04/2002,311.716
15/04/2002,180.699
22/04/2002,167.06
29/04/2002,163.778
06/05/2002,348.322
13/05/2002,254.082
20/05/2002,252.501
27/05/2002,532.249
03/06/2002,738.396
10/06/2002,407.424
17/06/2002,350.95
24/06/2002,249.624
01/07/2002,168.864
08/07/2002,210.495
15/07/2002,238.929
22/07/2002,174.076
29/07/2002,143.196
05/08/2002,138.292
12/08/2002,129.797
19/08/2002,116.13
26/08/2002,104.23
02/09/2002,93.7736
09/09/2002,88.4051
16/09/2002,86.9362
23/09/2002,74.0544
30/09/2002,66.1253
07/10/2002,61.355
14/10/2002,57.218
21/10/2002,512.182
28/10/2002,846.349
04/11/2002,739.059
11/11/2002,1158.37
18/11/2002,1794.26
25/11/2002,1223.83
02/12/2002,820.553
09/12/2002,985.923
16/12/2002,527.276
23/12/2002,618.827
30/12/2002,1272.33
06/01/2003,2364.82
13/01/2003,628.501
20/01/2003,381.178
27/01/2003,804.782
03/02/2003,579.589
10/02/2003,663.741
17/02/2003,619.494
24/02/2003,340.233
03/03/2003,304.632
10/03/2003,623.986
17/03/2003,478.753
24/03/2003,258.955
31/03/2003,165.347
07/04/2003,160.033
14/04/2003,137.029
21/04/2003,122.396
28/04/2003,115.94
05/05/2003,163.192
12/05/2003,133.7
19/05/2003,126.801
26/05/2003,139.109
02/06/2003,117.737
09/06/2003,114.315
16/06/2003,113.191
23/06/2003,95.851
30/06/2003,90.85
07/07/2003,82.7321
14/07/2003,72.7041
21/07/2003,67.191
28/07/2003,93.9853
04/08/2003,172.315
11/08/2003,100.297
18/08/2003,76.2593
25/08/2003,68.5113
01/09/2003,64.6182
08/09/2003,57.6818
15/09/2003,54.8055
22/09/2003,47.8881
29/09/2003,44.9779
06/10/2003,39.7795
13/10/2003,38.3905
20/10/2003,34.7819
27/10/2003,35.1004
03/11/2003,65.1508
10/11/2003,119.765
17/11/2003,183.812
24/11/2003,226.316
01/12/2003,360.605
08/12/2003,815.267
15/12/2003,1048.07
22/12/2003,931.545
29/12/2003,570.804
05/01/2004,798.704
12/01/2004,1350.7
19/01/2004,2087.66
26/01/2004,591.015
02/02/2004,748.57
09/02/2004,1883.95
16/02/2004,633.591
23/02/2004,317.752
01/03/2004,196.055
08/03/2004,159.699
15/03/2004,234.145
22/03/2004,697.484
29/03/2004,706.157
05/04/2004,393.586
12/04/2004,385.656
19/04/2004,248.552
26/04/2004,280.036
03/05/2004,342.483
10/05/2004,562.059
17/05/2004,357.619
24/05/2004,193.564
31/05/2004,150.961
07/06/2004,141.94
14/06/2004,124.191
21/06/2004,110.945
28/06/2004,109.121
05/07/2004,106.779
12/07/2004,130.31
19/07/2004,107.797
26/07/2004,99.5725
02/08/2004,89.0945
09/08/2004,79.3229
16/08/2004,79.7262
23/08/2004,104.612
30/08/2004,127.382
06/09/2004,96.8434
13/09/2004,89.1808
20/09/2004,171.639
27/09/2004,151.556
04/10/2004,113.383
11/10/2004,266.522
18/10/2004,263.219
25/10/2004,549.392
01/11/2004,1434.88
08/11/2004,683.496
15/11/2004,381.613
22/11/2004,342.393
29/11/2004,467.974
06/12/2004,302.878
13/12/2004,167.261
20/12/2004,557.209
27/12/2004,1253.44
03/01/2005,817.826
10/01/2005,544.232
17/01/2005,706.04
24/01/2005,704.008
31/01/2005,529.763
07/02/2005,299.789
14/02/2005,411.007
21/02/2005,529.219
28/02/2005,336.925
07/03/2005,317.012
14/03/2005,215.934
21/03/2005,185.447
28/03/2005,249.03
04/04/2005,337.93
11/04/2005,330.823
18/04/2005,255.353
25/04/2005,328.535
02/05/2005,326.715
09/05/2005,213.947
16/05/2005,156.774
23/05/2005,159.16
30/05/2005,221.868
06/06/2005,151.473
13/06/2005,160.878
20/06/2005,152.508
27/06/2005,150.666
04/07/2005,171.485
11/07/2005,141.447
18/07/2005,118.141
25/07/2005,111.479
01/08/2005,112.897
08/08/2005,100.484
15/08/2005,89.8493
22/08/2005,80.396
29/08/2005,78.9851
05/09/2005,68.6653
12/09/2005,63.5914
19/09/2005,59.3879
26/09/2005,53.5839
03/10/2005,60.2507
10/10/2005,53.5906
17/10/2005,84.1576
24/10/2005,214.064
31/10/2005,672.188
07/11/2005,1482.4
14/11/2005,1538.08
21/11/2005,449.922
28/11/2005,305.934
05/12/2005,906.719
12/12/2005,1091.86
19/12/2005,427.523
26/12/2005,319
02/01/2006,431.068
09/01/2006,536.43
16/01/2006,423.612
23/01/2006,467.46
30/01/2006,291.809
06/02/2006,172.928
13/02/2006,191.311
20/02/2006,543.347
27/02/2006,1184.18
06/03/2006,472.464
13/03/2006,535.114
20/03/2006,462.377
27/03/2006,325.422
03/04/2006,764.843
10/04/2006,500.46
17/04/2006,327.432
24/04/2006,225.39
01/05/2006,167.837
08/05/2006,158.269
15/05/2006,163.446
22/05/2006,206.218
29/05/2006,618.155
05/06/2006,418.313
12/06/2006,215.844
19/06/2006,143.763
26/06/2006,128.247
03/07/2006,128.523
10/07/2006,115.244
17/07/2006,103.21
24/07/2006,91.8573
31/07/2006,82.3482
07/08/2006,75.0245
14/08/2006,66.8132
21/08/2006,60.9627
28/08/2006,55.7554
04/09/2006,52.1963
11/09/2006,46.6705
18/09/2006,42.198
25/09/2006,39.0879
02/10/2006,42.3482
09/10/2006,97.6696
16/10/2006,166.551
23/10/2006,407.844
30/10/2006,924.261
06/11/2006,387.466
13/11/2006,278.512
20/11/2006,494.641
27/11/2006,1537.78
04/12/2006,1769.87
11/12/2006,1569.4
18/12/2006,995.697
25/12/2006,451.079
01/01/2007,457.261
08/01/2007,1436.88
15/01/2007,1738.68
22/01/2007,1495.11
29/01/2007,880.757
05/02/2007,347.127
12/02/2007,513.721
19/02/2007,1223.71
26/02/2007,1037.51
05/03/2007,1243.22
12/03/2007,1742.26
19/03/2007,498.188
26/03/2007,405.881
02/04/2007,257.001
09/04/2007,169.721
16/04/2007,148.43
23/04/2007,132.538
30/04/2007,125.119
07/05/2007,109.251
14/05/2007,151.431
21/05/2007,355.113
28/05/2007,207.274
04/06/2007,407.141
11/06/2007,303.844
18/06/2007,169.195
25/06/2007,198.728
02/07/2007,680.868
09/07/2007,953.806
16/07/2007,538.442
23/07/2007,684.799
30/07/2007,1115.01
06/08/2007,630.998
13/08/2007,339.529
20/08/2007,283.823
27/08/2007,307.625
03/09/2007,178.637
10/09/2007,147.801
17/09/2007,131.692
24/09/2007,119.809
01/10/2007,153.48
08/10/2007,168.767
15/10/2007,120.464
22/10/2007,234.283
29/10/2007,152.613
05/11/2007,157.731
12/11/2007,120.329
19/11/2007,126.764
26/11/2007,327.137
03/12/2007,470.425
10/12/2007,2015.5
17/12/2007,1254.7
24/12/2007,364.889
31/12/2007,533.821
07/01/2008,540.617
14/01/2008,1021.31
21/01/2008,2092.25
28/01/2008,1388.47
04/02/2008,476.324
11/02/2008,606.266
18/02/2008,334.33
25/02/2008,187.314
03/03/2008,269.315
10/03/2008,277.629
17/03/2008,1037.36
24/03/2008,876.05
31/03/2008,536.287
07/04/2008,469.6
14/04/2008,326.811
21/04/2008,269.59
28/04/2008,324.184
05/05/2008,315.988
12/05/2008,204.123
19/05/2008,175.011
26/05/2008,159.004
02/06/2008,548.376
09/06/2008,479.773
16/06/2008,279.158
23/06/2008,181.403
30/06/2008,178.281
07/07/2008,186.459
14/07/2008,793.271
21/07/2008,462.942
28/07/2008,250.506
04/08/2008,267.902
11/08/2008,426.855
18/08/2008,995.339
25/08/2008,798.339
01/09/2008,457.777
08/09/2008,1236.91
15/09/2008,1438.27
22/09/2008,464.968
29/09/2008,268.704
06/10/2008,379.893
13/10/2008,631.298
20/10/2008,367.522
27/10/2008,501.232
03/11/2008,894.89
10/11/2008,817.435
17/11/2008,1197.64
24/11/2008,548.09
01/12/2008,411.994
08/12/2008,693.78
15/12/2008,850.027
22/12/2008,649.839
29/12/2008,378.258
05/01/2009,210.595
12/01/2009,168.995
19/01/2009,500.94
26/01/2009,1481.36
02/02/2009,990.849
09/02/2009,596.658
16/02/2009,1233.88
23/02/2009,437.09
02/03/2009,239.783
09/03/2009,394.169
16/03/2009,612.952
23/03/2009,343.168
30/03/2009,214.999
06/04/2009,168.381
13/04/2009,193.4
20/04/2009,152.144
27/04/2009,138.575
04/05/2009,167.373
11/05/2009,132.354
18/05/2009,143.31
25/05/2009,221.539
01/06/2009,145.709
08/06/2009,143.727
15/06/2009,291.507
22/06/2009,185.649
29/06/2009,162.895
06/07/2009,192.921
13/07/2009,288.472
20/07/2009,407.53
27/07/2009,570.187
03/08/2009,967.932
10/08/2009,581.782
17/08/2009,329.991
24/08/2009,199.178
31/08/2009,195.46
07/09/2009,278.162
14/09/2009,258.337
21/09/2009,155.836
28/09/2009,139.59
05/10/2009,125.632
12/10/2009,151.913
19/10/2009,126.882
26/10/2009,213.755
02/11/2009,248.432
09/11/2009,682.488
16/11/2009,923.899
23/11/2009,1164.94
30/11/2009,2256.91
07/12/2009,1663.1
14/12/2009,1096.51
21/12/2009,456.959
28/12/2009,380.534
04/01/2010,654.359
11/01/2010,470.761
18/01/2010,628.196
25/01/2010,870.612
01/02/2010,495.273
08/02/2010,716.044
15/02/2010,481.589
22/02/2010,588.978
01/03/2010,659.732
08/03/2010,430.175
15/03/2010,233.865
22/03/2010,202.359
29/03/2010,363.503
05/04/2010,698.505
12/04/2010,488.915
19/04/2010,267.29
26/04/2010,163.615
03/05/2010,153.522
10/05/2010,141.007
17/05/2010,127.11
24/05/2010,115.226
31/05/2010,103.694
07/06/2010,94.4737
14/06/2010,87.164
21/06/2010,77.9518
28/06/2010,69.1367
05/07/2010,62.0626
12/07/2010,55.4289
19/07/2010,50.7399
26/07/2010,48.3384
02/08/2010,42.5326
09/08/2010,38.6622
16/08/2010,38.2501
23/08/2010,39.2377
30/08/2010,102.048
06/09/2010,72.9125
13/09/2010,113.921
20/09/2010,120.479
27/09/2010,117.575
04/10/2010,228.511
11/10/2010,427.364
18/10/2010,220.566
25/10/2010,154.635
01/11/2010,242.065
08/11/2010,370.21
15/11/2010,1263.3
22/11/2010,1045.56
29/11/2010,580.21
06/12/2010,371.143
13/12/2010,322.287
20/12/2010,248.477
27/12/2010,224.507
03/01/2011,390.289
10/01/2011,556.066
17/01/2011,1881.6
24/01/2011,1030.93
31/01/2011,402.876
07/02/2011,305.167
14/02/2011,373.979
21/02/2011,700.484
28/02/2011,726.143
07/03/2011,484.118
14/03/2011,289.433
21/03/2011,238.536
28/03/2011,180.893
04/04/2011,221.055
11/04/2011,192.419
18/04/2011,151.163
25/04/2011,134.412
02/05/2011,120.193
09/05/2011,114.806
16/05/2011,105.337
23/05/2011,94.2161
30/05/2011,86.6528
06/06/2011,78.8635
13/06/2011,74.819
20/06/2011,84.4817
27/06/2011,92.6708
04/07/2011,76.958
11/07/2011,84.0706
18/07/2011,76.5109
25/07/2011,86.2982
01/08/2011,72.608
08/08/2011,75.3712
15/08/2011,77.5178
22/08/2011,70.9947
29/08/2011,80.7954
05/09/2011,71.5836
12/09/2011,115.655
19/09/2011,102.132
26/09/2011,168.3
03/10/2011,139.034
10/10/2011,137.9
17/10/2011,109.544
24/10/2011,120.238
31/10/2011,403.307
07/11/2011,588.68
14/11/2011,591.343
21/11/2011,496.073
28/11/2011,449.711
05/12/2011,531.454
12/12/2011,1135.79
19/12/2011,1775.74
26/12/2011,798.281
02/01/2012,695.215
09/01/2012,1604.29
16/01/2012,528.951
23/01/2012,370.166
30/01/2012,424.886
06/02/2012,470.076
13/02/2012,461.585
20/02/2012,437.017
27/02/2012,301.787
05/03/2012,204.547
12/03/2012,220.733
19/03/2012,177.616
26/03/2012,173.182
02/04/2012,139.44
09/04/2012,130.175
16/04/2012,169.894
23/04/2012,193.812
30/04/2012,688.799
07/05/2012,2147.23
14/05/2012,866.725
21/05/2012,398.864
28/05/2012,219.66
04/06/2012,149.23
11/06/2012,386.803
18/06/2012,812.006
25/06/2012,1176.51
02/07/2012,877.99
09/07/2012,838.797
16/07/2012,941.544
23/07/2012,585.438
30/07/2012,326.727
06/08/2012,240.608
13/08/2012,227.871
20/08/2012,238.284
27/08/2012,266.084
03/09/2012,375.7
10/09/2012,248.704
17/09/2012,174.181
24/09/2012,155.304
01/10/2012,412.662
08/10/2012,535.82
15/10/2012,1373.48
22/10/2012,982.284
29/10/2012,443.569
05/11/2012,422.669
12/11/2012,505.653
19/11/2012,395.945
26/11/2012,1893.82
03/12/2012,2461.93
10/12/2012,999.647
17/12/2012,539.637
24/12/2012,1694.88
31/12/2012,2432.07
07/01/2013,1138.1
14/01/2013,489.13
21/01/2013,523.268
28/01/2013,774.816
04/02/2013,1960.94
11/02/2013,840.661
18/02/2013,1083.33
25/02/2013,459.099
04/03/2013,267.899
11/03/2013,227.151
18/03/2013,343.985
25/03/2013,973.994
01/04/2013,647.58
08/04/2013,317.098
15/04/2013,283.373
22/04/2013,312.131
29/04/2013,194.334
06/05/2013,164.059
13/05/2013,167.588
20/05/2013,212.108
27/05/2013,150.99
03/06/2013,165.505
10/06/2013,130.648
17/06/2013,121.731
24/06/2013,115.723
01/07/2013,106.67
08/07/2013,94.7125
15/07/2013,84.4383
22/07/2013,75.3973
29/07/2013,67.7244
05/08/2013,62.1505
12/08/2013,60.0935
19/08/2013,54.2488
26/08/2013,48.5214
02/09/2013,43.3535
09/09/2013,39.3659
16/09/2013,37.6943
23/09/2013,44.9612
30/09/2013,39.4823
07/10/2013,118.851
14/10/2013,112.099
21/10/2013,271.602
28/10/2013,1266.02
04/11/2013,1456.48
11/11/2013,1917.45
18/11/2013,870.948
25/11/2013,431.75
02/12/2013,253.877
09/12/2013,146.158
16/12/2013,173.286
23/12/2013,1193.13
30/12/2013,2277.74
06/01/2014,2695.67
13/01/2014,2045.27
20/01/2014,1342.28
27/01/2014,1139.66
03/02/2014,1719.56
10/02/2014,2527.61
17/02/2014,2507.04
24/02/2014,1502.55
03/03/2014,954.73
10/03/2014,773.338
17/03/2014,358.188
24/03/2014,270.979
31/03/2014,359.543
07/04/2014,319.824
14/04/2014,379.648
21/04/2014,210.153
28/04/2014,337.187
05/05/2014,412.291
12/05/2014,376.573
19/05/2014,337.912
26/05/2014,247.641
02/06/2014,224.86
09/06/2014,269.801
16/06/2014,300.194
23/06/2014,178.636
30/06/2014,166.854
07/07/2014,149.314
14/07/2014,134.209
21/07/2014,120.39
28/07/2014,107.461
04/08/2014,97.9543
11/08/2014,119.454
18/08/2014,120.345
25/08/2014,106.156
01/09/2014,191.271
08/09/2014,134.697
15/09/2014,98.6918
22/09/2014,98.7486
29/09/2014,86.3108
06/10/2014,86.0916
13/10/2014,161.296
20/10/2014,421.78
27/10/2014,427.105
03/11/2014,296.793
10/11/2014,497.768
17/11/2014,1768.19
24/11/2014,1215.98
01/12/2014,551.705
08/12/2014,315.505
15/12/2014,743.666
22/12/2014,1034.05
29/12/2014,671.643
05/01/2015,824.51
12/01/2015,1222.98
19/01/2015,1828.59
26/01/2015,693.276
02/02/2015,512.936
09/02/2015,400.673
16/02/2015,276.359
23/02/2015,381.541
02/03/2015,949.061
09/03/2015,813.883
16/03/2015,507.251
23/03/2015,415.249
30/03/2015,307.181
06/04/2015,474.086
13/04/2015,292.103
20/04/2015,181.143
27/04/2015,161.305
04/05/2015,158.143
11/05/2015,264.56
18/05/2015,253.665
25/05/2015,255.108
01/06/2015,171.562
08/06/2015,252.639
15/06/2015,161.831
22/06/2015,137.942
29/06/2015,128.899
06/07/2015,118.181
13/07/2015,114.437
20/07/2015,103.278
27/07/2015,123.554
03/08/2015,201.438
10/08/2015,109.783
17/08/2015,123.397
24/08/2015,124.644
31/08/2015,358.459
07/09/2015,360.998
14/09/2015,198.04
21/09/2015,267.964
28/09/2015,299.017
05/10/2015,185.83
12/10/2015,208.622
19/10/2015,136.736
26/10/2015,144.979
02/11/2015,219.121
09/11/2015,337.781
16/11/2015,518.846
23/11/2015,1039.3
30/11/2015,631.454
07/12/2015,1110.17
14/12/2015,659.157
21/12/2015,734.153
28/12/2015,1101.69
04/01/2016,1718.44
11/01/2016,1899.28
18/01/2016,1158.08
25/01/2016,661.54
01/02/2016,825.76
08/02/2016,1309.52
15/02/2016,2630.14
22/02/2016,765.771
29/02/2016,386.868
07/03/2016,427.97
14/03/2016,701.337
21/03/2016,389.51
28/03/2016,244.337
04/04/2016,680.617
11/04/2016,417.834
18/04/2016,302.996
25/04/2016,206.234
02/05/2016,169.525
09/05/2016,156.383
16/05/2016,150.824
23/05/2016,140.297
30/05/2016,131.869
06/06/2016,116.026
13/06/2016,104.612
20/06/2016,105.655
27/06/2016,108.696
04/07/2016,94.1987
11/07/2016,83.5597
18/07/2016,76.0094
25/07/2016,67.3182
01/08/2016,60.5011
08/08/2016,55.6181
15/08/2016,49.1606
22/08/2016,44.3261
29/08/2016,39.8978
05/09/2016,36.0023
12/09/2016,33.4502
19/09/2016,30.3963
26/09/2016,33.2606
03/10/2016,39.4375
10/10/2016,32.7668
17/10/2016,34.7189
24/10/2016,34.5113
31/10/2016,37.1414
07/11/2016,31.5076
14/11/2016,72.2093
21/11/2016,202.831
28/11/2016,1457.54
05/12/2016,361.475
12/12/2016,213.609
19/12/2016,339.474
26/12/2016,286.115
02/01/2017,240.788
09/01/2017,265.381
16/01/2017,312.562
23/01/2017,259.945
30/01/2017,203.199
06/02/2017,911.091
13/02/2017,683.626
20/02/2017,370.464
27/02/2017,317.363
06/03/2017,493.745
13/03/2017,636.392
20/03/2017,359.728
27/03/2017,514.17
03/04/2017,412.872
10/04/2017,331.028
17/04/2017,185.538
24/04/2017,148.98
01/05/2017,134.772
08/05/2017,155.229
15/05/2017,122.495
22/05/2017,132.193
29/05/2017,108.494
05/06/2017,101.786
12/06/2017,111.786
19/06/2017,90.3731
26/06/2017,80.9892
03/07/2017,75.342
10/07/2017,66.7623
17/07/2017,61.6835
24/07/2017,59.1719
31/07/2017,59.9048
07/08/2017,61.1277
14/08/2017,58.2488
21/08/2017,56.0588
28/08/2017,52.1361
04/09/2017,46.3848
11/09/2017,47.9722
18/09/2017,62.1718
25/09/2017,56.348
02/10/2017,61.6781
09/10/2017,57.7739
16/10/2017,53.805
23/10/2017,81.8304
30/10/2017,140.698
06/11/2017,78.0345
13/11/2017,132.218
20/11/2017,156.685
27/11/2017,163.34
04/12/2017,265.674
11/12/2017,214.483
18/12/2017,1037.69
25/12/2017,456.32
01/01/2018,636.606
08/01/2018,2258.93
15/01/2018,949.4
22/01/2018,1439.19
29/01/2018,1099.34
05/02/2018,567.608
12/02/2018,441.703
19/02/2018,653.445
26/02/2018,395.608
05/03/2018,262.691
12/03/2018,676.081
19/03/2018,1267.9
26/03/2018,664.108
02/04/2018,717.085
09/04/2018,999.398
16/04/2018,849.284
23/04/2018,511.764
30/04/2018,369.399
07/05/2018,321
14/05/2018,199.639
21/05/2018,160.342
28/05/2018,146.224
04/06/2018,155.989
11/06/2018,131.764
18/06/2018,116.33
25/06/2018,104.636
02/07/2018,93.1356
09/07/2018,83.6891
16/07/2018,74.6903
23/07/2018,66.803
30/07/2018,59.8273
06/08/2018,53.7213
13/08/2018,48.2879
20/08/2018,43.8327
27/08/2018,39.5851
03/09/2018,37.3583
10/09/2018,32.584
17/09/2018,29.714
24/09/2018,34.9404
01/10/2018,34.2206
08/10/2018,31.4417
15/10/2018,78.0023
22/10/2018,139.424
29/10/2018,66.768
