Date,Temp
01/01/1968,0
08/01/1968,4.73707
15/01/1968,1.94243
22/01/1968,6.05157
29/01/1968,3.05541
05/02/1968,3.09901
12/02/1968,0.638485
19/02/1968,1.78866
26/02/1968,0.779387
04/03/1968,1.51465
11/03/1968,4.60788
18/03/1968,5.59689
25/03/1968,5.20369
01/04/1968,6.96229
08/04/1968,4.0926
15/04/1968,5.67786
22/04/1968,9.12845
29/04/1968,8.79449
06/05/1968,7.29022
13/05/1968,7.1996
20/05/1968,9.53116
27/05/1968,9.63542
03/06/1968,13.9358
10/06/1968,12.3217
17/06/1968,15.0666
24/06/1968,13.2292
01/07/1968,14.0885
08/07/1968,13.8688
15/07/1968,13.8095
22/07/1968,14.686
29/07/1968,14.7038
05/08/1968,14.6651
12/08/1968,14.9593
19/08/1968,14.2284
26/08/1968,15.8448
02/09/1968,14.788
09/09/1968,13.0224
16/09/1968,14.0111
23/09/1968,12.3606
30/09/1968,12.5903
07/10/1968,12.5949
14/10/1968,12.1674
21/10/1968,10.86
28/10/1968,9.8109
04/11/1968,9.03676
11/11/1968,4.14284
18/11/1968,5.35613
25/11/1968,6.85949
02/12/1968,7.00644
09/12/1968,4.90155
16/12/1968,1.42617
23/12/1968,3.98311
30/12/1968,1.7616
06/01/1969,2.63458
13/01/1969,4.95057
20/01/1969,4.61898
27/01/1969,6.7675
03/02/1969,3.79022
10/02/1969,0.0581698
17/02/1969,0.385276
24/02/1969,0.372298
03/03/1969,2.00744
10/03/1969,2.78489
17/03/1969,4.4289
24/03/1969,4.31688
31/03/1969,3.80171
07/04/1969,5.54839
14/04/1969,8.67289
21/04/1969,6.53474
28/04/1969,8.56444
05/05/1969,8.25166
12/05/1969,9.71118
19/05/1969,10.8639
26/05/1969,10.2598
02/06/1969,11.7255
09/06/1969,11.2413
16/06/1969,15.4092
23/06/1969,12.7004
30/06/1969,13.0464
07/07/1969,14.4861
14/07/1969,14.7994
21/07/1969,16.3668
28/07/1969,16.3271
04/08/1969,14.6171
11/08/1969,16.5004
18/08/1969,14.5339
25/08/1969,14.0242
01/09/1969,14.0007
08/09/1969,13.9479
15/09/1969,13.5078
22/09/1969,12.6225
29/09/1969,12.8587
06/10/1969,11.2088
13/10/1969,13.3186
20/10/1969,12.6373
27/10/1969,11.0765
03/11/1969,8.52573
10/11/1969,6.59233
17/11/1969,4.56405
24/11/1969,4.96823
01/12/1969,1.90817
08/12/1969,3.36789
15/12/1969,4.2577
22/12/1969,1.91883
29/12/1969,3.49177
05/01/1970,0.584258
12/01/1970,2.80759
19/01/1970,5.55516
26/01/1970,5.75752
02/02/1970,3.18197
09/02/1970,3.51496
16/02/1970,0.566979
23/02/1970,3.83088
02/03/1970,1.94425
09/03/1970,1.74678
16/03/1970,2.39966
23/03/1970,5.81645
30/03/1970,3.56628
06/04/1970,5.19951
13/04/1970,4.34357
20/04/1970,8.23115
27/04/1970,8.895
04/05/1970,8.46626
11/05/1970,11.3924
18/05/1970,11.5201
25/05/1970,11.2091
01/06/1970,13.3975
08/06/1970,14.797
15/06/1970,16.6916
22/06/1970,13.8829
29/06/1970,13.9987
06/07/1970,12.9482
13/07/1970,14.9101
20/07/1970,14.305
27/07/1970,14.1265
03/08/1970,15.406
10/08/1970,16.2196
17/08/1970,14.6394
24/08/1970,12.6501
31/08/1970,14.7344
07/09/1970,13.8375
14/09/1970,13.3205
21/09/1970,12.6976
28/09/1970,13.6093
05/10/1970,12.521
12/10/1970,8.62291
19/10/1970,11.2543
26/10/1970,8.13572
02/11/1970,10.2618
09/11/1970,8.08158
16/11/1970,7.16234
23/11/1970,6.18346
30/11/1970,8.83886
07/12/1970,6.67838
14/12/1970,3.69514
21/12/1970,4.40811
28/12/1970,0.399743
04/01/1971,0.310828
11/01/1971,5.2783
18/01/1971,4.64255
25/01/1971,4.61736
01/02/1971,3.92105
08/02/1971,3.0801
15/02/1971,4.41947
22/02/1971,3.7106
01/03/1971,3.03338
08/03/1971,1.27356
15/03/1971,4.61548
22/03/1971,4.9195
29/03/1971,5.6844
05/04/1971,6.15419
12/04/1971,6.90001
19/04/1971,6.99511
26/04/1971,9.74615
03/05/1971,7.28936
10/05/1971,10.4808
17/05/1971,12.0286
24/05/1971,10.8499
31/05/1971,9.80233
07/06/1971,11.9808
14/06/1971,10.793
21/06/1971,11.6639
28/06/1971,13.5148
05/07/1971,15.6446
12/07/1971,17.6643
19/07/1971,14.9188
26/07/1971,14.9434
02/08/1971,15.368
09/08/1971,14.8475
16/08/1971,15.1676
23/08/1971,14.8556
30/08/1971,15.7845
06/09/1971,14.3817
13/09/1971,14.6249
20/09/1971,13.2636
27/09/1971,13.5878
04/10/1971,13.0106
11/10/1971,11.5338
18/10/1971,9.88487
25/10/1971,11.9167
01/11/1971,8.13197
08/11/1971,7.99267
15/11/1971,4.34662
22/11/1971,5.25819
29/11/1971,5.03873
06/12/1971,4.34962
13/12/1971,6.02778
20/12/1971,6.97132
27/12/1971,6.5921
03/01/1972,2.66268
10/01/1972,2.89575
17/01/1972,5.04125
24/01/1972,3.69977
31/01/1972,2.50978
07/02/1972,2.71447
14/02/1972,3.81134
21/02/1972,3.38129
28/02/1972,3.87438
06/03/1972,4.43361
13/03/1972,4.61979
20/03/1972,8.16854
27/03/1972,7.88158
03/04/1972,7.48527
10/04/1972,7.47157
17/04/1972,7.0112
24/04/1972,7.47606
01/05/1972,7.28713
08/05/1972,8.95088
15/05/1972,8.0648
22/05/1972,8.94814
29/05/1972,9.80668
05/06/1972,9.47391
12/06/1972,9.52882
19/06/1972,10.9498
26/06/1972,11.3509
03/07/1972,11.4146
10/07/1972,13.2676
17/07/1972,14.5941
24/07/1972,16.1724
31/07/1972,14.9717
07/08/1972,14.1089
14/08/1972,13.7013
21/08/1972,14.1786
28/08/1972,14.2007
04/09/1972,13.4983
11/09/1972,11.23
18/09/1972,10.3539
25/09/1972,10.8973
02/10/1972,9.49195
09/10/1972,10.0775
16/10/1972,9.75445
23/10/1972,7.85725
30/10/1972,9.89422
06/11/1972,8.53536
13/11/1972,7.07098
20/11/1972,3.70989
27/11/1972,4.39854
04/12/1972,5.81843
11/12/1972,5.28749
18/12/1972,7.09774
25/12/1972,3.78933
01/01/1973,4.76363
08/01/1973,4.41451
15/01/1973,2.5215
22/01/1973,2.3947
29/01/1973,5.88076
05/02/1973,4.70414
12/02/1973,5.1534
19/02/1973,1.47681
26/02/1973,4.75595
05/03/1973,3.72911
12/03/1973,5.34973
19/03/1973,4.18018
26/03/1973,7.16629
02/04/1973,5.2949
09/04/1973,5.87436
16/04/1973,6.28978
23/04/1973,6.83313
30/04/1973,7.84572
07/05/1973,8.54583
14/05/1973,8.68565
21/05/1973,10.3321
28/05/1973,12.6667
04/06/1973,11.4326
11/06/1973,13.8387
18/06/1973,13.6989
25/06/1973,14.57
02/07/1973,14.1674
09/07/1973,14.6357
16/07/1973,14.1283
23/07/1973,13.8119
30/07/1973,13.8721
06/08/1973,16.2202
13/08/1973,15.1929
20/08/1973,17.9338
27/08/1973,16.4334
03/09/1973,14.4939
10/09/1973,16.4807
17/09/1973,14.1418
24/09/1973,11.194
01/10/1973,10.1277
08/10/1973,10.7863
15/10/1973,8.51522
22/10/1973,8.03021
29/10/1973,8.34961
05/11/1973,8.52037
12/11/1973,7.07503
19/11/1973,5.98754
26/11/1973,6.19989
03/12/1973,2.67596
10/12/1973,5.39007
17/12/1973,4.91178
24/12/1973,4.50071
31/12/1973,5.45958
07/01/1974,4.28674
14/01/1974,5.53175
21/01/1974,5.97874
28/01/1974,5.33711
04/02/1974,4.5063
11/02/1974,4.89438
18/02/1974,4.90429
25/02/1974,4.47672
04/03/1974,2.95359
11/03/1974,2.7043
18/03/1974,5.17714
25/03/1974,6.07764
01/04/1974,7.47352
08/04/1974,7.95446
15/04/1974,7.73545
22/04/1974,6.19703
29/04/1974,6.29555
06/05/1974,7.69676
13/05/1974,8.57313
20/05/1974,10.8822
27/05/1974,10.1543
03/06/1974,11.773
10/06/1974,11.1873
17/06/1974,13.8027
24/06/1974,13.8847
01/07/1974,12.7875
08/07/1974,12.9368
15/07/1974,13.6508
22/07/1974,13.9774
29/07/1974,14.0607
05/08/1974,14.1392
12/08/1974,14.0984
19/08/1974,14.2595
26/08/1974,14.1488
02/09/1974,12.3685
09/09/1974,11.6441
16/09/1974,11.843
23/09/1974,9.48581
30/09/1974,8.07202
07/10/1974,7.70484
14/10/1974,7.10764
21/10/1974,7.80691
28/10/1974,7.36701
04/11/1974,6.012
11/11/1974,6.91218
18/11/1974,6.011
25/11/1974,5.99575
02/12/1974,6.29719
09/12/1974,7.83305
16/12/1974,5.93118
23/12/1974,6.7092
30/12/1974,7.71314
06/01/1975,5.46291
13/01/1975,6.88526
20/01/1975,4.91321
27/01/1975,4.41203
03/02/1975,5.60614
10/02/1975,3.41618
17/02/1975,5.08905
24/02/1975,4.70096
03/03/1975,5.05503
10/03/1975,5.29026
17/03/1975,3.02471
24/03/1975,2.9843
31/03/1975,3.58575
07/04/1975,4.02826
14/04/1975,6.39724
21/04/1975,9.08467
28/04/1975,11.6033
05/05/1975,8.63001
12/05/1975,9.20603
19/05/1975,9.04755
26/05/1975,10.8653
02/06/1975,11.2274
09/06/1975,12.6867
16/06/1975,16.0245
23/06/1975,14.1629
30/06/1975,15.3485
07/07/1975,16.2571
14/07/1975,16.0344
21/07/1975,16.6519
28/07/1975,15.8823
04/08/1975,18.6516
11/08/1975,18.439
18/08/1975,16.3327
25/08/1975,14.7235
01/09/1975,15.6167
08/09/1975,13.5073
15/09/1975,11.7692
22/09/1975,11.534
29/09/1975,11.1144
06/10/1975,10.3364
13/10/1975,9.3335
20/10/1975,7.86608
27/10/1975,9.47681
03/11/1975,9.53989
10/11/1975,7.06895
17/11/1975,5.89537
24/11/1975,5.60584
01/12/1975,4.78173
08/12/1975,4.76334
15/12/1975,2.99832
22/12/1975,3.29676
29/12/1975,5.6425
05/01/1976,5.95217
12/01/1976,6.70767
19/01/1976,4.7924
26/01/1976,3.30808
02/02/1976,0.743599
09/02/1976,1.02562
16/02/1976,4.36685
23/02/1976,2.89467
01/03/1976,6.45467
08/03/1976,3.93589
15/03/1976,2.8536
22/03/1976,4.7791
29/03/1976,4.7647
05/04/1976,6.58649
12/04/1976,7.34619
19/04/1976,7.36414
26/04/1976,8.4557
03/05/1976,6.82579
10/05/1976,11.9093
17/05/1976,9.65751
24/05/1976,10.1011
31/05/1976,11.8646
07/06/1976,12.9087
14/06/1976,15.194
21/06/1976,15.8528
28/06/1976,18.4765
05/07/1976,21.3326
12/07/1976,17.6495
19/07/1976,15.6511
26/07/1976,14.7073
02/08/1976,15.8388
09/08/1976,15.7456
16/08/1976,18.2223
23/08/1976,17.4419
30/08/1976,17.0758
06/09/1976,12.3939
13/09/1976,12.184
20/09/1976,11.6003
27/09/1976,13.2949
04/10/1976,12.5045
11/10/1976,10.4305
18/10/1976,9.00728
25/10/1976,8.10088
01/11/1976,7.33623
08/11/1976,6.15746
15/11/1976,5.1515
22/11/1976,5.49476
29/11/1976,5.31181
06/12/1976,2.49467
13/12/1976,2.78828
20/12/1976,1.31125
27/12/1976,2.70106
03/01/1977,0.316621
10/01/1977,2.98312
17/01/1977,1.13891
24/01/1977,3.54373
31/01/1977,4.57097
07/02/1977,4.6522
14/02/1977,5.9653
21/02/1977,5.18535
28/02/1977,5.17689
07/03/1977,6.98901
14/03/1977,6.5729
21/03/1977,5.96295
28/03/1977,4.86215
04/04/1977,4.56683
11/04/1977,4.59317
18/04/1977,7.18603
25/04/1977,7.25723
02/05/1977,7.26978
09/05/1977,7.51154
16/05/1977,9.25579
23/05/1977,10.2907
30/05/1977,12.3911
06/06/1977,11.2349
13/06/1977,9.84676
20/06/1977,10.8897
27/06/1977,13.0526
04/07/1977,13.6593
11/07/1977,16.8986
18/07/1977,13.342
25/07/1977,14.724
01/08/1977,14.0359
08/08/1977,14.8597
15/08/1977,14.9934
22/08/1977,14.0966
29/08/1977,13.0984
05/09/1977,12.6035
12/09/1977,12.7232
19/09/1977,11.4869
26/09/1977,10.764
03/10/1977,11.5733
10/10/1977,10.7498
17/10/1977,10.9884
24/10/1977,12.6227
31/10/1977,9.71966
07/11/1977,7.83478
14/11/1977,7.95768
21/11/1977,3.67079
28/11/1977,3.51312
05/12/1977,2.79275
12/12/1977,6.24386
19/12/1977,6.08643
26/12/1977,6.44146
02/01/1978,4.18078
09/01/1978,4.14913
16/01/1978,2.53373
23/01/1978,2.00634
30/01/1978,2.75666
06/02/1978,2.64683
13/02/1978,0.0856032
20/02/1978,0.176567
27/02/1978,4.45537
06/03/1978,5.58462
13/03/1978,6.35792
20/03/1978,4.76379
27/03/1978,5.28126
03/04/1978,6.08846
10/04/1978,4.88445
17/04/1978,4.0639
24/04/1978,7.69491
01/05/1978,6.68668
08/05/1978,8.63985
15/05/1978,10.5864
22/05/1978,10.8807
29/05/1978,12.9764
05/06/1978,15.3161
12/06/1978,12.5568
19/06/1978,11.3616
26/06/1978,11.8339
03/07/1978,12.8332
10/07/1978,11.8964
17/07/1978,14.5014
24/07/1978,14.0644
31/07/1978,14.4506
07/08/1978,14.1138
14/08/1978,13.7463
21/08/1978,14.2788
28/08/1978,13.9991
04/09/1978,13.1615
11/09/1978,13.7977
18/09/1978,13.3036
25/09/1978,12.5181
02/10/1978,11.9141
09/10/1978,11.156
16/10/1978,13.5162
23/10/1978,10.1564
30/10/1978,10.7844
06/11/1978,10.349
13/11/1978,9.70523
20/11/1978,7.47443
27/11/1978,6.61178
04/12/1978,2.81337
11/12/1978,5.27165
18/12/1978,5.71253
25/12/1978,-0.536694
01/01/1979,3.84572
08/01/1979,-1.80309
15/01/1979,1.32461
22/01/1979,1.18298
29/01/1979,-1.21003
05/02/1979,0.456317
12/02/1979,0.422553
19/02/1979,-0.751323
26/02/1979,2.76545
05/03/1979,3.67712
12/03/1979,4.16621
19/03/1979,2.06669
26/03/1979,3.24973
02/04/1979,4.93533
09/04/1979,4.25529
16/04/1979,8.82745
23/04/1979,7.26021
30/04/1979,7.51086
07/05/1979,5.77976
14/05/1979,9.31011
21/05/1979,10.3853
28/05/1979,8.49635
04/06/1979,11.0742
11/06/1979,12.1251
18/06/1979,12.0803
25/06/1979,13.6943
02/07/1979,12.3825
09/07/1979,14.6223
16/07/1979,14.9007
23/07/1979,13.8471
30/07/1979,16.1841
06/08/1979,14.0993
13/08/1979,14.4316
20/08/1979,12.992
27/08/1979,12.3889
03/09/1979,13.5445
10/09/1979,13.5075
17/09/1979,11.7239
24/09/1979,11.1933
01/10/1979,11.7347
08/10/1979,11.49
15/10/1979,12.0014
22/10/1979,10.2622
29/10/1979,8.01909
05/11/1979,7.98393
12/11/1979,6.36166
19/11/1979,4.69606
26/11/1979,6.21388
03/12/1979,8.91391
10/12/1979,7.96229
17/12/1979,5.36554
24/12/1979,1.57989
31/12/1979,3.17976
07/01/1980,1.8077
14/01/1980,0.844797
21/01/1980,0.284271
28/01/1980,3.04325
04/02/1980,5.07661
11/02/1980,6.18683
18/02/1980,6.19919
25/02/1980,4.74619
03/03/1980,4.19342
10/03/1980,3.85119
17/03/1980,3.89371
24/03/1980,1.99657
31/03/1980,5.5087
07/04/1980,7.52172
14/04/1980,7.50997
21/04/1980,9.62244
28/04/1980,8.18435
05/05/1980,8.5485
12/05/1980,8.35663
19/05/1980,12.7229
26/05/1980,11.6154
02/06/1980,10.2478
09/06/1980,13.0567
16/06/1980,12.5433
23/06/1980,11.3573
30/06/1980,11.6823
07/07/1980,11.7191
14/07/1980,12.6094
21/07/1980,13.1716
28/07/1980,14.7393
04/08/1980,15.4637
11/08/1980,14.7238
18/08/1980,15.2884
25/08/1980,13.2688
01/09/1980,14.5867
08/09/1980,14.3752
15/09/1980,13.1455
22/09/1980,13.3985
29/09/1980,11.2777
06/10/1980,9.92603
13/10/1980,7.72003
20/10/1980,6.55284
27/10/1980,7.7127
03/11/1980,7.81648
10/11/1980,3.22062
17/11/1980,5.98004
24/11/1980,8.53757
01/12/1980,4.03302
08/12/1980,3.17632
15/12/1980,6.2207
22/12/1980,4.90848
29/12/1980,5.05184
05/01/1981,5.47408
12/01/1981,3.61218
19/01/1981,3.31935
26/01/1981,6.18417
02/02/1981,4.39578
09/02/1981,4.93242
16/02/1981,1.57413
23/02/1981,1.35273
02/03/1981,3.37104
09/03/1981,5.62737
16/03/1981,8.38818
23/03/1981,6.26365
30/03/1981,8.95994
06/04/1981,7.05503
13/04/1981,8.69077
20/04/1981,7.06745
27/04/1981,5.20542
04/05/1981,7.37299
11/05/1981,9.52232
18/05/1981,9.76925
25/05/1981,10.7316
01/06/1981,11.2428
08/06/1981,11.8522
15/06/1981,13.1002
22/06/1981,12.3636
29/06/1981,12.9523
06/07/1981,12.9713
13/07/1981,14.6991
20/07/1981,14.3568
27/07/1981,14.1808
03/08/1981,15.7034
10/08/1981,15.4312
17/08/1981,15.8965
24/08/1981,14.7163
31/08/1981,17.3216
07/09/1981,14.6113
14/09/1981,13.7707
21/09/1981,13.0866
28/09/1981,11.297
05/10/1981,9.30619
12/10/1981,9.06474
19/10/1981,5.79532
26/10/1981,7.0813
02/11/1981,7.28927
09/11/1981,7.57058
16/11/1981,5.81884
23/11/1981,7.66667
30/11/1981,5.11737
07/12/1981,3.97174
14/12/1981,-0.079939
21/12/1981,0.695238
28/12/1981,0.66613
04/01/1982,3.5465
11/01/1982,1.19184
18/01/1982,0.248081
25/01/1982,5.78128
01/02/1982,5.80373
08/02/1982,5.50044
15/02/1982,5.34076
22/02/1982,2.3165
01/03/1982,4.45318
08/03/1982,5.42678
15/03/1982,5.32431
22/03/1982,4.62793
29/03/1982,7.63144
05/04/1982,5.81007
12/04/1982,7.79806
19/04/1982,7.42546
26/04/1982,8.22911
03/05/1982,9.97041
10/05/1982,6.76807
17/05/1982,12.5775
24/05/1982,12.0721
31/05/1982,13.0706
07/06/1982,16.5676
14/06/1982,14.2661
21/06/1982,12.9887
28/06/1982,14.263
05/07/1982,13.3966
12/07/1982,15.6193
19/07/1982,14.6788
26/07/1982,15.9752
02/08/1982,15.6646
09/08/1982,16.409
16/08/1982,14.759
23/08/1982,13.3138
30/08/1982,13.0087
06/09/1982,14.0828
13/09/1982,14.723
20/09/1982,15.2586
27/09/1982,10.9158
04/10/1982,10.5948
11/10/1982,9.33032
18/10/1982,8.97954
25/10/1982,8.92557
01/11/1982,9.44206
08/11/1982,9.88619
15/11/1982,7.50824
22/11/1982,6.19027
29/11/1982,4.51539
06/12/1982,3.35232
13/12/1982,3.9714
20/12/1982,3.91165
27/12/1982,4.89419
03/01/1983,5.15643
10/01/1983,5.89848
17/01/1983,6.40837
24/01/1983,3.2403
31/01/1983,5.10512
07/02/1983,2.12437
14/02/1983,-0.0973191
21/02/1983,0.34015
28/02/1983,3.48365
07/03/1983,6.03977
14/03/1983,5.63791
21/03/1983,6.77156
28/03/1983,4.64117
04/04/1983,4.47916
11/04/1983,4.9264
18/04/1983,6.38542
25/04/1983,5.92389
02/05/1983,7.82323
09/05/1983,9.04799
16/05/1983,7.93236
23/05/1983,9.13764
30/05/1983,10.4319
06/06/1983,11.881
13/06/1983,13.759
20/06/1983,12.009
27/06/1983,15.6451
04/07/1983,15.6088
11/07/1983,18.8972
18/07/1983,21.6728
25/07/1983,17.2845
01/08/1983,18.9252
08/08/1983,15.7807
15/08/1983,17.6155
22/08/1983,17.5786
29/08/1983,17.0143
05/09/1983,13.4773
12/09/1983,12.4143
19/09/1983,12.6119
26/09/1983,12.5774
03/10/1983,13.3545
10/10/1983,11.7242
17/10/1983,9.03941
24/10/1983,8.73834
31/10/1983,7.31833
07/11/1983,8.54253
14/11/1983,8.09303
21/11/1983,4.22251
28/11/1983,5.05401
05/12/1983,5.66605
12/12/1983,4.31832
19/12/1983,4.69557
26/12/1983,6.83309
02/01/1984,6.11507
09/01/1984,3.70291
16/01/1984,4.13132
23/01/1984,2.13368
30/01/1984,3.03252
06/02/1984,4.2101
13/02/1984,4.30301
20/02/1984,2.01822
27/02/1984,2.24493
05/03/1984,3.04915
12/03/1984,4.50262
19/03/1984,2.33399
26/03/1984,3.27893
02/04/1984,4.55588
09/04/1984,5.39567
16/04/1984,7.62469
23/04/1984,9.74345
30/04/1984,10.218
07/05/1984,9.35919
14/05/1984,8.08491
21/05/1984,9.27575
28/05/1984,10.4525
04/06/1984,11.0847
11/06/1984,14.0472
18/06/1984,14.6231
25/06/1984,15.2095
02/07/1984,14.4265
09/07/1984,15.5918
16/07/1984,15.4362
23/07/1984,16.3664
30/07/1984,16.7939
06/08/1984,15.6911
13/08/1984,16.0531
20/08/1984,16.8371
27/08/1984,17.1333
03/09/1984,16.5892
10/09/1984,13.0043
17/09/1984,13.6165
24/09/1984,11.0307
01/10/1984,11.6259
08/10/1984,9.31872
15/10/1984,11.215
22/10/1984,10.6932
29/10/1984,8.90711
05/11/1984,8.86498
12/11/1984,7.46445
19/11/1984,5.23633
26/11/1984,7.19032
03/12/1984,6.59163
10/12/1984,5.99135
17/12/1984,4.00379
24/12/1984,4.84789
31/12/1984,2.17827
07/01/1985,0.322857
14/01/1985,-0.514062
21/01/1985,-1.17784
28/01/1985,2.56845
04/02/1985,4.89371
11/02/1985,2.55925
18/02/1985,-1.91659
25/02/1985,3.35365
04/03/1985,6.00566
11/03/1985,4.52663
18/03/1985,3.72031
25/03/1985,3.11731
01/04/1985,5.75656
08/04/1985,8.58772
15/04/1985,6.41414
22/04/1985,8.35034
29/04/1985,6.30288
06/05/1985,8.72278
13/05/1985,9.09449
20/05/1985,11.442
27/05/1985,11.8979
03/06/1985,11.2347
10/06/1985,12.1434
17/06/1985,11.1469
24/06/1985,12.405
01/07/1985,13.4786
08/07/1985,15.2373
15/07/1985,15.3636
22/07/1985,13.1088
29/07/1985,15.0139
05/08/1985,13.8748
12/08/1985,13.1275
19/08/1985,13.6441
26/08/1985,13.0255
02/09/1985,13.8018
09/09/1985,11.933
16/09/1985,14.1549
23/09/1985,14.0597
30/09/1985,14.2802
07/10/1985,13.2209
14/10/1985,10.704
21/10/1985,8.97476
28/10/1985,7.07379
04/11/1985,5.17937
11/11/1985,6.24697
18/11/1985,3.21462
25/11/1985,3.05587
02/12/1985,4.29325
09/12/1985,8.43903
16/12/1985,6.16807
23/12/1985,6.18777
30/12/1985,2.42025
06/01/1986,2.28753
13/01/1986,3.92747
20/01/1986,4.50545
27/01/1986,2.39118
03/02/1986,0.0175726
10/02/1986,-2.05311
17/02/1986,-2.44477
24/02/1986,-1.56684
03/03/1986,-1.31977
10/03/1986,4.41335
17/03/1986,4.81579
24/03/1986,5.13409
31/03/1986,4.12259
07/04/1986,3.71116
14/04/1986,3.36284
21/04/1986,5.58354
28/04/1986,6.75226
05/05/1986,7.87318
12/05/1986,9.65123
19/05/1986,9.07626
26/05/1986,10.9115
02/06/1986,10.5211
09/06/1986,11.4689
16/06/1986,13.4904
23/06/1986,14.3698
30/06/1986,16.5422
07/07/1986,14.8512
14/07/1986,14.1989
21/07/1986,15.2271
28/07/1986,13.7949
04/08/1986,13.2771
11/08/1986,12.7046
18/08/1986,13.6588
25/08/1986,11.8713
01/09/1986,10.9579
08/09/1986,10.8587
15/09/1986,10.1994
22/09/1986,10.0035
29/09/1986,10.8134
06/10/1986,12.2172
13/10/1986,11.245
20/10/1986,9.68921
27/10/1986,7.8515
03/11/1986,8.47472
10/11/1986,6.79764
17/11/1986,7.8406
24/11/1986,6.44044
01/12/1986,6.13974
08/12/1986,7.44891
15/12/1986,4.59394
22/12/1986,4.77754
29/12/1986,3.37997
05/01/1987,3.58546
12/01/1987,0.68167
19/01/1987,-3.72289
26/01/1987,3.13921
02/02/1987,0.922305
09/02/1987,5.03153
16/02/1987,3.19756
23/02/1987,0.566746
02/03/1987,4.14111
09/03/1987,2.80401
16/03/1987,2.34086
23/03/1987,3.48324
30/03/1987,6.41719
06/04/1987,6.54406
13/04/1987,7.947
20/04/1987,10.9634
27/04/1987,10.1419
04/05/1987,10.4622
11/05/1987,9.23675
18/05/1987,8.7684
25/05/1987,9.70937
01/06/1987,11.6082
08/06/1987,11.6351
15/06/1987,10.0111
22/06/1987,12.1422
29/06/1987,15.1293
06/07/1987,15.1045
13/07/1987,15.5364
20/07/1987,14.5436
27/07/1987,13.8844
03/08/1987,15.4884
10/08/1987,13.9761
17/08/1987,15.0088
24/08/1987,17.3882
31/08/1987,14.085
07/09/1987,14.8016
14/09/1987,13.5005
21/09/1987,13.2298
28/09/1987,11.2332
05/10/1987,9.84047
12/10/1987,9.73697
19/10/1987,8.58177
26/10/1987,8.08402
02/11/1987,7.86028
09/11/1987,6.96732
16/11/1987,5.85133
23/11/1987,7.13008
30/11/1987,2.72651
07/12/1987,3.56727
14/12/1987,1.6801
21/12/1987,7.37815
28/12/1987,6.83849
04/01/1988,7.67676
11/01/1988,5.40531
18/01/1988,4.09037
25/01/1988,4.74395
01/02/1988,4.14842
08/02/1988,4.17264
15/02/1988,3.91445
22/02/1988,4.52841
29/02/1988,3.68005
07/03/1988,3.26074
14/03/1988,6.64897
21/03/1988,6.82895
28/03/1988,7.08405
04/04/1988,6.32578
11/04/1988,6.60909
18/04/1988,7.80958
25/04/1988,9.60412
02/05/1988,8.37297
09/05/1988,10.7318
16/05/1988,11.6821
23/05/1988,10.2545
30/05/1988,10.1258
06/06/1988,11.7531
13/06/1988,12.6807
20/06/1988,14.8123
27/06/1988,15.1773
04/07/1988,13.5126
11/07/1988,13.3769
18/07/1988,12.9116
25/07/1988,14.3628
01/08/1988,13.4517
08/08/1988,14.2701
15/08/1988,14.1769
22/08/1988,13.6377
29/08/1988,13.776
05/09/1988,12.0593
12/09/1988,13.9435
19/09/1988,11.4298
26/09/1988,11.323
03/10/1988,10.5771
10/10/1988,10.008
17/10/1988,9.84364
24/10/1988,10.2128
31/10/1988,9.6329
07/11/1988,4.99095
14/11/1988,6.91829
21/11/1988,6.43387
28/11/1988,2.29956
05/12/1988,6.16251
12/12/1988,6.92897
19/12/1988,6.71568
26/12/1988,7.84585
02/01/1989,6.929
09/01/1989,5.85448
16/01/1989,5.60045
23/01/1989,4.57389
30/01/1989,5.9689
06/02/1989,5.24931
13/02/1989,6.25719
20/02/1989,6.14789
27/02/1989,3.94106
06/03/1989,5.93156
13/03/1989,6.53702
20/03/1989,5.99081
27/03/1989,5.72469
03/04/1989,8.18877
10/04/1989,4.46117
17/04/1989,5.91893
24/04/1989,7.30925
01/05/1989,6.15841
08/05/1989,12.2381
15/05/1989,10.783
22/05/1989,13.3329
29/05/1989,13.8498
05/06/1989,10.7355
12/06/1989,11.7424
19/06/1989,16.323
26/06/1989,15.9128
03/07/1989,13.9768
10/07/1989,17.5299
17/07/1989,16.8614
24/07/1989,18.6924
31/07/1989,17.1289
07/08/1989,15.6613
14/08/1989,16.496
21/08/1989,15.0422
28/08/1989,14.8449
04/09/1989,13.2822
11/09/1989,13.6143
18/09/1989,13.7915
25/09/1989,13.6914
02/10/1989,11.8634
09/10/1989,11.0212
16/10/1989,11.1615
23/10/1989,10.8294
30/10/1989,10.2055
06/11/1989,8.80324
13/11/1989,7.64331
20/11/1989,6.61498
27/11/1989,3.78166
04/12/1989,1.79721
11/12/1989,3.39418
18/12/1989,5.60735
25/12/1989,6.36887
01/01/1990,4.5503
08/01/1990,6.08932
15/01/1990,6.318
22/01/1990,6.36118
29/01/1990,5.91626
05/02/1990,5.19211
12/02/1990,7.64782
19/02/1990,4.95319
26/02/1990,8.12064
05/03/1990,5.77191
12/03/1990,7.68448
19/03/1990,8.7077
26/03/1990,6.91111
02/04/1990,6.83207
09/04/1990,4.83777
16/04/1990,7.15455
23/04/1990,8.47491
30/04/1990,9.51137
07/05/1990,14.9757
14/05/1990,9.95528
21/05/1990,11.8924
28/05/1990,11.2203
04/06/1990,12.7194
11/06/1990,11.8133
18/06/1990,12.5929
25/06/1990,12.3343
02/07/1990,14.5078
09/07/1990,14.0185
16/07/1990,16.719
23/07/1990,18.7001
30/07/1990,16.8835
06/08/1990,18.6708
13/08/1990,15.8153
20/08/1990,15.2609
27/08/1990,16.7422
03/09/1990,15.1294
10/09/1990,12.6411
17/09/1990,12.716
24/09/1990,11.5864
01/10/1990,11.0528
08/10/1990,11.8334
15/10/1990,11.6923
22/10/1990,11.2278
29/10/1990,8.72815
05/11/1990,7.13317
12/11/1990,5.84529
19/11/1990,9.05911
26/11/1990,3.47341
03/12/1990,3.44529
10/12/1990,2.83011
17/12/1990,2.67714
24/12/1990,4.34691
31/12/1990,5.10755
07/01/1991,4.14085
14/01/1991,3.06606
21/01/1991,2.07518
28/01/1991,-0.0576921
04/02/1991,-0.766941
11/02/1991,-2.67996
18/02/1991,1.66722
25/02/1991,5.15608
04/03/1991,5.59211
11/03/1991,7.72541
18/03/1991,8.05596
25/03/1991,6.80363
01/04/1991,6.45549
08/04/1991,6.35428
15/04/1991,8.50508
22/04/1991,5.54724
29/04/1991,6.54273
06/05/1991,7.82524
13/05/1991,10.0216
20/05/1991,10.5791
27/05/1991,12.8927
03/06/1991,10.6937
10/06/1991,10.1653
17/06/1991,11.372
24/06/1991,12.4528
01/07/1991,13.7009
08/07/1991,15.5229
15/07/1991,15.0801
22/07/1991,14.6903
29/07/1991,15.2956
05/08/1991,16.1138
12/08/1991,15.8475
19/08/1991,15.3752
26/08/1991,15.6072
02/09/1991,16.6445
09/09/1991,15.6545
16/09/1991,14.7211
23/09/1991,13.1698
30/09/1991,11.5125
07/10/1991,10.0353
14/10/1991,10.2292
21/10/1991,8.17104
28/10/1991,7.02014
04/11/1991,7.8362
11/11/1991,5.6161
18/11/1991,5.12991
25/11/1991,4.52292
02/12/1991,6.72019
09/12/1991,3.94501
16/12/1991,2.09886
23/12/1991,7.23322
30/12/1991,5.49991
06/01/1992,5.97106
13/01/1992,3.37459
20/01/1992,2.42688
27/01/1992,1.35858
03/02/1992,2.20834
10/02/1992,4.95918
17/02/1992,5.79274
24/02/1992,4.07881
02/03/1992,5.83689
09/03/1992,6.9162
16/03/1992,6.55214
23/03/1992,7.51729
30/03/1992,5.64905
06/04/1992,4.87898
13/04/1992,8.34054
20/04/1992,8.02192
27/04/1992,9.00453
04/05/1992,8.82096
11/05/1992,10.4231
18/05/1992,13.0688
25/05/1992,15.0067
01/06/1992,14.7856
08/06/1992,12.9154
15/06/1992,14.9448
22/06/1992,14.3844
29/06/1992,15.2588
06/07/1992,15.7837
13/07/1992,15.2904
20/07/1992,16.7253
27/07/1992,14.8848
03/08/1992,15.4037
10/08/1992,15.4179
17/08/1992,14.2559
24/08/1992,13.6429
31/08/1992,13.3631
07/09/1992,12.1345
14/09/1992,11.7725
21/09/1992,13.171
28/09/1992,11.6129
05/10/1992,10.8772
12/10/1992,8.29909
19/10/1992,6.0668
26/10/1992,6.79734
02/11/1992,6.03005
09/11/1992,8.67565
16/11/1992,6.43031
23/11/1992,6.88459
30/11/1992,6.88333
07/12/1992,5.91135
14/12/1992,4.79186
21/12/1992,3.91907
28/12/1992,1.81429
04/01/1993,1.67005
11/01/1993,6.49846
18/01/1993,6.28221
25/01/1993,5.77763
01/02/1993,5.74738
08/02/1993,4.22948
15/02/1993,4.41208
22/02/1993,4.69999
01/03/1993,3.26823
08/03/1993,3.63649
15/03/1993,6.91799
22/03/1993,7.32295
29/03/1993,5.64602
05/04/1993,6.69709
12/04/1993,8.75583
19/04/1993,8.73838
26/04/1993,9.42372
03/05/1993,10.5197
10/05/1993,8.48916
17/05/1993,10.799
24/05/1993,11.3716
31/05/1993,12.8859
07/06/1993,13.4935
14/06/1993,14.1718
21/06/1993,14.1273
28/06/1993,13.2344
05/07/1993,15.9954
12/07/1993,12.879
19/07/1993,14.4635
26/07/1993,14.1925
02/08/1993,14.6324
09/08/1993,14.6129
16/08/1993,13.4956
23/08/1993,14.8152
30/08/1993,12.1618
06/09/1993,13.1004
13/09/1993,12.3757
20/09/1993,10.86
27/09/1993,11.0015
04/10/1993,9.1365
11/10/1993,8.95692
18/10/1993,6.62337
25/10/1993,5.57755
01/11/1993,6.75306
08/11/1993,6.30208
15/11/1993,5.45217
22/11/1993,3.36802
29/11/1993,2.57566
06/12/1993,6.03314
13/12/1993,5.68258
20/12/1993,5.47467
27/12/1993,2.90235
03/01/1994,4.68186
10/01/1994,3.47657
17/01/1994,5.51782
24/01/1994,4.48474
31/01/1994,5.70517
07/02/1994,4.00326
14/02/1994,2.97267
21/02/1994,2.19141
28/02/1994,4.14882
07/03/1994,6.39041
14/03/1994,6.93042
21/03/1994,6.31212
28/03/1994,6.66461
04/04/1994,6.44223
11/04/1994,5.47451
18/04/1994,6.71618
25/04/1994,8.45861
02/05/1994,11.3902
09/05/1994,9.02664
16/05/1994,10.7484
23/05/1994,9.24627
30/05/1994,9.78128
06/06/1994,11.523
13/06/1994,12.2729
20/06/1994,13.9801
27/06/1994,14.5853
04/07/1994,15.6728
11/07/1994,15.1439
18/07/1994,16.383
25/07/1994,17.206
01/08/1994,15.6718
08/08/1994,16.3802
15/08/1994,14.6247
22/08/1994,14.3102
29/08/1994,14.4052
05/09/1994,13.0243
12/09/1994,11.7691
19/09/1994,11.0721
26/09/1994,11.6235
03/10/1994,11.7384
10/10/1994,8.83544
17/10/1994,10.4445
24/10/1994,10.0207
31/10/1994,8.99565
07/11/1994,9.49383
14/11/1994,10.1081
21/11/1994,10.218
28/11/1994,9.34128
05/12/1994,8.30122
12/12/1994,6.30558
19/12/1994,6.84811
26/12/1994,2.96663
02/01/1995,5.99167
09/01/1995,4.31784
16/01/1995,5.06304
23/01/1995,4.83914
30/01/1995,5.46952
06/02/1995,6.03592
13/02/1995,6.43485
20/02/1995,5.69153
27/02/1995,4.33593
06/03/1995,3.65819
13/03/1995,4.75381
20/03/1995,5.34631
27/03/1995,6.99189
03/04/1995,7.01549
10/04/1995,8.31639
17/04/1995,8.61717
24/04/1995,7.09143
01/05/1995,8.79743
08/05/1995,12.8845
15/05/1995,8.31809
22/05/1995,8.66548
29/05/1995,12.3195
05/06/1995,11.3797
12/06/1995,11.7206
19/06/1995,13.1895
26/06/1995,14.8689
03/07/1995,17.8205
10/07/1995,16.4078
17/07/1995,17.2746
24/07/1995,17.7635
31/07/1995,18.3136
07/08/1995,20.6977
14/08/1995,18.2784
21/08/1995,19.0672
28/08/1995,17.1442
04/09/1995,14.7793
11/09/1995,13.6132
18/09/1995,12.4138
25/09/1995,13.0107
02/10/1995,12.0583
09/10/1995,13.1135
16/10/1995,13.3518
23/10/1995,10.968
30/10/1995,10.1204
06/11/1995,7.60329
13/11/1995,8.42316
20/11/1995,6.03095
27/11/1995,6.27666
04/12/1995,6.68047
11/12/1995,1.63347
18/12/1995,1.15374
25/12/1995,4.12158
01/01/1996,0.161488
08/01/1996,5.68098
15/01/1996,5.39811
22/01/1996,4.06974
29/01/1996,-0.896607
05/02/1996,-0.332438
12/02/1996,2.05793
19/02/1996,3.55153
26/02/1996,2.17328
04/03/1996,3.2733
11/03/1996,4.37301
18/03/1996,2.82477
25/03/1996,5.67599
01/04/1996,4.16029
08/04/1996,5.3402
15/04/1996,8.07435
22/04/1996,9.11034
29/04/1996,8.50136
06/05/1996,6.55084
13/05/1996,7.17992
20/05/1996,7.86387
27/05/1996,10.4939
03/06/1996,12.3756
10/06/1996,13.2861
17/06/1996,13.6899
24/06/1996,13.1062
01/07/1996,13.7484
08/07/1996,13.195
15/07/1996,15.8842
22/07/1996,16.3121
29/07/1996,16.309
05/08/1996,15.6129
12/08/1996,15.538
19/08/1996,16.4444
26/08/1996,15.2353
02/09/1996,13.1724
09/09/1996,13.5402
16/09/1996,12.3934
23/09/1996,11.7533
30/09/1996,12.5632
07/10/1996,10.4896
14/10/1996,11.4625
21/10/1996,10.4509
28/10/1996,11.4614
04/11/1996,9.70931
11/11/1996,6.63679
18/11/1996,4.58142
25/11/1996,3.10455
02/12/1996,4.28793
09/12/1996,3.90679
16/12/1996,1.11623
23/12/1996,2.42701
30/12/1996,-0.845431
06/01/1997,-1.3537
13/01/1997,0.451975
20/01/1997,4.15149
27/01/1997,3.3968
03/02/1997,3.10232
10/02/1997,5.36102
17/02/1997,5.67844
24/02/1997,6.91287
03/03/1997,7.26934
10/03/1997,6.66481
17/03/1997,8.5868
24/03/1997,7.16834
31/03/1997,7.67329
07/04/1997,7.84205
14/04/1997,8.54244
21/04/1997,7.96596
28/04/1997,8.4036
05/05/1997,12.031
12/05/1997,8.37022
19/05/1997,11.5174
26/05/1997,11.1449
02/06/1997,13.7997
09/06/1997,13.686
16/06/1997,13.5088
23/06/1997,12.4109
30/06/1997,12.6276
07/07/1997,13.2193
14/07/1997,16.459
21/07/1997,15.8792
28/07/1997,16.7612
04/08/1997,16.314
11/08/1997,18.2704
18/08/1997,18.1986
25/08/1997,18.4898
01/09/1997,14.8863
08/09/1997,13.7248
15/09/1997,12.8424
22/09/1997,14.0244
29/09/1997,12.9863
06/10/1997,14.0509
13/10/1997,11.4841
20/10/1997,10.5921
27/10/1997,7.67422
03/11/1997,6.38699
10/11/1997,8.44636
17/11/1997,7.97614
24/11/1997,7.42634
01/12/1997,7.94111
08/12/1997,3.23645
15/12/1997,7.68066
22/12/1997,4.12452
29/12/1997,6.89393
05/01/1998,5.89833
12/01/1998,6.2156
19/01/1998,5.2375
26/01/1998,2.28219
02/02/1998,2.17331
09/02/1998,4.85122
16/02/1998,8.52264
23/02/1998,7.20428
02/03/1998,5.75372
09/03/1998,7.56355
16/03/1998,6.22376
23/03/1998,7.51975
30/03/1998,7.78913
06/04/1998,7.38508
13/04/1998,5.5812
20/04/1998,5.44899
27/04/1998,9.80264
04/05/1998,10.3967
11/05/1998,11.404
18/05/1998,14.3865
25/05/1998,13.565
01/06/1998,11.6686
08/06/1998,13.1317
15/06/1998,12.6433
22/06/1998,14.443
29/06/1998,14.0967
06/07/1998,13.7682
13/07/1998,14.6802
20/07/1998,14.2133
27/07/1998,14.6123
03/08/1998,15.3547
10/08/1998,15.7254
17/08/1998,15.614
24/08/1998,14.7359
31/08/1998,14.0152
07/09/1998,14.5506
14/09/1998,13.5712
21/09/1998,13.4074
28/09/1998,13.3883
05/10/1998,11.3025
12/10/1998,9.74425
19/10/1998,10.2425
26/10/1998,10.1361
02/11/1998,8.59492
09/11/1998,6.66654
16/11/1998,6.66798
23/11/1998,3.46149
30/11/1998,6.67154
07/12/1998,2.95536
14/12/1998,6.9256
21/12/1998,6.68031
28/12/1998,5.15826
04/01/1999,5.27873
11/01/1999,5.36897
18/01/1999,4.40025
25/01/1999,5.45736
01/02/1999,4.94635
08/02/1999,5.72578
15/02/1999,2.35541
22/02/1999,6.21873
01/03/1999,5.00241
08/03/1999,5.92921
15/03/1999,5.1342
22/03/1999,7.88849
29/03/1999,7.41506
05/04/1999,9.25077
12/04/1999,9.62128
19/04/1999,5.81668
26/04/1999,9.12214
03/05/1999,11.5824
10/05/1999,12.1243
17/05/1999,12.0197
24/05/1999,11.0776
31/05/1999,12.3676
07/06/1999,12.3395
14/06/1999,11.6253
21/06/1999,13.7823
28/06/1999,14.5645
05/07/1999,14.8974
12/07/1999,17.1778
19/07/1999,15.5085
26/07/1999,16.24
02/08/1999,16.9098
09/08/1999,17.0991
16/08/1999,15.4262
23/08/1999,14.1943
30/08/1999,16.0107
06/09/1999,15.623
13/09/1999,14.8529
20/09/1999,12.8378
27/09/1999,13.1968
04/10/1999,11.6444
11/10/1999,10.3178
18/10/1999,9.87368
25/10/1999,8.78706
01/11/1999,10.1653
08/11/1999,8.13958
15/11/1999,7.38263
22/11/1999,4.84125
29/11/1999,7.78432
06/12/1999,5.66757
13/12/1999,5.72794
20/12/1999,3.13148
27/12/1999,4.75361
03/01/2000,4.41422
10/01/2000,4.84702
17/01/2000,3.00012
24/01/2000,4.3731
31/01/2000,3.42501
07/02/2000,6.72426
14/02/2000,5.64648
21/02/2000,4.83469
28/02/2000,5.92431
06/03/2000,5.336
13/03/2000,8.12306
20/03/2000,6.57836
27/03/2000,6.27507
03/04/2000,5.16809
10/04/2000,5.38767
17/04/2000,5.82596
24/04/2000,8.78897
01/05/2000,10.3114
08/05/2000,11.1226
15/05/2000,13.0793
22/05/2000,10.8529
29/05/2000,9.94421
05/06/2000,12.5841
12/06/2000,12.8055
19/06/2000,15.6327
26/06/2000,13.9316
03/07/2000,14.4942
10/07/2000,14.8743
17/07/2000,13.3621
24/07/2000,16.0333
31/07/2000,15.7194
07/08/2000,16.1234
14/08/2000,16.5507
21/08/2000,14.9356
28/08/2000,15.8485
04/09/2000,14.2259
11/09/2000,14.4053
18/09/2000,14.4686
25/09/2000,12.3819
02/10/2000,11.7124
09/10/2000,10.3422
16/10/2000,9.34108
23/10/2000,8.62304
30/10/2000,9.07756
06/11/2000,6.1081
13/11/2000,5.79201
20/11/2000,5.81356
27/11/2000,6.01793
04/12/2000,8.61968
11/12/2000,7.83204
18/12/2000,4.56335
25/12/2000,5.43602
01/01/2001,0.562933
08/01/2001,4.12843
15/01/2001,2.529
22/01/2001,1.62411
29/01/2001,4.56174
05/02/2001,5.14466
12/02/2001,5.53016
19/02/2001,3.57292
26/02/2001,4.28815
05/03/2001,1.2804
12/03/2001,6.61324
19/03/2001,4.77587
26/03/2001,5.22148
02/04/2001,6.76488
09/04/2001,7.16691
16/04/2001,7.73977
23/04/2001,5.6169
30/04/2001,8.39513
07/05/2001,8.49691
14/05/2001,12.5977
21/05/2001,10.7309
28/05/2001,13.1137
04/06/2001,12.5352
11/06/2001,11.1575
18/06/2001,13.5041
25/06/2001,14.5795
02/07/2001,16.6002
09/07/2001,16.3386
16/07/2001,13.9171
23/07/2001,13.9661
30/07/2001,16.659
06/08/2001,16.3846
13/08/2001,15.472
20/08/2001,16.3572
27/08/2001,16.477
03/09/2001,14.0548
10/09/2001,13.3684
17/09/2001,12.3962
24/09/2001,12.3695
01/10/2001,13.1486
08/10/2001,13.234
15/10/2001,12.9623
22/10/2001,12.1614
29/10/2001,10.5616
05/11/2001,8.72136
12/11/2001,6.67928
19/11/2001,6.25721
26/11/2001,7.34789
03/12/2001,5.87784
10/12/2001,4.92807
17/12/2001,1.97602
24/12/2001,1.504
31/12/2001,3.07099
07/01/2002,2.9457
14/01/2002,4.6086
21/01/2002,6.5774
28/01/2002,7.5734
04/02/2002,7.89672
11/02/2002,6.77858
18/02/2002,5.29357
25/02/2002,5.67131
04/03/2002,4.85029
11/03/2002,7.31139
18/03/2002,6.54285
25/03/2002,8.68147
01/04/2002,7.39606
08/04/2002,8.43844
15/04/2002,7.15726
22/04/2002,8.50298
29/04/2002,9.74231
06/05/2002,9.00389
13/05/2002,10.2337
20/05/2002,12.4198
27/05/2002,11.1733
03/06/2002,12.1354
10/06/2002,12.2499
17/06/2002,12.6395
24/06/2002,13.3515
01/07/2002,12.4946
08/07/2002,13.668
15/07/2002,13.5027
22/07/2002,15.7727
29/07/2002,15.6516
05/08/2002,15.9275
12/08/2002,15.6022
19/08/2002,16.1098
26/08/2002,15.3128
02/09/2002,15.221
09/09/2002,13.9601
16/09/2002,13.7749
23/09/2002,13.0618
30/09/2002,12.2129
07/10/2002,11.8217
14/10/2002,10.3806
21/10/2002,8.06736
28/10/2002,9.72028
04/11/2002,9.92491
11/11/2002,9.39425
18/11/2002,7.81602
25/11/2002,6.91581
02/12/2002,6.28234
09/12/2002,4.72897
16/12/2002,2.90232
23/12/2002,4.54201
30/12/2002,6.57679
06/01/2003,4.68467
13/01/2003,0.449936
20/01/2003,5.36583
27/01/2003,5.77632
03/02/2003,3.14646
10/02/2003,3.85994
17/02/2003,2.87936
24/02/2003,3.42898
03/03/2003,6.84479
10/03/2003,6.88227
17/03/2003,6.98288
24/03/2003,7.13274
31/03/2003,8.80106
07/04/2003,9.20868
14/04/2003,6.19442
21/04/2003,12.1496
28/04/2003,10.1564
05/05/2003,10.0427
12/05/2003,9.82685
19/05/2003,10.3827
26/05/2003,11.4683
02/06/2003,14.4355
09/06/2003,13.8217
16/06/2003,14.5659
23/06/2003,15.6253
30/06/2003,15.2571
07/07/2003,15.7613
14/07/2003,16.3802
21/07/2003,17.5238
28/07/2003,16.336
04/08/2003,15.9654
11/08/2003,20.7237
18/08/2003,17.7614
25/08/2003,16.7058
01/09/2003,14.6893
08/09/2003,14.3754
15/09/2003,14.4948
22/09/2003,15.4998
29/09/2003,11.7957
06/10/2003,11.0014
13/10/2003,10.5403
20/10/2003,8.60257
27/10/2003,5.60385
03/11/2003,7.0408
10/11/2003,8.93643
17/11/2003,7.64367
24/11/2003,7.36289
01/12/2003,5.56026
08/12/2003,5.03752
15/12/2003,6.10808
22/12/2003,4.4447
29/12/2003,5.81519
05/01/2004,3.35359
12/01/2004,6.7482
19/01/2004,3.97264
26/01/2004,6.558
02/02/2004,3.92243
09/02/2004,7.60405
16/02/2004,4.29104
23/02/2004,2.95603
01/03/2004,1.0531
08/03/2004,5.07048
15/03/2004,4.05808
22/03/2004,8.94482
29/03/2004,5.59214
05/04/2004,8.95813
12/04/2004,7.0037
19/04/2004,9.09328
26/04/2004,9.31122
03/05/2004,10.376
10/05/2004,9.69286
17/05/2004,12.9422
24/05/2004,12.5816
31/05/2004,13.9452
07/06/2004,15.1014
14/06/2004,15.4114
21/06/2004,14.8707
28/06/2004,12.9146
05/07/2004,14.1631
12/07/2004,13.4573
19/07/2004,15.6168
26/07/2004,15.8935
02/08/2004,17.2026
09/08/2004,17.6159
16/08/2004,16.6786
23/08/2004,15.437
30/08/2004,15.6477
06/09/2004,14.8739
13/09/2004,15.645
20/09/2004,12.9275
27/09/2004,12.0745
04/10/2004,12.2465
11/10/2004,9.67971
18/10/2004,8.92612
25/10/2004,10.2266
01/11/2004,9.45949
08/11/2004,8.49314
15/11/2004,7.27296
22/11/2004,6.51425
29/11/2004,7.79288
06/12/2004,4.68014
13/12/2004,5.62614
20/12/2004,5.72926
27/12/2004,4.71266
03/01/2005,5.90021
10/01/2005,6.51433
17/01/2005,5.9176
24/01/2005,5.07037
31/01/2005,3.77652
07/02/2005,4.94208
14/02/2005,5.19896
21/02/2005,2.40099
28/02/2005,1.10678
07/03/2005,2.46835
14/03/2005,5.34075
21/03/2005,8.87624
28/03/2005,9.7152
04/04/2005,8.02187
11/04/2005,7.18896
18/04/2005,7.78467
25/04/2005,9.3746
02/05/2005,10.6257
09/05/2005,10.636
16/05/2005,9.19112
23/05/2005,10.5008
30/05/2005,12.8682
06/06/2005,12.8197
13/06/2005,13.7344
20/06/2005,15.929
27/06/2005,15.9526
04/07/2005,16.8985
11/07/2005,15.3203
18/07/2005,18.041
25/07/2005,15.9276
01/08/2005,14.988
08/08/2005,15.2365
15/08/2005,15.433
22/08/2005,16.1977
29/08/2005,14.9335
05/09/2005,16.3089
12/09/2005,15.6942
19/09/2005,13.1923
26/09/2005,13.1483
03/10/2005,12.3363
10/10/2005,11.5409
17/10/2005,13.2827
24/10/2005,11.5068
31/10/2005,12.777
07/11/2005,9.16587
14/11/2005,7.40195
21/11/2005,4.1413
28/11/2005,3.20224
05/12/2005,4.53502
12/12/2005,4.76377
19/12/2005,4.10449
26/12/2005,5.00204
02/01/2006,2.48975
09/01/2006,3.46144
16/01/2006,4.13482
23/01/2006,5.16588
30/01/2006,1.28603
06/02/2006,1.36213
13/02/2006,3.16284
20/02/2006,4.1055
27/02/2006,2.37895
06/03/2006,1.31406
13/03/2006,5.0324
20/03/2006,4.28884
27/03/2006,5.51934
03/04/2006,8.71575
10/04/2006,6.21779
17/04/2006,8.18966
24/04/2006,10.0088
01/05/2006,10.4194
08/05/2006,11.0442
15/05/2006,12.368
22/05/2006,11.6878
29/05/2006,12.0881
05/06/2006,12.8073
12/06/2006,16.4011
19/06/2006,15.3163
26/06/2006,14.863
03/07/2006,16.0861
10/07/2006,18.2719
17/07/2006,16.7461
24/07/2006,19.6496
31/07/2006,17.666
07/08/2006,16.914
14/08/2006,15.6738
21/08/2006,15.5049
28/08/2006,15.3484
04/09/2006,16.0304
11/09/2006,16.4404
18/09/2006,15.6239
25/09/2006,15.2048
02/10/2006,14.0218
09/10/2006,12.2363
16/10/2006,12.8218
23/10/2006,11.6897
30/10/2006,10.2355
06/11/2006,7.08941
13/11/2006,7.48082
20/11/2006,8.11541
27/11/2006,7.39024
04/12/2006,8.34293
11/12/2006,6.03479
18/12/2006,6.77907
25/12/2006,3.54647
01/01/2007,6.49844
08/01/2007,6.96152
15/01/2007,6.36849
22/01/2007,7.17444
29/01/2007,2.26778
05/02/2007,6.0395
12/02/2007,3.34589
19/02/2007,6.2313
26/02/2007,7.22474
05/03/2007,7.00558
12/03/2007,6.61607
19/03/2007,7.13179
26/03/2007,5.49147
02/04/2007,8.15227
09/04/2007,9.28377
16/04/2007,12.1079
23/04/2007,11.496
30/04/2007,12.1174
07/05/2007,11.8257
14/05/2007,11.1995
21/05/2007,11.2312
28/05/2007,12.4547
04/06/2007,12.149
11/06/2007,15.2667
18/06/2007,14.25
25/06/2007,14.3709
02/07/2007,13.2873
09/07/2007,13.7796
16/07/2007,14.5022
23/07/2007,14.3686
30/07/2007,14.5299
06/08/2007,15.1357
13/08/2007,14.5604
20/08/2007,14.3761
27/08/2007,15.7073
03/09/2007,13.9242
10/09/2007,14.5859
17/09/2007,13.1057
24/09/2007,12.8942
01/10/2007,11.2165
08/10/2007,11.3334
15/10/2007,11.9061
22/10/2007,9.70119
29/10/2007,9.03107
05/11/2007,9.28028
12/11/2007,7.98128
19/11/2007,5.24335
26/11/2007,5.46994
03/12/2007,7.03921
10/12/2007,6.66585
17/12/2007,3.23
24/12/2007,1.97802
31/12/2007,5.92439
07/01/2008,4.59332
14/01/2008,5.77729
21/01/2008,7.18162
28/01/2008,6.50027
04/02/2008,4.11272
11/02/2008,5.87697
18/02/2008,4.30438
25/02/2008,5.38675
03/03/2008,6.28674
10/03/2008,4.68645
17/03/2008,6.23679
24/03/2008,4.81693
31/03/2008,5.21968
07/04/2008,7.66812
14/04/2008,5.81552
21/04/2008,6.57598
28/04/2008,11.543
05/05/2008,10.3317
12/05/2008,14.5987
19/05/2008,12.2519
26/05/2008,11.3973
02/06/2008,13.0664
09/06/2008,12.8643
16/06/2008,13.5181
23/06/2008,12.9995
30/06/2008,13.9866
07/07/2008,14.1719
14/07/2008,14.0148
21/07/2008,15.3113
28/07/2008,16.3347
04/08/2008,16.0103
11/08/2008,15.4644
18/08/2008,14.0368
25/08/2008,14.5102
01/09/2008,15.7839
08/09/2008,12.9839
15/09/2008,13.2286
22/09/2008,11.8225
29/09/2008,11.9496
06/10/2008,10.2274
13/10/2008,11.2296
20/10/2008,9.25208
27/10/2008,8.89214
03/11/2008,4.75939
10/11/2008,8.10721
17/11/2008,7.01812
24/11/2008,6.9646
01/12/2008,3.42435
08/12/2008,3.34656
15/12/2008,3.07663
22/12/2008,3.92932
29/12/2008,2.74026
05/01/2009,0.0269101
12/01/2009,0.151771
19/01/2009,5.03321
26/01/2009,2.40409
02/02/2009,3.25075
09/02/2009,0.583837
16/02/2009,3.50875
23/02/2009,5.50693
02/03/2009,6.24752
09/03/2009,4.79153
16/03/2009,6.79429
23/03/2009,7.5326
30/03/2009,6.25665
06/04/2009,7.85251
13/04/2009,8.33463
20/04/2009,8.70226
27/04/2009,9.76028
04/05/2009,8.97535
11/05/2009,9.9266
18/05/2009,10.4353
25/05/2009,11.7488
01/06/2009,13.0221
08/06/2009,13.4791
15/06/2009,13.1273
22/06/2009,14.299
29/06/2009,16.1318
06/07/2009,17.506
13/07/2009,14.55
20/07/2009,13.8658
27/07/2009,14.4374
03/08/2009,14.2365
10/08/2009,15.0977
17/08/2009,15.7752
24/08/2009,15.1635
31/08/2009,14.1049
07/09/2009,13.0494
14/09/2009,13.9141
21/09/2009,12.8846
28/09/2009,12.4088
05/10/2009,11.9843
12/10/2009,10.9785
19/10/2009,10.0518
26/10/2009,10.4554
02/11/2009,11.8009
09/11/2009,7.86519
16/11/2009,7.55476
23/11/2009,8.5372
30/11/2009,6.30538
07/12/2009,4.03328
14/12/2009,4.35038
21/12/2009,0.729182
28/12/2009,0.534677
04/01/2010,0.742138
11/01/2010,-1.51415
18/01/2010,2.16003
25/01/2010,4.00033
01/02/2010,0.986015
08/02/2010,3.82736
15/02/2010,1.31705
22/02/2010,1.91686
01/03/2010,3.20093
08/03/2010,3.51174
15/03/2010,4.00614
22/03/2010,6.9829
29/03/2010,7.53357
05/04/2010,5.84616
12/04/2010,8.68855
19/04/2010,8.16051
26/04/2010,7.87893
03/05/2010,9.7385
10/05/2010,8.66507
17/05/2010,8.74752
24/05/2010,13.8153
31/05/2010,12.862
07/06/2010,13.7768
14/06/2010,13.8216
21/06/2010,13.7945
28/06/2010,15.7011
05/07/2010,16.2667
12/07/2010,16.2152
19/07/2010,15.6058
26/07/2010,15.6028
02/08/2010,15.9987
09/08/2010,15.4228
16/08/2010,14.2924
23/08/2010,15.5688
30/08/2010,13.909
06/09/2010,13.7029
13/09/2010,14.3155
20/09/2010,12.0713
27/09/2010,12.6036
04/10/2010,11.2488
11/10/2010,12.2159
18/10/2010,8.2714
25/10/2010,8.17174
01/11/2010,8.7725
08/11/2010,9.26673
15/11/2010,5.26432
22/11/2010,4.06632
29/11/2010,0.670958
06/12/2010,-1.17356
13/12/2010,-0.643534
20/12/2010,0.651407
27/12/2010,-1.75758
03/01/2011,4.6046
10/01/2011,2.5827
17/01/2011,6.496
24/01/2011,2.17111
31/01/2011,1.98413
07/02/2011,5.4036
14/02/2011,6.45251
21/02/2011,4.23926
28/02/2011,6.54143
07/03/2011,2.99175
14/03/2011,6.07071
21/03/2011,7.17066
28/03/2011,9.51739
04/04/2011,9.717
11/04/2011,11.6974
18/04/2011,9.49531
25/04/2011,13.3368
02/05/2011,11.4213
09/05/2011,11.3607
16/05/2011,10.6671
23/05/2011,11.4252
30/05/2011,10.3647
06/06/2011,12.7166
13/06/2011,10.8874
20/06/2011,12.809
27/06/2011,13.9858
04/07/2011,14.0402
11/07/2011,13.8892
18/07/2011,14.7823
25/07/2011,14.0006
01/08/2011,16.1265
08/08/2011,15.6763
15/08/2011,14.3245
22/08/2011,14.3117
29/08/2011,13.3924
05/09/2011,13.8604
12/09/2011,13.9796
19/09/2011,13.5168
26/09/2011,13.6073
03/10/2011,16.6785
10/10/2011,12.4132
17/10/2011,12.4514
24/10/2011,9.50532
31/10/2011,9.7981
07/11/2011,10.1487
14/11/2011,9.76265
21/11/2011,8.30504
28/11/2011,7.79089
05/12/2011,5.95473
12/12/2011,5.20739
19/12/2011,4.08037
26/12/2011,6.87473
02/01/2012,6.49615
09/01/2012,7.06518
16/01/2012,5.30886
23/01/2012,6.16671
30/01/2012,4.6725
06/02/2012,-0.455283
13/02/2012,0.575749
20/02/2012,5.65113
27/02/2012,6.66314
05/03/2012,6.78624
12/03/2012,6.67967
19/03/2012,5.82167
26/03/2012,8.59814
02/04/2012,8.88043
09/04/2012,5.7484
16/04/2012,5.96383
23/04/2012,6.11407
30/04/2012,6.79224
07/05/2012,8.13613
14/05/2012,9.21991
21/05/2012,8.52464
28/05/2012,14.6309
04/06/2012,13.5475
11/06/2012,10.9426
18/06/2012,11.4406
25/06/2012,11.9496
02/07/2012,13.6089
09/07/2012,13.3982
16/07/2012,12.4255
23/07/2012,13.7599
30/07/2012,15.5429
06/08/2012,13.9617
13/08/2012,15.8004
20/08/2012,16.2591
27/08/2012,14.4174
03/09/2012,13.7807
10/09/2012,13.4056
17/09/2012,12.6581
24/09/2012,10.3784
01/10/2012,10.5716
08/10/2012,10.0712
15/10/2012,9.41206
22/10/2012,9.9273
29/10/2012,8.79019
05/11/2012,5.89868
12/11/2012,6.39689
19/11/2012,7.61683
26/11/2012,7.84918
03/12/2012,3.08975
10/12/2012,4.19187
17/12/2012,2.91263
24/12/2012,7.35259
31/12/2012,7.2502
07/01/2013,7.4965
14/01/2013,5.00711
21/01/2013,0.568281
28/01/2013,1.93116
04/02/2013,6.24337
11/02/2013,4.19012
18/02/2013,3.54116
25/02/2013,1.00078
04/03/2013,2.04346
11/03/2013,5.81055
18/03/2013,1.66708
25/03/2013,2.48676
01/04/2013,0.310386
08/04/2013,1.99948
15/04/2013,6.4364
22/04/2013,7.86358
29/04/2013,7.33624
06/05/2013,8.31635
13/05/2013,9.18188
20/05/2013,7.75135
27/05/2013,8.75798
03/06/2013,10.2954
10/06/2013,12.9844
17/06/2013,11.4242
24/06/2013,13.2699
01/07/2013,12.7256
08/07/2013,14.0068
15/07/2013,18.0428
22/07/2013,18.7231
29/07/2013,16.6307
05/08/2013,16.3347
12/08/2013,14.9384
19/08/2013,14.962
26/08/2013,15.065
02/09/2013,14.7611
09/09/2013,13.0342
16/09/2013,12.4893
23/09/2013,12.3547
30/09/2013,14.2336
07/10/2013,14.1033
14/10/2013,10.853
21/10/2013,11.6727
28/10/2013,12.5735
04/11/2013,9.20208
11/11/2013,7.65864
18/11/2013,7.25447
25/11/2013,3.89417
02/12/2013,5.1934
09/12/2013,6.00858
16/12/2013,7.70754
23/12/2013,6.56917
30/12/2013,5.1019
06/01/2014,6.57813
13/01/2014,6.47879
20/01/2014,5.38304
27/01/2014,5.33037
03/02/2014,4.32334
10/02/2014,5.31359
17/02/2014,4.48934
24/02/2014,6.71423
03/03/2014,5.52393
10/03/2014,6.67663
17/03/2014,6.20737
24/03/2014,6.43328
31/03/2014,6.16643
07/04/2014,9.80007
14/04/2014,7.7636
21/04/2014,7.75113
28/04/2014,9.06195
05/05/2014,9.2891
12/05/2014,10.0026
19/05/2014,11.3262
26/05/2014,11.1141
02/06/2014,11.6853
09/06/2014,12.316
16/06/2014,14.41
23/06/2014,15.2417
30/06/2014,14.5294
07/07/2014,14.6491
14/07/2014,14.571
21/07/2014,16.5188
28/07/2014,18.7029
04/08/2014,15.7181
11/08/2014,15.3296
18/08/2014,13.5416
25/08/2014,11.47
01/09/2014,14.3346
08/09/2014,14.6125
15/09/2014,13.4767
22/09/2014,15.3896
29/09/2014,12.9441
06/10/2014,12.9049
13/10/2014,10.1231
20/10/2014,12.302
27/10/2014,11.2901
03/11/2014,12.9258
10/11/2014,7.32203
17/11/2014,9.42144
24/11/2014,8.00457
01/12/2014,6.12021
08/12/2014,4.4673
15/12/2014,5.07987
22/12/2014,7.66346
29/12/2014,5.57962
05/01/2015,4.73659
12/01/2015,7.30324
19/01/2015,4.06982
26/01/2015,2.54477
02/02/2015,3.98791
09/02/2015,0.717477
16/02/2015,3.62528
23/02/2015,4.30953
02/03/2015,5.79213
09/03/2015,5.12153
16/03/2015,5.24013
23/03/2015,4.65525
30/03/2015,6.07709
06/04/2015,7.46955
13/04/2015,8.39644
20/04/2015,9.16801
27/04/2015,9.08076
04/05/2015,7.4437
11/05/2015,9.54378
18/05/2015,9.82711
25/05/2015,9.96728
01/06/2015,10.2983
08/06/2015,11.0545
15/06/2015,12.285
22/06/2015,13.1465
29/06/2015,13.729
06/07/2015,16.2649
13/07/2015,14.329
20/07/2015,14.8415
27/07/2015,13.5641
03/08/2015,12.8447
10/08/2015,14.2319
17/08/2015,14.0173
24/08/2015,14.6782
31/08/2015,13.5055
07/09/2015,11.6817
14/09/2015,12.6797
21/09/2015,11.4212
28/09/2015,11.0398
05/10/2015,10.9132
12/10/2015,11.3899
19/10/2015,8.63552
26/10/2015,9.74436
02/11/2015,11.4417
09/11/2015,11.4792
16/11/2015,10.9915
23/11/2015,7.84206
30/11/2015,7.82984
07/12/2015,10.3945
14/12/2015,8.84547
21/12/2015,10.6649
28/12/2015,9.66471
04/01/2016,5.91341
11/01/2016,5.52473
18/01/2016,5.08997
25/01/2016,4.3405
01/02/2016,5.80541
08/02/2016,6.44978
15/02/2016,6.30329
22/02/2016,4.93087
29/02/2016,4.7436
07/03/2016,3.48239
14/03/2016,5.12056
21/03/2016,5.1578
28/03/2016,7.08838
04/04/2016,7.41559
11/04/2016,8.32742
18/04/2016,8.71256
25/04/2016,7.13791
02/05/2016,8.88079
09/05/2016,12.9917
16/05/2016,8.01089
23/05/2016,9.21669
30/05/2016,12.2771
06/06/2016,11.2534
13/06/2016,11.8291
20/06/2016,13.4363
27/06/2016,15.4066
04/07/2016,17.4525
11/07/2016,16.7903
18/07/2016,17.1165
25/07/2016,17.8288
01/08/2016,18.778
08/08/2016,20.4516
15/08/2016,18.016
22/08/2016,19.5577
29/08/2016,16.2934
05/09/2016,14.6979
12/09/2016,13.5771
19/09/2016,12.6344
26/09/2016,12.6694
03/10/2016,12.1208
10/10/2016,13.3533
17/10/2016,13.0352
24/10/2016,10.7254
31/10/2016,10.2486
07/11/2016,6.72215
14/11/2016,8.92034
21/11/2016,5.53888
28/11/2016,6.2806
05/12/2016,6.65204
12/12/2016,1.12684
19/12/2016,1.22406
26/12/2016,4.07938
02/01/2017,0.277921
09/01/2017,4.31784
16/01/2017,5.06304
23/01/2017,4.83914
30/01/2017,5.46952
06/02/2017,6.03592
13/02/2017,6.43485
20/02/2017,5.69153
27/02/2017,4.33593
06/03/2017,3.65819
13/03/2017,4.75381
20/03/2017,5.34631
27/03/2017,6.99189
03/04/2017,7.01549
10/04/2017,8.31639
17/04/2017,8.61717
24/04/2017,7.09143
01/05/2017,8.79743
08/05/2017,12.8845
15/05/2017,8.31809
22/05/2017,8.66548
29/05/2017,12.3195
05/06/2017,11.3797
12/06/2017,11.7206
19/06/2017,13.1895
26/06/2017,14.8689
03/07/2017,17.8205
10/07/2017,16.4078
17/07/2017,17.2746
24/07/2017,17.7635
31/07/2017,18.3136
07/08/2017,20.6977
14/08/2017,18.2784
21/08/2017,19.0672
28/08/2017,17.1442
04/09/2017,14.7793
11/09/2017,13.6132
18/09/2017,12.4138
25/09/2017,13.0107
02/10/2017,12.0583
09/10/2017,13.1135
16/10/2017,13.3518
23/10/2017,10.968
30/10/2017,10.1204
06/11/2017,7.60329
13/11/2017,8.42316
20/11/2017,6.03095
27/11/2017,6.27666
04/12/2017,6.68047
11/12/2017,1.63347
18/12/2017,1.15374
25/12/2017,4.12158
01/01/2018,0.161488
08/01/2018,3.72527
15/01/2018,5.03578
22/01/2018,5.14715
29/01/2018,5.0905
05/02/2018,6.22364
12/02/2018,6.32311
19/02/2018,5.90928
26/02/2018,4.45902
05/03/2018,3.79175
12/03/2018,4.3787
19/03/2018,5.40532
26/03/2018,6.70392
02/04/2018,6.95281
09/04/2018,8.45842
16/04/2018,8.58266
23/04/2018,6.87787
30/04/2018,8.69632
07/05/2018,12.3081
14/05/2018,9.19601
21/05/2018,8.38172
28/05/2018,11.8584
04/06/2018,11.4911
11/06/2018,11.6979
18/06/2018,12.9219
25/06/2018,14.5081
02/07/2018,18.0835
09/07/2018,15.9384
16/07/2018,17.4366
23/07/2018,18.0328
30/07/2018,17.7657
06/08/2018,20.5807
13/08/2018,18.6775
20/08/2018,18.5231
27/08/2018,17.9103
03/09/2018,15.198
10/09/2018,13.6117
17/09/2018,12.2694
24/09/2018,13.1921
01/10/2018,11.8247
08/10/2018,12.9949
15/10/2018,13.5452
22/10/2018,11.4708
29/10/2018,10.1345
