Date,Ml/week
03/01/1916,6.9328
10/01/1916,5.94693
17/01/1916,5.54129
24/01/1916,5.20455
31/01/1916,4.9084
07/02/1916,5.38569
14/02/1916,57.379
21/02/1916,414.273
28/02/1916,502.314
06/03/1916,553.596
13/03/1916,289.149
20/03/1916,254.928
27/03/1916,454.635
03/04/1916,638.566
10/04/1916,192.285
17/04/1916,108.912
24/04/1916,96.2744
01/05/1916,60.9082
08/05/1916,154.95
15/05/1916,182.354
22/05/1916,84.242
29/05/1916,78.1587
05/06/1916,68.5142
12/06/1916,90.0007
19/06/1916,65.604
26/06/1916,61.4561
03/07/1916,61.3432
10/07/1916,64.9752
17/07/1916,60.0631
24/07/1916,56.6059
31/07/1916,52.6119
07/08/1916,48.8997
14/08/1916,45.4527
21/08/1916,42.6662
28/08/1916,40.7813
04/09/1916,140.138
11/09/1916,92.4446
18/09/1916,53.2021
25/09/1916,76.7829
02/10/1916,346.1
09/10/1916,622.343
16/10/1916,354.61
23/10/1916,287.168
30/10/1916,749.704
06/11/1916,1034.02
13/11/1916,1328.44
20/11/1916,504.625
27/11/1916,408.506
04/12/1916,207.351
11/12/1916,168.577
18/12/1916,164.58
25/12/1916,550.769
01/01/1917,753.26
08/01/1917,487.116
15/01/1917,382.626
22/01/1917,161.826
29/01/1917,86.7695
05/02/1917,81.0818
12/02/1917,81.0683
19/02/1917,84.7931
26/02/1917,261.116
05/03/1917,212.212
12/03/1917,433.987
19/03/1917,548.076
26/03/1917,247.107
02/04/1917,178
09/04/1917,248.923
16/04/1917,285.913
23/04/1917,206.182
30/04/1917,90.7631
07/05/1917,82.8558
14/05/1917,77.4732
21/05/1917,78.241
28/05/1917,85.8279
04/06/1917,89.3005
11/06/1917,75.3846
18/06/1917,71.1893
25/06/1917,66.883
02/07/1917,662.8
09/07/1917,619.602
16/07/1917,332.05
23/07/1917,191.839
30/07/1917,85.7166
06/08/1917,88.302
13/08/1917,176.89
20/08/1917,285.027
27/08/1917,367.528
03/09/1917,823.874
10/09/1917,362.246
17/09/1917,155.229
24/09/1917,308.676
01/10/1917,156.753
08/10/1917,268.149
15/10/1917,737.147
22/10/1917,591.312
29/10/1917,442.957
05/11/1917,531.832
12/11/1917,541.813
19/11/1917,294.228
26/11/1917,136.623
03/12/1917,117.491
10/12/1917,109.232
17/12/1917,129.952
24/12/1917,136.96
31/12/1917,103.389
07/01/1918,99.3191
14/01/1918,148.232
21/01/1918,1469.63
28/01/1918,771.258
04/02/1918,274.6
11/02/1918,346.969
18/02/1918,263.308
25/02/1918,134.686
04/03/1918,140.258
11/03/1918,100.488
18/03/1918,100.938
25/03/1918,91.9694
01/04/1918,119.93
08/04/1918,200.321
15/04/1918,143.374
22/04/1918,270.113
29/04/1918,148.646
06/05/1918,90.7929
13/05/1918,88.2204
20/05/1918,84.3142
27/05/1918,78.5921
03/06/1918,73.6895
10/06/1918,68.5319
17/06/1918,63.7737
24/06/1918,59.3934
01/07/1918,55.2335
08/07/1918,51.3364
15/07/1918,47.7351
22/07/1918,44.6624
29/07/1918,61.0274
05/08/1918,88.1373
12/08/1918,120.277
19/08/1918,52.9041
26/08/1918,52.8934
02/09/1918,58.9646
09/09/1918,116.2
16/09/1918,404.499
23/09/1918,564.631
30/09/1918,630.803
07/10/1918,670.462
14/10/1918,514.919
21/10/1918,304.01
28/10/1918,145.349
04/11/1918,135.372
11/11/1918,324.971
18/11/1918,172.902
25/11/1918,100.96
02/12/1918,256.021
09/12/1918,272.774
16/12/1918,529.914
23/12/1918,702.936
30/12/1918,654.166
06/01/1919,729.207
13/01/1919,953.245
20/01/1919,789.346
27/01/1919,570.924
03/02/1919,337.753
10/02/1919,371.73
17/02/1919,273.232
24/02/1919,714.816
03/03/1919,372.166
10/03/1919,699.771
17/03/1919,644.932
24/03/1919,563.057
31/03/1919,341.854
07/04/1919,192.081
14/04/1919,172.472
21/04/1919,271.652
28/04/1919,145.61
05/05/1919,179.778
12/05/1919,103.25
19/05/1919,97.2619
26/05/1919,90.0708
02/06/1919,83.7156
09/06/1919,77.8263
16/06/1919,72.3505
23/06/1919,67.2506
30/06/1919,62.5076
07/07/1919,58.1072
14/07/1919,54.0138
21/07/1919,50.2066
28/07/1919,46.682
04/08/1919,43.3909
11/08/1919,40.33
18/08/1919,37.4844
25/08/1919,34.8443
01/09/1919,32.4798
08/09/1919,30.4125
15/09/1919,28.4144
22/09/1919,26.503
29/09/1919,25.1181
06/10/1919,23.8042
13/10/1919,22.3796
20/10/1919,21.4823
27/10/1919,55.1778
03/11/1919,61.4501
10/11/1919,41.5053
17/11/1919,131.395
24/11/1919,348.371
01/12/1919,255.602
08/12/1919,881.257
15/12/1919,582.516
22/12/1919,484.535
29/12/1919,571.416
05/01/1920,824.351
12/01/1920,858.765
19/01/1920,857.203
26/01/1920,381.132
02/02/1920,658.826
09/02/1920,364.517
16/02/1920,342.693
23/02/1920,204.819
01/03/1920,112.385
08/03/1920,109.764
15/03/1920,188.112
22/03/1920,240.202
29/03/1920,191.132
05/04/1920,465.208
12/04/1920,430.907
19/04/1920,620.519
26/04/1920,511.695
03/05/1920,265.58
10/05/1920,215.158
17/05/1920,147.072
24/05/1920,133.675
31/05/1920,92.8632
07/06/1920,87.3294
14/06/1920,81.8226
21/06/1920,77.4705
28/06/1920,73.2117
05/07/1920,81.078
12/07/1920,265.24
19/07/1920,232.574
26/07/1920,154.708
02/08/1920,218.145
09/08/1920,221.722
16/08/1920,101.273
23/08/1920,86.9427
30/08/1920,77.599
06/09/1920,73.2424
13/09/1920,68.9815
20/09/1920,76.1377
27/09/1920,65.4013
04/10/1920,93.6459
11/10/1920,236.862
18/10/1920,215.021
25/10/1920,182.522
01/11/1920,92.7492
08/11/1920,141.091
15/11/1920,99.2383
22/11/1920,155.726
29/11/1920,125.508
06/12/1920,452.208
13/12/1920,233.503
20/12/1920,92.0826
27/12/1920,433.072
03/01/1921,615.329
10/01/1921,561.405
17/01/1921,465.844
24/01/1921,336.782
31/01/1921,329.946
07/02/1921,313.494
14/02/1921,106.393
21/02/1921,85.5435
28/02/1921,88.1186
07/03/1921,91.334
14/03/1921,96.5383
21/03/1921,275.879
28/03/1921,176.837
04/04/1921,157.39
11/04/1921,83.8898
18/04/1921,87.5009
25/04/1921,79.6254
02/05/1921,74.6562
09/05/1921,74.4406
16/05/1921,79.9219
23/05/1921,68.2628
30/05/1921,63.6303
06/06/1921,59.8346
13/06/1921,55.6505
20/06/1921,51.7254
27/06/1921,48.0773
04/07/1921,44.6888
11/07/1921,41.5356
18/07/1921,38.605
25/07/1921,35.8811
01/08/1921,33.3494
08/08/1921,30.9968
15/08/1921,28.8133
22/08/1921,26.7876
29/08/1921,24.8987
05/09/1921,23.143
12/09/1921,21.5106
19/09/1921,20.0122
26/09/1921,18.6099
03/10/1921,17.2973
10/10/1921,16.0799
17/10/1921,14.9475
24/10/1921,13.8992
31/10/1921,12.934
07/11/1921,12.1288
14/11/1921,11.5035
21/11/1921,11.5205
28/11/1921,11.4323
05/12/1921,12.7797
12/12/1921,13.6032
19/12/1921,18.287
26/12/1921,68.3359
02/01/1922,250.586
09/01/1922,201.209
16/01/1922,252.002
23/01/1922,435.922
30/01/1922,432.441
06/02/1922,804.769
13/02/1922,349.519
20/02/1922,230.173
27/02/1922,365.642
06/03/1922,770.032
13/03/1922,590.886
20/03/1922,205.182
27/03/1922,91.6607
03/04/1922,207.843
10/04/1922,575.214
17/04/1922,503.297
24/04/1922,339.255
01/05/1922,226.296
08/05/1922,159.797
15/05/1922,87.8985
22/05/1922,82.7977
29/05/1922,77.2955
05/06/1922,71.8492
12/06/1922,66.7944
19/06/1922,62.0953
26/06/1922,57.7167
03/07/1922,53.659
10/07/1922,50.2608
17/07/1922,47.7778
24/07/1922,45.0554
31/07/1922,42.2625
07/08/1922,39.7021
14/08/1922,54.1437
21/08/1922,43.3509
28/08/1922,42.0227
04/09/1922,54.2314
11/09/1922,43.4558
18/09/1922,62.7419
25/09/1922,51.3525
02/10/1922,143.011
09/10/1922,196.965
16/10/1922,83.9358
23/10/1922,54.4079
30/10/1922,61.2416
06/11/1922,201.512
13/11/1922,362.138
20/11/1922,126.368
27/11/1922,59.9381
04/12/1922,60.2445
11/12/1922,60.2969
18/12/1922,82.964
25/12/1922,1040.73
01/01/1923,1060.78
08/01/1923,919.831
15/01/1923,669.387
22/01/1923,243.353
29/01/1923,88.9457
05/02/1923,232.299
12/02/1923,1241.48
19/02/1923,995.984
26/02/1923,978.334
05/03/1923,1074.55
12/03/1923,446.138
19/03/1923,223.314
26/03/1923,93.7069
02/04/1923,120.498
09/04/1923,86.9737
16/04/1923,165.92
23/04/1923,222.034
30/04/1923,185.686
07/05/1923,139.46
14/05/1923,92.4043
21/05/1923,105.258
28/05/1923,90.9879
04/06/1923,114.501
11/06/1923,85.3117
18/06/1923,84.3147
25/06/1923,77.7619
02/07/1923,72.4065
09/07/1923,67.3507
16/07/1923,62.666
23/07/1923,58.3215
30/07/1923,54.2366
06/08/1923,50.4904
13/08/1923,46.9405
20/08/1923,43.6338
27/08/1923,40.5797
03/09/1923,38.1032
10/09/1923,36.1025
17/09/1923,33.9528
24/09/1923,50.8334
01/10/1923,77.436
08/10/1923,125.688
15/10/1923,521.679
22/10/1923,504.236
29/10/1923,760.471
05/11/1923,509.454
12/11/1923,334.824
19/11/1923,663.129
26/11/1923,464.999
03/12/1923,235.286
10/12/1923,445.931
17/12/1923,242.479
24/12/1923,133.053
31/12/1923,548.164
07/01/1924,491.784
14/01/1924,509.706
21/01/1924,624.225
28/01/1924,849.797
04/02/1924,335.808
11/02/1924,146.417
18/02/1924,134.917
25/02/1924,90.4705
03/03/1924,94.3074
10/03/1924,139.655
17/03/1924,84.2178
24/03/1924,99.3212
31/03/1924,131.024
07/04/1924,77.2222
14/04/1924,122.579
21/04/1924,157.627
28/04/1924,129.332
05/05/1924,284.806
12/05/1924,256.134
19/05/1924,325.635
26/05/1924,379.836
02/06/1924,228.722
09/06/1924,254.082
16/06/1924,317.44
23/06/1924,177.189
30/06/1924,107.121
07/07/1924,88.6142
14/07/1924,84.3184
21/07/1924,81.1954
28/07/1924,80.9361
04/08/1924,135.016
11/08/1924,101.803
18/08/1924,92.0054
25/08/1924,381.449
01/09/1924,344.667
08/09/1924,321.807
15/09/1924,796.176
22/09/1924,607.849
29/09/1924,672.603
06/10/1924,416.277
13/10/1924,794.247
20/10/1924,381.194
27/10/1924,376.963
03/11/1924,958.676
10/11/1924,628.527
17/11/1924,339.567
24/11/1924,127.324
01/12/1924,543.307
08/12/1924,655.208
15/12/1924,328.625
22/12/1924,327.4
29/12/1924,581.845
05/01/1925,1346.1
12/01/1925,674.043
19/01/1925,333.369
26/01/1925,232.506
02/02/1925,637.758
09/02/1925,468.422
16/02/1925,689.346
23/02/1925,495.295
02/03/1925,790.949
09/03/1925,412.691
16/03/1925,179.908
23/03/1925,106.792
30/03/1925,105.659
06/04/1925,129.272
13/04/1925,189.902
20/04/1925,167.095
27/04/1925,121.903
04/05/1925,107.608
11/05/1925,332.118
18/05/1925,214.983
25/05/1925,129.991
01/06/1925,182.194
08/06/1925,113.616
15/06/1925,93.3192
22/06/1925,86.7348
29/06/1925,80.6196
06/07/1925,74.9442
13/07/1925,69.693
20/07/1925,64.7808
27/07/1925,60.2162
03/08/1925,56.0967
10/08/1925,52.3973
17/08/1925,49.4978
24/08/1925,47.4315
31/08/1925,47.7743
07/09/1925,44.8888
14/09/1925,42.827
21/09/1925,69.0931
28/09/1925,329.805
05/10/1925,140.472
12/10/1925,49.9753
19/10/1925,69.0505
26/10/1925,642.633
02/11/1925,539.793
09/11/1925,748.758
16/11/1925,421.611
23/11/1925,119.258
30/11/1925,75.7569
07/12/1925,94.009
14/12/1925,198.909
21/12/1925,207.361
28/12/1925,558.829
04/01/1926,1147.28
11/01/1926,747.843
18/01/1926,258.591
25/01/1926,479.793
01/02/1926,609.456
08/02/1926,643.215
15/02/1926,322.84
22/02/1926,484.322
01/03/1926,261.447
08/03/1926,197.983
15/03/1926,141.107
22/03/1926,88.7147
29/03/1926,82.9323
05/04/1926,77.2962
12/04/1926,76.1537
19/04/1926,81.7387
26/04/1926,80.7875
03/05/1926,71.7156
10/05/1926,69.9457
17/05/1926,75.2865
24/05/1926,65.817
31/05/1926,61.942
07/06/1926,74.4251
14/06/1926,72.693
21/06/1926,73.9462
28/06/1926,61.7872
05/07/1926,57.4853
12/07/1926,54.2121
19/07/1926,50.7694
26/07/1926,49.0209
02/08/1926,46.835
09/08/1926,43.6106
16/08/1926,41.7429
23/08/1926,39.8559
30/08/1926,37.7247
06/09/1926,35.6068
13/09/1926,34.0954
20/09/1926,32.4092
27/09/1926,30.8027
04/10/1926,29.2729
11/10/1926,28.2488
18/10/1926,104.269
25/10/1926,117.944
01/11/1926,379.606
08/11/1926,597.401
15/11/1926,1406.55
22/11/1926,1079.26
29/11/1926,712.674
06/12/1926,521.849
13/12/1926,215.432
20/12/1926,76.3877
27/12/1926,64.4643
03/01/1927,62.5758
10/01/1927,133.246
17/01/1927,203.959
24/01/1927,300.21
31/01/1927,726.752
07/02/1927,1212.88
14/02/1927,397.737
21/02/1927,148.531
28/02/1927,502.377
07/03/1927,675.429
14/03/1927,454.385
21/03/1927,158.163
28/03/1927,401.022
04/04/1927,552.411
11/04/1927,626.007
18/04/1927,330.702
25/04/1927,122.891
02/05/1927,90.1727
09/05/1927,86.7088
16/05/1927,82.3936
23/05/1927,79.2611
30/05/1927,73.3159
06/06/1927,68.1915
13/06/1927,63.5291
20/06/1927,59.2125
27/06/1927,55.926
04/07/1927,53.9278
11/07/1927,60.1686
18/07/1927,54.4004
25/07/1927,51.7578
01/08/1927,67.9529
08/08/1927,52.1799
15/08/1927,78.8763
22/08/1927,290.668
29/08/1927,277.837
05/09/1927,106.834
12/09/1927,240.278
19/09/1927,546.864
26/09/1927,735.223
03/10/1927,779.923
10/10/1927,349.43
17/10/1927,131.624
24/10/1927,315.689
31/10/1927,545.843
07/11/1927,532.107
14/11/1927,343.813
21/11/1927,425.934
28/11/1927,550.07
05/12/1927,265.608
12/12/1927,144.222
19/12/1927,120.567
26/12/1927,577.694
02/01/1928,630.306
09/01/1928,571.854
16/01/1928,531.057
23/01/1928,573.403
30/01/1928,805.465
06/02/1928,768.083
13/02/1928,591.676
20/02/1928,636.991
27/02/1928,241.729
05/03/1928,345.503
12/03/1928,229.779
19/03/1928,131.856
26/03/1928,396.83
02/04/1928,446.59
09/04/1928,422.578
16/04/1928,312.845
23/04/1928,184.693
30/04/1928,102.894
07/05/1928,95.0743
14/05/1928,88.6578
21/05/1928,83.1053
28/05/1928,79.2469
04/06/1928,73.839
11/06/1928,69.5067
18/06/1928,66.0087
25/06/1928,62.4483
02/07/1928,58.6013
09/07/1928,55.0994
16/07/1928,51.3787
23/07/1928,47.7543
30/07/1928,44.4021
06/08/1928,41.5186
13/08/1928,38.7503
20/08/1928,36.326
27/08/1928,34.0422
03/09/1928,32.3752
10/09/1928,30.2633
17/09/1928,28.3992
24/09/1928,26.3959
01/10/1928,24.9327
08/10/1928,24.5367
15/10/1928,112.603
22/10/1928,252.057
29/10/1928,702.314
05/11/1928,518.745
12/11/1928,300.247
19/11/1928,535.827
26/11/1928,811.427
03/12/1928,520.362
10/12/1928,216.038
17/12/1928,268.932
24/12/1928,201.936
31/12/1928,788.188
07/01/1929,544.734
14/01/1929,214.038
21/01/1929,87.9565
28/01/1929,91.6018
04/02/1929,448.453
11/02/1929,386.645
18/02/1929,157.739
25/02/1929,169.315
04/03/1929,108.936
11/03/1929,81.0232
18/03/1929,75.3064
25/03/1929,78.0268
01/04/1929,69.8825
08/04/1929,65.3712
15/04/1929,61.3173
22/04/1929,57.3187
29/04/1929,53.7446
06/05/1929,75.8868
13/05/1929,172.632
20/05/1929,104.984
27/05/1929,58.2845
03/06/1929,55.5626
10/06/1929,53.0007
17/06/1929,68.5004
24/06/1929,52.693
01/07/1929,49.1807
08/07/1929,46.9842
15/07/1929,44.4083
22/07/1929,41.279
29/07/1929,38.3938
05/08/1929,39.6368
12/08/1929,81.3933
19/08/1929,40.5127
26/08/1929,39.5445
02/09/1929,37.7796
09/09/1929,35.8549
16/09/1929,33.4489
23/09/1929,31.2024
30/09/1929,29.0306
07/10/1929,133.918
14/10/1929,442.859
21/10/1929,180.546
28/10/1929,305.057
04/11/1929,344.607
11/11/1929,375.719
18/11/1929,794.414
25/11/1929,1459.17
02/12/1929,1943.77
09/12/1929,1855.8
16/12/1929,1346.62
23/12/1929,587.464
30/12/1929,1003.75
06/01/1930,906.524
13/01/1930,811.893
20/01/1930,733.433
27/01/1930,593.306
03/02/1930,702.189
10/02/1930,559.724
17/02/1930,185.293
24/02/1930,87.36
03/03/1930,104.199
10/03/1930,127.652
17/03/1930,259.489
24/03/1930,227.41
31/03/1930,167.692
07/04/1930,481.253
14/04/1930,472.891
21/04/1930,296.159
28/04/1930,178.9
05/05/1930,93.8639
12/05/1930,91.4502
19/05/1930,98.7626
26/05/1930,85.595
02/06/1930,81.8124
09/06/1930,77.5455
16/06/1930,72.1703
23/06/1930,67.1227
30/06/1930,62.4938
07/07/1930,58.0962
14/07/1930,54.001
21/07/1930,50.1991
28/07/1930,46.6877
04/08/1930,43.5137
11/08/1930,41.1447
18/08/1930,38.997
25/08/1930,46.7063
01/09/1930,39.2078
08/09/1930,36.5681
15/09/1930,42.0759
22/09/1930,452.944
29/09/1930,568.477
06/10/1930,369.106
13/10/1930,533.181
20/10/1930,397.407
27/10/1930,444.299
03/11/1930,401.809
10/11/1930,537.177
17/11/1930,274.061
24/11/1930,611.462
01/12/1930,1138.99
08/12/1930,566.438
15/12/1930,599.127
22/12/1930,803.999
29/12/1930,439.008
05/01/1931,676.011
12/01/1931,328.869
19/01/1931,176.163
26/01/1931,328.223
02/02/1931,563.101
09/02/1931,513.933
16/02/1931,595.05
23/02/1931,394.41
02/03/1931,258.194
09/03/1931,357.213
16/03/1931,159.626
23/03/1931,100.89
30/03/1931,95.1288
06/04/1931,185.712
13/04/1931,166.52
20/04/1931,97.1384
27/04/1931,190.37
04/05/1931,192.82
11/05/1931,95.5595
18/05/1931,91.9539
25/05/1931,95.2301
01/06/1931,399.099
08/06/1931,372.59
15/06/1931,412.045
22/06/1931,358.262
29/06/1931,150.25
06/07/1931,90.3641
13/07/1931,95.823
20/07/1931,170.857
27/07/1931,131.732
03/08/1931,133.137
10/08/1931,176.644
17/08/1931,167.973
24/08/1931,472.854
31/08/1931,325.45
07/09/1931,359.572
14/09/1931,201.577
21/09/1931,119.781
28/09/1931,92.3191
05/10/1931,86.4241
12/10/1931,88.5727
19/10/1931,80.9451
26/10/1931,74.6114
02/11/1931,70.2135
09/11/1931,301.532
16/11/1931,713.992
23/11/1931,519.999
30/11/1931,585.352
07/12/1931,533.013
14/12/1931,538.353
21/12/1931,175.513
28/12/1931,82.2285
04/01/1932,227.408
11/01/1932,948.113
18/01/1932,1080.19
25/01/1932,451.836
01/02/1932,140.9
08/02/1932,84.735
15/02/1932,79.6555
22/02/1932,74.3407
29/02/1932,69.4246
07/03/1932,65.3007
14/03/1932,105.019
21/03/1932,63.6826
28/03/1932,78.9346
04/04/1932,388.63
11/04/1932,334.019
18/04/1932,354.89
25/04/1932,294.24
02/05/1932,217.878
09/05/1932,174.756
16/05/1932,146.702
23/05/1932,207.24
30/05/1932,202.466
06/06/1932,141.983
13/06/1932,82.4063
20/06/1932,76.6616
27/06/1932,71.2525
04/07/1932,66.8393
11/07/1932,63.1351
18/07/1932,59.2706
25/07/1932,55.955
01/08/1932,67.7477
08/08/1932,73.6397
15/08/1932,55.932
22/08/1932,52.7416
29/08/1932,49.3308
05/09/1932,50.148
12/09/1932,161.713
19/09/1932,109.594
26/09/1932,159.545
03/10/1932,263.176
10/10/1932,393.081
17/10/1932,753.414
24/10/1932,826.747
31/10/1932,1071.52
07/11/1932,646.567
14/11/1932,250.485
21/11/1932,206.812
28/11/1932,312.961
05/12/1932,456.04
12/12/1932,255.077
19/12/1932,180.881
26/12/1932,174.757
02/01/1933,325.277
09/01/1933,653.54
16/01/1933,339.473
23/01/1933,268.726
30/01/1933,108.302
06/02/1933,313.637
13/02/1933,410.831
20/02/1933,200.738
27/02/1933,302.467
06/03/1933,982.619
13/03/1933,543.768
20/03/1933,483.476
27/03/1933,414.836
03/04/1933,149.689
10/04/1933,96.1739
17/04/1933,89.6592
24/04/1933,83.7275
01/05/1933,85.6824
08/05/1933,113.685
15/05/1933,110.496
22/05/1933,81.2084
29/05/1933,77.0425
05/06/1933,72.6373
12/06/1933,67.9397
19/06/1933,63.4525
26/06/1933,59.7503
03/07/1933,56.0431
10/07/1933,52.1172
17/07/1933,49.0128
24/07/1933,46.0482
31/07/1933,42.8123
07/08/1933,39.8184
14/08/1933,37.0118
21/08/1933,34.4112
28/08/1933,31.993
04/09/1933,29.7368
11/09/1933,27.6388
18/09/1933,25.6889
25/09/1933,23.8788
02/10/1933,22.2006
09/10/1933,20.6372
16/10/1933,19.4911
23/10/1933,18.6562
30/10/1933,19.6302
06/11/1933,21.0902
13/11/1933,20.101
20/11/1933,26.1388
27/11/1933,24.6677
04/12/1933,44.1635
11/12/1933,26.846
18/12/1933,23.8521
25/12/1933,22.6296
01/01/1934,52.4231
08/01/1934,70.1286
15/01/1934,310.661
22/01/1934,650.436
29/01/1934,310.654
05/02/1934,110.748
12/02/1934,49.7795
19/02/1934,46.4386
26/02/1934,58.9444
05/03/1934,54.4334
12/03/1934,111.436
19/03/1934,252.675
26/03/1934,315.582
02/04/1934,114.447
09/04/1934,77.8334
16/04/1934,183.711
23/04/1934,234.825
30/04/1934,265.06
07/05/1934,167.063
14/05/1934,176.593
21/05/1934,77.9333
28/05/1934,71.3477
04/06/1934,66.3489
11/06/1934,61.8761
18/06/1934,57.6179
25/06/1934,53.5937
02/07/1934,50.1002
09/07/1934,46.597
16/07/1934,43.3094
23/07/1934,40.2538
30/07/1934,37.4138
06/08/1934,34.7752
13/08/1934,32.3433
20/08/1934,30.0957
27/08/1934,27.9769
03/09/1934,26.0354
10/09/1934,24.3293
17/09/1934,22.6277
24/09/1934,21.1441
01/10/1934,20.0039
08/10/1934,20.0828
15/10/1934,21.7637
22/10/1934,24.9774
29/10/1934,34.7541
05/11/1934,102.13
12/11/1934,331.551
19/11/1934,243.988
26/11/1934,73.0073
03/12/1934,127.262
10/12/1934,1046.99
17/12/1934,1132.04
24/12/1934,1026.03
31/12/1934,1058.34
07/01/1935,607.714
14/01/1935,247.434
21/01/1935,137.792
28/01/1935,119.447
04/02/1935,95.0096
11/02/1935,154.53
18/02/1935,200.624
25/02/1935,375.439
04/03/1935,906.814
11/03/1935,480.962
18/03/1935,208.38
25/03/1935,115.698
01/04/1935,93.1881
08/04/1935,122.903
15/04/1935,535.012
22/04/1935,798.106
29/04/1935,512.455
06/05/1935,170.625
13/05/1935,85.9838
20/05/1935,97.2893
27/05/1935,89.8928
03/06/1935,78.3051
10/06/1935,122.828
17/06/1935,180.847
24/06/1935,201.215
01/07/1935,91.9483
08/07/1935,78.489
15/07/1935,73.0954
22/07/1935,68.0729
29/07/1935,63.3233
05/08/1935,58.8566
12/08/1935,54.7039
19/08/1935,50.8443
26/08/1935,47.2572
02/09/1935,43.936
09/09/1935,41.0974
16/09/1935,38.5064
23/09/1935,60.0535
30/09/1935,103.15
07/10/1935,298.315
14/10/1935,695.806
21/10/1935,393.981
28/10/1935,340.788
04/11/1935,452.844
11/11/1935,521.11
18/11/1935,1130
25/11/1935,800.324
02/12/1935,563.34
09/12/1935,766.954
16/12/1935,374.403
23/12/1935,243.596
30/12/1935,554.363
06/01/1936,852.02
13/01/1936,704.813
20/01/1936,440.893
27/01/1936,493.927
03/02/1936,612.709
10/02/1936,293.68
17/02/1936,125.897
24/02/1936,456.974
02/03/1936,433.549
09/03/1936,310.584
16/03/1936,269.349
23/03/1936,142.548
30/03/1936,355.557
06/04/1936,466.436
13/04/1936,261.431
20/04/1936,126.953
27/04/1936,247.559
04/05/1936,133.427
11/05/1936,94.4025
18/05/1936,88.2933
25/05/1936,85.2148
01/06/1936,79.8962
08/06/1936,75.92
15/06/1936,71.3257
22/06/1936,67.3489
29/06/1936,63.6145
06/07/1936,62.075
13/07/1936,155.091
20/07/1936,372.185
27/07/1936,361.223
03/08/1936,313.151
10/08/1936,133.958
17/08/1936,74.0975
24/08/1936,69.589
31/08/1936,64.9014
07/09/1936,63.8301
14/09/1936,64.4837
21/09/1936,68.7666
28/09/1936,73.4989
05/10/1936,61.6349
12/10/1936,57.2859
19/10/1936,54.6399
26/10/1936,65.0502
02/11/1936,164.843
09/11/1936,379.956
16/11/1936,886.168
23/11/1936,507.401
30/11/1936,158.052
07/12/1936,158.767
14/12/1936,210.409
21/12/1936,712.923
28/12/1936,354.8
04/01/1937,419.402
11/01/1937,542.711
18/01/1937,514.848
25/01/1937,1000.36
01/02/1937,789.215
08/02/1937,954.392
15/02/1937,738.001
22/02/1937,501.241
01/03/1937,902.952
08/03/1937,628.545
15/03/1937,719.633
22/03/1937,1057.11
29/03/1937,590.64
05/04/1937,278.168
12/04/1937,310.03
19/04/1937,355.315
26/04/1937,301.689
03/05/1937,118.286
10/05/1937,101.585
17/05/1937,108.036
24/05/1937,101.468
31/05/1937,92.2893
07/06/1937,84.2235
14/06/1937,78.9443
21/06/1937,74.0995
28/06/1937,69.001
05/07/1937,64.1568
12/07/1937,59.7028
19/07/1937,56.2278
26/07/1937,53.2146
02/08/1937,49.7542
09/08/1937,46.2537
16/08/1937,43.0603
23/08/1937,40.1433
30/08/1937,37.3126
06/09/1937,34.6835
13/09/1937,32.2467
20/09/1937,30.6087
27/09/1937,29.9476
04/10/1937,28.1546
11/10/1937,26.5269
18/10/1937,24.7556
25/10/1937,29.8685
01/11/1937,254.16
08/11/1937,216.357
15/11/1937,69.3162
22/11/1937,150.321
29/11/1937,357.145
06/12/1937,528.275
13/12/1937,530.811
20/12/1937,458.381
27/12/1937,325.174
03/01/1938,115.386
10/01/1938,246.765
17/01/1938,791.564
24/01/1938,638.235
31/01/1938,452.99
07/02/1938,465.36
14/02/1938,185.393
21/02/1938,102.813
28/02/1938,145.856
07/03/1938,200.603
14/03/1938,79.8618
21/03/1938,73.4968
28/03/1938,69.1184
04/04/1938,65.0289
11/04/1938,60.6857
18/04/1938,56.4038
25/04/1938,52.4588
02/05/1938,48.8147
09/05/1938,45.491
16/05/1938,42.3483
23/05/1938,39.4463
30/05/1938,36.7889
06/06/1938,35.5214
13/06/1938,34.1416
20/06/1938,31.8912
27/06/1938,29.6859
04/07/1938,27.7072
11/07/1938,26.8209
18/07/1938,26.5234
25/07/1938,25.1697
01/08/1938,24.0371
08/08/1938,26.0362
15/08/1938,34.341
22/08/1938,30.5165
29/08/1938,51.1523
05/09/1938,50.8484
12/09/1938,35.3769
19/09/1938,37.0047
26/09/1938,40.061
03/10/1938,57.7207
10/10/1938,615.102
17/10/1938,575.222
24/10/1938,304.369
31/10/1938,148.172
07/11/1938,198.509
14/11/1938,177.484
21/11/1938,461.235
28/11/1938,975.861
05/12/1938,938.034
12/12/1938,824.474
19/12/1938,1035.91
26/12/1938,402.571
02/01/1939,246.53
09/01/1939,372.92
16/01/1939,539.071
23/01/1939,1049.38
30/01/1939,1246.07
06/02/1939,451.064
13/02/1939,328.376
20/02/1939,199.552
27/02/1939,269.771
06/03/1939,400.194
13/03/1939,271.913
20/03/1939,120.794
27/03/1939,121.289
03/04/1939,104.666
10/04/1939,329.686
17/04/1939,162.9
24/04/1939,100.718
01/05/1939,126.318
08/05/1939,191.42
15/05/1939,104.401
22/05/1939,92.8481
29/05/1939,85.46
05/06/1939,79.4301
12/06/1939,73.8467
19/06/1939,68.7396
26/06/1939,64.7018
03/07/1939,61.2433
10/07/1939,63.779
17/07/1939,90.5161
24/07/1939,284.521
31/07/1939,272.5
07/08/1939,188.555
14/08/1939,103.358
21/08/1939,75.0821
28/08/1939,81.0239
04/09/1939,77.6821
11/09/1939,70.7234
18/09/1939,65.1071
25/09/1939,60.8458
02/10/1939,56.6543
09/10/1939,57.4883
16/10/1939,123.224
23/10/1939,74.3154
30/10/1939,90.2868
06/11/1939,344.677
13/11/1939,764.938
20/11/1939,678.494
27/11/1939,1126.74
04/12/1939,1107.64
11/12/1939,967.232
18/12/1939,535.098
25/12/1939,186.307
01/01/1940,85.5664
08/01/1940,90.1928
15/01/1940,80.2193
22/01/1940,71.9919
29/01/1940,295.367
05/02/1940,429.97
12/02/1940,695.745
19/02/1940,276.806
26/02/1940,476.128
04/03/1940,348.112
11/03/1940,123.397
18/03/1940,253.178
25/03/1940,433.355
01/04/1940,227.502
08/04/1940,157.458
15/04/1940,85.8339
22/04/1940,131.286
29/04/1940,128.187
06/05/1940,187.137
13/05/1940,86.4732
20/05/1940,92.9113
27/05/1940,81.5208
03/06/1940,78.381
10/06/1940,72.9929
17/06/1940,67.8939
24/06/1940,63.1324
01/07/1940,58.7199
08/07/1940,54.5815
15/07/1940,50.8044
22/07/1940,47.6688
29/07/1940,44.9021
05/08/1940,41.9437
12/08/1940,38.9922
19/08/1940,36.2526
26/08/1940,33.6972
02/09/1940,31.3199
09/09/1940,29.11
16/09/1940,27.0568
23/09/1940,25.1569
30/09/1940,23.3927
07/10/1940,21.7616
14/10/1940,20.5487
21/10/1940,26.804
28/10/1940,24.0214
04/11/1940,411.353
11/11/1940,1189.59
18/11/1940,1656.91
25/11/1940,789.003
02/12/1940,346.484
09/12/1940,323.148
16/12/1940,519.354
23/12/1940,274.836
30/12/1940,101.346
06/01/1941,206.254
13/01/1941,75.8087
20/01/1941,73.2621
27/01/1941,899.056
03/02/1941,765.6
10/02/1941,547.015
17/02/1941,559.589
24/02/1941,462.37
03/03/1941,475.164
10/03/1941,678.618
17/03/1941,495.042
24/03/1941,205.823
31/03/1941,362.039
07/04/1941,542.162
14/04/1941,237.172
21/04/1941,172.744
28/04/1941,120.577
05/05/1941,92.4954
12/05/1941,84.4028
19/05/1941,78.4684
26/05/1941,75.899
02/06/1941,74.9237
09/06/1941,79.2584
16/06/1941,83.8896
23/06/1941,69.1277
30/06/1941,64.2567
07/07/1941,59.7229
14/07/1941,55.5102
21/07/1941,51.6327
28/07/1941,48.0152
04/08/1941,44.6313
11/08/1941,41.4926
18/08/1941,38.662
25/08/1941,36.7558
01/09/1941,36.7147
08/09/1941,35.4664
15/09/1941,33.0293
22/09/1941,30.6989
29/09/1941,28.6158
06/10/1941,26.9902
13/10/1941,26.4606
20/10/1941,33.6163
27/10/1941,29.2756
03/11/1941,30.3545
10/11/1941,32.4788
17/11/1941,65.8462
24/11/1941,233.647
01/12/1941,258.822
08/12/1941,237.405
15/12/1941,340.994
22/12/1941,303.621
29/12/1941,155.643
05/01/1942,202.432
12/01/1942,135.191
19/01/1942,163.352
26/01/1942,342.62
02/02/1942,808.228
09/02/1942,477.649
16/02/1942,163.01
23/02/1942,77.231
02/03/1942,71.8315
09/03/1942,132.96
16/03/1942,131.904
23/03/1942,304.911
30/03/1942,105.145
06/04/1942,186.75
13/04/1942,302.239
20/04/1942,125.323
27/04/1942,78.7389
04/05/1942,73.3729
11/05/1942,68.3495
18/05/1942,79.265
25/05/1942,188.967
01/06/1942,443.512
08/06/1942,195.514
15/06/1942,77.5322
22/06/1942,72.7101
29/06/1942,67.6237
06/07/1942,62.9071
13/07/1942,58.7163
20/07/1942,54.631
27/07/1942,50.7872
03/08/1942,47.2297
10/08/1942,43.9182
17/08/1942,40.8624
24/08/1942,38.0199
31/08/1942,35.475
07/09/1942,34.1381
14/09/1942,32.0925
21/09/1942,29.9882
28/09/1942,28.7575
05/10/1942,33.9669
12/10/1942,40.865
19/10/1942,34.866
26/10/1942,83.8038
02/11/1942,265.002
09/11/1942,303.559
16/11/1942,194.66
23/11/1942,65.3745
30/11/1942,51.6382
07/12/1942,133.656
14/12/1942,338.787
21/12/1942,698.047
28/12/1942,517.511
04/01/1943,316.17
11/01/1943,494.035
18/01/1943,981.549
25/01/1943,549.866
01/02/1943,796.738
08/02/1943,1089.32
15/02/1943,665.593
22/02/1943,268.185
01/03/1943,92.6138
08/03/1943,79.0809
15/03/1943,73.6857
22/03/1943,68.8145
29/03/1943,111.15
05/04/1943,80.0495
12/04/1943,64.6301
19/04/1943,60.4615
26/04/1943,57.3234
03/05/1943,54.9635
10/05/1943,56.3596
17/05/1943,89.2103
24/05/1943,53.8587
31/05/1943,52.0747
07/06/1943,57.8434
14/06/1943,51.9823
21/06/1943,49.7524
28/06/1943,46.9122
05/07/1943,43.6066
12/07/1943,40.6872
19/07/1943,38.4709
26/07/1943,37.348
02/08/1943,34.9114
09/08/1943,32.8312
16/08/1943,30.8448
23/08/1943,29.0251
30/08/1943,28.9702
06/09/1943,29.6664
13/09/1943,33.7243
20/09/1943,170.593
27/09/1943,122.16
04/10/1943,62.1639
11/10/1943,44.0765
18/10/1943,75.1139
25/10/1943,494.566
01/11/1943,252.385
08/11/1943,340.828
15/11/1943,233.916
22/11/1943,168.537
29/11/1943,254.128
06/12/1943,337.562
13/12/1943,466.494
20/12/1943,341.928
27/12/1943,436.995
03/01/1944,152.909
10/01/1944,126.516
17/01/1944,283.286
24/01/1944,301.078
31/01/1944,476.029
07/02/1944,205.598
14/02/1944,124.775
21/02/1944,140.996
28/02/1944,86.7369
06/03/1944,82.5865
13/03/1944,76.8203
20/03/1944,72.531
27/03/1944,67.8129
03/04/1944,65.413
10/04/1944,69.8296
17/04/1944,65.6934
24/04/1944,72.1761
01/05/1944,60.8887
08/05/1944,57.1903
15/05/1944,53.5054
22/05/1944,49.9586
29/05/1944,46.5556
05/06/1944,43.4639
12/06/1944,40.5325
19/06/1944,37.7998
26/06/1944,35.1488
03/07/1944,33.2834
10/07/1944,34.674
17/07/1944,33.7419
24/07/1944,32.1783
31/07/1944,30.4365
07/08/1944,28.628
14/08/1944,26.6734
21/08/1944,24.8741
28/08/1944,25.0832
04/09/1944,73.7097
11/09/1944,239.858
18/09/1944,87.3026
25/09/1944,46.7135
02/10/1944,51.1198
09/10/1944,44.7162
16/10/1944,162.311
23/10/1944,1142.35
30/10/1944,576.416
06/11/1944,293.758
13/11/1944,537.568
20/11/1944,697.333
27/11/1944,1169.58
04/12/1944,851.115
11/12/1944,881.553
18/12/1944,800.406
25/12/1944,514.381
01/01/1945,165.977
08/01/1945,135.968
15/01/1945,90.2112
22/01/1945,205.57
29/01/1945,119.079
05/02/1945,999.194
12/02/1945,1013.69
19/02/1945,683.834
26/02/1945,231.905
05/03/1945,103.966
12/03/1945,83.5912
19/03/1945,77.7602
26/03/1945,103.188
02/04/1945,89.2991
09/04/1945,112.102
16/04/1945,75.2367
23/04/1945,70.1752
30/04/1945,65.4279
07/05/1945,84.0905
14/05/1945,71.3167
21/05/1945,64.4932
28/05/1945,66.9625
04/06/1945,100.74
11/06/1945,301.642
18/06/1945,157.169
25/06/1945,70.9298
02/07/1945,67.3561
09/07/1945,63.9821
16/07/1945,59.8239
23/07/1945,56.6893
30/07/1945,54.0522
06/08/1945,50.872
13/08/1945,47.7847
20/08/1945,44.7383
27/08/1945,42.1177
03/09/1945,39.9655
10/09/1945,43.0766
17/09/1945,39.3456
24/09/1945,59.927
01/10/1945,47.329
08/10/1945,41.708
15/10/1945,38.7652
22/10/1945,49.8292
29/10/1945,691.041
05/11/1945,500.029
12/11/1945,253.198
19/11/1945,73.3619
26/11/1945,91.1643
03/12/1945,86.9171
10/12/1945,395.357
17/12/1945,227.098
24/12/1945,491.185
31/12/1945,910.846
07/01/1946,451.513
14/01/1946,542.006
21/01/1946,308.822
28/01/1946,221.154
04/02/1946,817.798
11/02/1946,1072.32
18/02/1946,455.995
25/02/1946,217.855
04/03/1946,293.477
11/03/1946,157.454
18/03/1946,101.617
25/03/1946,178.482
01/04/1946,109.995
08/04/1946,132.142
15/04/1946,90.3977
22/04/1946,80.7385
29/04/1946,157.012
06/05/1946,195.204
13/05/1946,115.569
20/05/1946,175.468
27/05/1946,333.577
03/06/1946,406.669
10/06/1946,321.008
17/06/1946,246.211
24/06/1946,198.41
01/07/1946,159.566
08/07/1946,91.3216
15/07/1946,83.1177
22/07/1946,78.8037
29/07/1946,74.5661
05/08/1946,70.9789
12/08/1946,86.7365
19/08/1946,132.08
26/08/1946,82.8525
02/09/1946,251.046
09/09/1946,719.262
16/09/1946,490.257
23/09/1946,420.543
30/09/1946,307.617
07/10/1946,168.459
14/10/1946,83.7148
21/10/1946,97.5524
28/10/1946,117.491
04/11/1946,94.4809
11/11/1946,78.5903
18/11/1946,136.599
25/11/1946,665.517
02/12/1946,1381.59
09/12/1946,1152.02
16/12/1946,920.948
23/12/1946,328.84
30/12/1946,396.487
06/01/1947,431.849
13/01/1947,635.897
20/01/1947,689.732
27/01/1947,241.483
03/02/1947,114.157
10/02/1947,305.457
17/02/1947,190.132
24/02/1947,94.4027
03/03/1947,180.175
10/03/1947,227.992
17/03/1947,950.617
24/03/1947,1095.68
31/03/1947,670.148
07/04/1947,488.465
14/04/1947,435.43
21/04/1947,152.951
28/04/1947,153.24
05/05/1947,176.42
12/05/1947,140.437
19/05/1947,126.319
26/05/1947,114.566
02/06/1947,98.1573
09/06/1947,93.1055
16/06/1947,88.2761
23/06/1947,83.7343
30/06/1947,78.4197
07/07/1947,74.0764
14/07/1947,70.7637
21/07/1947,66.4579
28/07/1947,62.3757
04/08/1947,58.1581
11/08/1947,54.4056
18/08/1947,50.5668
25/08/1947,46.9991
01/09/1947,43.683
08/09/1947,40.6008
15/09/1947,37.7362
22/09/1947,35.0757
29/09/1947,32.6045
06/10/1947,30.3041
13/10/1947,28.1661
20/10/1947,26.179
27/10/1947,24.3333
03/11/1947,22.6174
10/11/1947,21.0315
17/11/1947,19.6265
24/11/1947,19.8639
01/12/1947,20.9178
08/12/1947,40.3785
15/12/1947,36.1883
22/12/1947,25.278
29/12/1947,256.268
05/01/1948,544.507
12/01/1948,737.563
19/01/1948,1251.61
26/01/1948,710.13
02/02/1948,1025
09/02/1948,856.544
16/02/1948,452.479
23/02/1948,151.515
01/03/1948,73.3674
08/03/1948,62.0788
15/03/1948,57.7304
22/03/1948,69.3708
29/03/1948,56.2481
05/04/1948,227.877
12/04/1948,252.398
19/04/1948,78.7914
26/04/1948,92.7796
03/05/1948,69.8556
10/05/1948,94.3713
17/05/1948,64.1418
24/05/1948,59.7864
31/05/1948,94.0855
07/06/1948,239.208
14/06/1948,135.72
21/06/1948,74.0189
28/06/1948,67.454
05/07/1948,64.3833
12/07/1948,61.267
19/07/1948,58.2381
26/07/1948,55.6284
02/08/1948,52.1681
09/08/1948,70.0117
16/08/1948,124.479
23/08/1948,73.7544
30/08/1948,63.0231
06/09/1948,110.301
13/09/1948,117.568
20/09/1948,143.216
27/09/1948,63.9044
04/10/1948,65.5437
11/10/1948,58.0776
18/10/1948,242.187
25/10/1948,532.927
01/11/1948,333.971
08/11/1948,381.989
15/11/1948,287.389
22/11/1948,322.188
29/11/1948,119.468
06/12/1948,149.175
13/12/1948,805.511
20/12/1948,845.368
27/12/1948,271.366
03/01/1949,388.464
10/01/1949,461.02
17/01/1949,215.675
24/01/1949,108.13
31/01/1949,86.4966
07/02/1949,80.8306
14/02/1949,297.224
21/02/1949,143.626
28/02/1949,103.896
07/03/1949,178.31
14/03/1949,239.495
21/03/1949,128.443
28/03/1949,81.9198
04/04/1949,96.6842
11/04/1949,210.086
18/04/1949,92.2645
25/04/1949,77.6187
02/05/1949,73.0358
09/05/1949,68.4456
16/05/1949,63.7304
23/05/1949,59.8976
30/05/1949,61.744
06/06/1949,90.5977
13/06/1949,60.8329
20/06/1949,56.5709
27/06/1949,52.5794
04/07/1949,48.8695
11/07/1949,45.4219
18/07/1949,42.2193
25/07/1949,39.2516
01/08/1949,36.4823
08/08/1949,33.9192
15/08/1949,31.544
22/08/1949,29.3208
29/08/1949,27.2544
05/09/1949,25.3424
12/09/1949,23.5605
19/09/1949,21.904
26/09/1949,20.4939
03/10/1949,19.1468
10/10/1949,17.9612
17/10/1949,18.4646
24/10/1949,365.502
31/10/1949,970.789
07/11/1949,427.774
14/11/1949,575.638
21/11/1949,640.704
28/11/1949,702.189
05/12/1949,370.55
12/12/1949,378.244
19/12/1949,466.026
26/12/1949,337.109
02/01/1950,136.734
09/01/1950,120.823
16/01/1950,99.9847
23/01/1950,116.224
30/01/1950,70.6747
06/02/1950,562.006
13/02/1950,1308.03
20/02/1950,773.623
27/02/1950,566.214
06/03/1950,321.072
13/03/1950,113.148
20/03/1950,215.666
27/03/1950,254.73
03/04/1950,100.865
10/04/1950,86.787
17/04/1950,99.1715
24/04/1950,113.958
01/05/1950,169.516
08/05/1950,134.252
15/05/1950,94.2064
22/05/1950,82.1667
29/05/1950,86.898
05/06/1950,77.3057
12/06/1950,71.8573
19/06/1950,66.9357
26/06/1950,62.661
03/07/1950,58.5958
10/07/1950,55.0512
17/07/1950,55.3548
24/07/1950,65.1884
31/07/1950,68.7987
07/08/1950,94.5623
14/08/1950,73.0182
21/08/1950,135.891
28/08/1950,342.764
04/09/1950,541.469
11/09/1950,484.297
18/09/1950,421.921
25/09/1950,414.804
02/10/1950,470.534
09/10/1950,393.258
16/10/1950,193.067
23/10/1950,100.282
30/10/1950,96.8516
06/11/1950,193.675
13/11/1950,331.675
20/11/1950,926.189
27/11/1950,1307.9
04/12/1950,822.886
11/12/1950,544.566
18/12/1950,488.186
25/12/1950,544.639
01/01/1951,240.964
08/01/1951,683.105
15/01/1951,976.894
22/01/1951,598.934
29/01/1951,284.059
05/02/1951,279.977
12/02/1951,551.631
19/02/1951,562.055
26/02/1951,742.376
05/03/1951,382.565
12/03/1951,386.837
19/03/1951,516.785
26/03/1951,495.257
02/04/1951,375.858
09/04/1951,505.328
16/04/1951,620.005
23/04/1951,275.89
30/04/1951,112.685
07/05/1951,225.985
14/05/1951,141.699
21/05/1951,99.3593
28/05/1951,133.326
04/06/1951,125.622
11/06/1951,92.9003
18/06/1951,89.8752
25/06/1951,84.5997
02/07/1951,78.9458
09/07/1951,73.4686
16/07/1951,68.4548
23/07/1951,63.6835
30/07/1951,59.2537
06/08/1951,55.1007
13/08/1951,51.4901
20/08/1951,48.5103
27/08/1951,46.2347
03/09/1951,46.9317
10/09/1951,47.4967
17/09/1951,45.6376
24/09/1951,43.9516
01/10/1951,130.276
08/10/1951,70.4364
15/10/1951,48.6966
22/10/1951,52.4626
29/10/1951,56.1815
05/11/1951,273.319
12/11/1951,1184.35
19/11/1951,810.034
26/11/1951,858.512
03/12/1951,465.187
10/12/1951,349.116
17/12/1951,253.782
24/12/1951,128.572
31/12/1951,521.261
07/01/1952,850.667
14/01/1952,680.198
21/01/1952,629.481
28/01/1952,271.141
04/02/1952,375.676
11/02/1952,286.652
18/02/1952,208.745
25/02/1952,99.4194
03/03/1952,82.9915
10/03/1952,445.14
17/03/1952,354.027
24/03/1952,188.571
31/03/1952,149.422
07/04/1952,106.102
14/04/1952,211.489
21/04/1952,284.654
28/04/1952,235.371
05/05/1952,219.283
12/05/1952,470.844
19/05/1952,253.575
26/05/1952,98.3155
02/06/1952,86.7688
09/06/1952,83.1911
16/06/1952,79.5331
23/06/1952,75.4475
30/06/1952,70.4752
07/07/1952,65.5837
14/07/1952,61.6649
21/07/1952,57.3742
28/07/1952,53.3457
04/08/1952,49.585
11/08/1952,46.6605
18/08/1952,72.366
25/08/1952,138.484
01/09/1952,50.4743
08/09/1952,49.2697
15/09/1952,191.885
22/09/1952,108.504
29/09/1952,137.051
06/10/1952,283.793
13/10/1952,119.349
20/10/1952,361.607
27/10/1952,520.281
03/11/1952,676.927
10/11/1952,444.717
17/11/1952,200.177
24/11/1952,440.706
01/12/1952,684.485
08/12/1952,670.511
15/12/1952,364.152
22/12/1952,635.603
29/12/1952,652.278
05/01/1953,417.736
12/01/1953,198.762
19/01/1953,92.8164
26/01/1953,85.2123
02/02/1953,118.528
09/02/1953,95.601
16/02/1953,426.321
23/02/1953,260.597
02/03/1953,109.78
09/03/1953,80.7946
16/03/1953,76.6869
23/03/1953,71.9993
30/03/1953,85.3667
06/04/1953,236.579
13/04/1953,242.199
20/04/1953,123.457
27/04/1953,77.4064
04/05/1953,148.912
11/05/1953,76.7841
18/05/1953,84.666
25/05/1953,132.75
01/06/1953,75.7859
08/06/1953,70.088
15/06/1953,65.3218
22/06/1953,61.2206
29/06/1953,57.8049
06/07/1953,54.1326
13/07/1953,50.708
20/07/1953,49.4761
27/07/1953,48.082
03/08/1953,51.2665
10/08/1953,46.274
17/08/1953,43.1237
24/08/1953,44.1299
31/08/1953,66.4418
07/09/1953,79.6155
14/09/1953,47.433
21/09/1953,142.284
28/09/1953,534.018
05/10/1953,238.88
12/10/1953,69.6345
19/10/1953,60.1534
26/10/1953,149.626
02/11/1953,520.754
09/11/1953,673.031
16/11/1953,365.211
23/11/1953,123.692
30/11/1953,227.01
07/12/1953,210.098
14/12/1953,134.831
21/12/1953,102.689
28/12/1953,111.397
04/01/1954,87.6961
11/01/1954,78.3626
18/01/1954,228.451
25/01/1954,186.083
01/02/1954,166.184
08/02/1954,81.3556
15/02/1954,596.936
22/02/1954,490.51
01/03/1954,476.458
08/03/1954,638.96
15/03/1954,460.891
22/03/1954,426.897
29/03/1954,277.682
05/04/1954,357.537
12/04/1954,204.435
19/04/1954,90.4531
26/04/1954,83.6657
03/05/1954,86.4838
10/05/1954,94.9856
17/05/1954,74.4785
24/05/1954,69.4961
31/05/1954,66.6664
07/06/1954,62.6596
14/06/1954,88.9977
21/06/1954,75.2594
28/06/1954,62.2749
05/07/1954,58.5885
12/07/1954,56.5171
19/07/1954,53.9594
26/07/1954,55.9548
02/08/1954,66.2966
09/08/1954,83.6109
16/08/1954,154.355
23/08/1954,182.893
30/08/1954,90.8042
06/09/1954,61.8049
13/09/1954,108.06
20/09/1954,216.474
27/09/1954,277.013
04/10/1954,308.554
11/10/1954,351.899
18/10/1954,190.155
25/10/1954,254.196
01/11/1954,458.127
08/11/1954,412.851
15/11/1954,701.937
22/11/1954,375.887
29/11/1954,1321.41
06/12/1954,1148.01
13/12/1954,1129.78
20/12/1954,714.534
27/12/1954,318.494
03/01/1955,171.773
10/01/1955,251.477
17/01/1955,374.284
24/01/1955,614.462
31/01/1955,582.143
07/02/1955,850.568
14/02/1955,660.28
21/02/1955,343.858
28/02/1955,184.803
07/03/1955,254.646
14/03/1955,128.67
21/03/1955,95.3157
28/03/1955,229.97
04/04/1955,155.371
11/04/1955,147.674
18/04/1955,91.2409
25/04/1955,84.8027
02/05/1955,82.8594
09/05/1955,94.3261
16/05/1955,91.8537
23/05/1955,375.941
30/05/1955,229.497
06/06/1955,182.251
13/06/1955,419.293
20/06/1955,289.401
27/06/1955,137.779
04/07/1955,88.2072
11/07/1955,82.6508
18/07/1955,77.243
25/07/1955,73.1117
01/08/1955,67.9644
08/08/1955,63.169
15/08/1955,58.7859
22/08/1955,54.6737
29/08/1955,50.8238
05/09/1955,47.2379
12/09/1955,43.9058
19/09/1955,40.8192
26/09/1955,37.9524
03/10/1955,35.2796
10/10/1955,32.8187
17/10/1955,30.5281
24/10/1955,28.467
31/10/1955,26.4963
07/11/1955,25.1098
14/11/1955,235.823
21/11/1955,105.166
28/11/1955,35.0204
05/12/1955,33.4835
12/12/1955,104.509
19/12/1955,756.591
26/12/1955,619.69
02/01/1956,796.119
09/01/1956,394.694
16/01/1956,518.951
23/01/1956,500.49
30/01/1956,653.49
06/02/1956,398.102
13/02/1956,118.679
20/02/1956,75.0199
27/02/1956,67.931
05/03/1956,95.8849
12/03/1956,75.636
19/03/1956,63.0317
26/03/1956,163.425
02/04/1956,82.9262
09/04/1956,61.2387
16/04/1956,88.4921
23/04/1956,64.0205
30/04/1956,62.7804
07/05/1956,56.9547
14/05/1956,53.6008
21/05/1956,50.048
28/05/1956,46.5607
04/06/1956,43.4093
11/06/1956,40.6056
18/06/1956,37.8668
25/06/1956,35.296
02/07/1956,32.8198
09/07/1956,30.529
16/07/1956,28.3796
23/07/1956,26.389
30/07/1956,24.5354
06/08/1956,22.9435
13/08/1956,21.4862
20/08/1956,20.1511
27/08/1956,19.0333
03/09/1956,37.3042
10/09/1956,388.902
17/09/1956,281.802
24/09/1956,140.387
01/10/1956,295.927
08/10/1956,519.537
15/10/1956,184.39
22/10/1956,114.923
29/10/1956,87.5301
05/11/1956,60.8834
12/11/1956,87.1875
19/11/1956,70.219
26/11/1956,61.9391
03/12/1956,73.7096
10/12/1956,59.564
17/12/1956,256.661
24/12/1956,325.852
31/12/1956,793.391
07/01/1957,740.145
14/01/1957,419.133
21/01/1957,152.003
28/01/1957,324.41
04/02/1957,571.578
11/02/1957,877.076
18/02/1957,959.777
25/02/1957,574.864
04/03/1957,445.819
11/03/1957,349.967
18/03/1957,314.913
25/03/1957,383.507
01/04/1957,297.676
08/04/1957,111.138
15/04/1957,87.1181
22/04/1957,81.5478
29/04/1957,75.9698
06/05/1957,70.6095
13/05/1957,66.6401
20/05/1957,65.45
27/05/1957,61.9957
03/06/1957,57.7778
10/06/1957,56.2251
17/06/1957,52.6488
24/06/1957,49.7109
01/07/1957,46.4194
08/07/1957,43.3653
15/07/1957,40.6193
22/07/1957,38.7125
29/07/1957,37.0334
05/08/1957,35.113
12/08/1957,51.1696
19/08/1957,82.5029
26/08/1957,40.0051
02/09/1957,44.4462
09/09/1957,49.331
16/09/1957,521.081
23/09/1957,361.414
30/09/1957,339.673
07/10/1957,116.722
14/10/1957,57.8122
21/10/1957,179.244
28/10/1957,231.882
04/11/1957,698.008
11/11/1957,920.26
18/11/1957,272.178
25/11/1957,91.5889
02/12/1957,68.4856
09/12/1957,111.392
16/12/1957,606.797
23/12/1957,409.528
30/12/1957,247.741
06/01/1958,205.002
13/01/1958,725.814
20/01/1958,392.483
27/01/1958,220.48
03/02/1958,247.496
10/02/1958,310.28
17/02/1958,697.664
24/02/1958,350.436
03/03/1958,463.393
10/03/1958,207.784
17/03/1958,134.838
24/03/1958,89.944
31/03/1958,154.214
07/04/1958,115.14
14/04/1958,87.4602
21/04/1958,81.8576
28/04/1958,82.8233
05/05/1958,75.1558
12/05/1958,71.819
19/05/1958,72.2799
26/05/1958,104.26
02/06/1958,116.234
09/06/1958,265.446
16/06/1958,173.362
23/06/1958,76.8793
30/06/1958,74.3546
07/07/1958,71.2068
14/07/1958,67.758
21/07/1958,65.2375
28/07/1958,62.5081
04/08/1958,60.9478
11/08/1958,69.3128
18/08/1958,66.9628
25/08/1958,145.154
01/09/1958,134.581
08/09/1958,210.173
15/09/1958,138.427
22/09/1958,191.527
29/09/1958,483.353
06/10/1958,840.34
13/10/1958,757.027
20/10/1958,386.585
27/10/1958,129.728
03/11/1958,122.017
10/11/1958,324.074
17/11/1958,262.558
24/11/1958,176.608
01/12/1958,110.899
08/12/1958,83.2253
15/12/1958,351.552
22/12/1958,645.617
29/12/1958,479.852
05/01/1959,652.229
12/01/1959,745.602
19/01/1959,435.236
26/01/1959,998.288
02/02/1959,384.995
09/02/1959,124.455
16/02/1959,115.277
23/02/1959,87.073
02/03/1959,81.0699
09/03/1959,375.841
16/03/1959,312.433
23/03/1959,148.971
30/03/1959,187.687
06/04/1959,188.031
13/04/1959,133.88
20/04/1959,286.969
27/04/1959,203.268
04/05/1959,259.165
11/05/1959,155.251
18/05/1959,106.675
25/05/1959,88.1674
01/06/1959,82.406
08/06/1959,76.9587
15/06/1959,72.1287
22/06/1959,67.0474
29/06/1959,62.3603
06/07/1959,58.0001
13/07/1959,53.9096
20/07/1959,50.1094
27/07/1959,46.5745
03/08/1959,43.3189
10/08/1959,40.2725
17/08/1959,38.6321
24/08/1959,36.6042
31/08/1959,34.1138
07/09/1959,31.7096
14/09/1959,29.4757
21/09/1959,27.3959
28/09/1959,25.4656
05/10/1959,23.6689
12/10/1959,21.9991
19/10/1959,20.4507
26/10/1959,19.1244
02/11/1959,21.1288
09/11/1959,21.0001
16/11/1959,154.663
23/11/1959,402.895
30/11/1959,696.837
07/12/1959,1171.52
14/12/1959,1249.87
21/12/1959,1212.95
28/12/1959,1064.18
04/01/1960,1009.07
11/01/1960,421.708
18/01/1960,225.424
25/01/1960,575.599
01/02/1960,668.033
08/02/1960,518.069
15/02/1960,284.354
22/02/1960,326.635
29/02/1960,538.211
07/03/1960,450.321
14/03/1960,317.088
21/03/1960,256.407
28/03/1960,116.216
04/04/1960,390.375
11/04/1960,473.085
18/04/1960,286.237
25/04/1960,140.299
02/05/1960,87.3037
09/05/1960,82.1176
16/05/1960,88.0305
23/05/1960,76.6614
30/05/1960,71.8303
06/06/1960,66.7923
13/06/1960,62.4062
20/06/1960,58.3141
27/06/1960,54.2434
04/07/1960,50.4322
11/07/1960,46.913
18/07/1960,44.0452
25/07/1960,44.4386
01/08/1960,47.7344
08/08/1960,46.9967
15/08/1960,63.0851
22/08/1960,51.6996
29/08/1960,93.8777
05/09/1960,152.786
12/09/1960,92.0667
19/09/1960,91.5876
26/09/1960,99.0932
03/10/1960,681.68
10/10/1960,1551.05
17/10/1960,721.171
24/10/1960,755.444
31/10/1960,1690.52
07/11/1960,859.241
14/11/1960,509.093
21/11/1960,613.293
28/11/1960,687.64
05/12/1960,1061.32
12/12/1960,1146.99
19/12/1960,375.423
26/12/1960,270.597
02/01/1961,673.01
09/01/1961,833.768
16/01/1961,537.738
23/01/1961,286.142
30/01/1961,470.258
06/02/1961,1066.59
13/02/1961,785.775
20/02/1961,300.868
27/02/1961,251.319
06/03/1961,375.852
13/03/1961,127.937
20/03/1961,94.5195
27/03/1961,87.8878
03/04/1961,88.1156
10/04/1961,227.005
17/04/1961,260.624
24/04/1961,300.061
01/05/1961,442.994
08/05/1961,358.938
15/05/1961,182.781
22/05/1961,89.4287
29/05/1961,83.1409
05/06/1961,77.4021
12/06/1961,71.965
19/06/1961,67.0436
26/06/1961,62.3193
03/07/1961,57.9244
10/07/1961,53.8431
17/07/1961,50.0629
24/07/1961,46.551
31/07/1961,43.2674
07/08/1961,40.2159
14/08/1961,37.4913
21/08/1961,35.1762
28/08/1961,33.6162
04/09/1961,31.4572
11/09/1961,29.4049
18/09/1961,28.4206
25/09/1961,26.7706
02/10/1961,26.0896
09/10/1961,89.1333
16/10/1961,162.208
23/10/1961,101.532
30/10/1961,270.481
06/11/1961,184.346
13/11/1961,204.609
20/11/1961,85.0418
27/11/1961,55.2352
04/12/1961,306.402
11/12/1961,701.386
18/12/1961,620.098
25/12/1961,192.67
01/01/1962,85.892
08/01/1962,247.611
15/01/1962,902.184
22/01/1962,938.425
29/01/1962,842.084
05/02/1962,409.875
12/02/1962,294.995
19/02/1962,255.816
26/02/1962,103.634
05/03/1962,81.0519
12/03/1962,100.23
19/03/1962,99.4839
26/03/1962,84.6589
02/04/1962,197.022
09/04/1962,404.239
16/04/1962,265.262
23/04/1962,200.957
30/04/1962,127.482
07/05/1962,84.0078
14/05/1962,93.0486
21/05/1962,97.1722
28/05/1962,104.452
04/06/1962,82.693
11/06/1962,75.9351
18/06/1962,70.8311
25/06/1962,66.0821
02/07/1962,61.449
09/07/1962,57.1171
16/07/1962,53.0967
23/07/1962,49.3615
30/07/1962,45.8901
06/08/1962,42.6557
13/08/1962,39.7789
20/08/1962,38.4121
27/08/1962,38.7126
03/09/1962,37.1013
10/09/1962,35.8757
17/09/1962,43.2574
24/09/1962,38.6685
01/10/1962,76.1691
08/10/1962,91.5324
15/10/1962,41.826
22/10/1962,38.8966
29/10/1962,68.1022
05/11/1962,226.459
12/11/1962,442.914
19/11/1962,382.616
26/11/1962,552.841
03/12/1962,222.037
10/12/1962,127.179
17/12/1962,237.321
24/12/1962,167.15
31/12/1962,78.8155
07/01/1963,66.6875
14/01/1963,61.9821
21/01/1963,57.6088
28/01/1963,69.3815
04/02/1963,330.993
11/02/1963,383.526
18/02/1963,399.62
25/02/1963,264.715
04/03/1963,485.895
11/03/1963,974.737
18/03/1963,1187.82
25/03/1963,788.296
01/04/1963,538.82
08/04/1963,230.674
15/04/1963,217.968
22/04/1963,568.569
29/04/1963,413.03
06/05/1963,228.681
13/05/1963,135.584
20/05/1963,117.536
27/05/1963,100.544
03/06/1963,85.2084
10/06/1963,79.6619
17/06/1963,74.1572
24/06/1963,69.4258
01/07/1963,65.561
08/07/1963,118.411
15/07/1963,98.8431
22/07/1963,92.3319
29/07/1963,67.9701
05/08/1963,63.3714
12/08/1963,59.306
19/08/1963,61.1918
26/08/1963,75.1127
02/09/1963,152.997
09/09/1963,260.475
16/09/1963,140.797
23/09/1963,67.3806
30/09/1963,124.357
07/10/1963,150.443
14/10/1963,114.624
21/10/1963,79.0717
28/10/1963,78.1751
04/11/1963,302.06
11/11/1963,758.489
18/11/1963,760.008
25/11/1963,1130.42
02/12/1963,778.297
09/12/1963,409.995
16/12/1963,388.443
23/12/1963,178.742
30/12/1963,154.515
06/01/1964,121.809
13/01/1964,88.8543
20/01/1964,91.3616
27/01/1964,81.6787
03/02/1964,218.213
10/02/1964,137.539
17/02/1964,112.98
24/02/1964,141.482
02/03/1964,386.531
09/03/1964,219.106
16/03/1964,193.108
23/03/1964,519.728
30/03/1964,508.704
06/04/1964,186.596
13/04/1964,104.294
20/04/1964,124.325
27/04/1964,231.518
04/05/1964,193.617
11/05/1964,121.612
18/05/1964,89.5861
25/05/1964,113.305
01/06/1964,123.103
08/06/1964,157.998
15/06/1964,191.179
22/06/1964,149.943
29/06/1964,87.9114
06/07/1964,82.0601
13/07/1964,77.5968
20/07/1964,74.6183
27/07/1964,69.5398
03/08/1964,64.6368
10/08/1964,60.1439
17/08/1964,55.9932
24/08/1964,52.1666
31/08/1964,48.5472
07/09/1964,45.1244
14/09/1964,41.9501
21/09/1964,39.0352
28/09/1964,36.312
05/10/1964,33.7525
12/10/1964,32.0899
19/10/1964,32.45
26/10/1964,33.9791
02/11/1964,32.4873
09/11/1964,30.2327
16/11/1964,110.198
23/11/1964,347.133
30/11/1964,170.55
07/12/1964,229.532
14/12/1964,509.444
21/12/1964,353.582
28/12/1964,105.027
04/01/1965,548.41
11/01/1965,401.937
18/01/1965,751.105
25/01/1965,915.542
01/02/1965,482.852
08/02/1965,226.068
15/02/1965,83.1406
22/02/1965,93.8742
01/03/1965,76.1422
08/03/1965,103.511
15/03/1965,154.08
22/03/1965,491.375
29/03/1965,495.922
05/04/1965,201.591
12/04/1965,122.586
19/04/1965,139.484
26/04/1965,83.7527
03/05/1965,81.9507
10/05/1965,109.343
17/05/1965,83.5021
24/05/1965,94.4482
31/05/1965,96.2815
07/06/1965,74.9286
14/06/1965,70.8963
21/06/1965,99.6131
28/06/1965,97.7658
05/07/1965,70.4558
12/07/1965,72.785
19/07/1965,229.357
26/07/1965,179.034
02/08/1965,247.801
09/08/1965,251.698
16/08/1965,90.4932
23/08/1965,106.326
30/08/1965,152.813
06/09/1965,99.5604
13/09/1965,193.456
20/09/1965,281.823
27/09/1965,289.112
04/10/1965,296.192
11/10/1965,149.371
18/10/1965,82.3675
25/10/1965,76.9122
01/11/1965,86.3281
08/11/1965,122.839
15/11/1965,282.555
22/11/1965,321.985
29/11/1965,532.881
06/12/1965,852.872
13/12/1965,1101.45
20/12/1965,1498.26
27/12/1965,991.495
03/01/1966,894.358
10/01/1966,700.773
17/01/1966,406.672
24/01/1966,153.397
31/01/1966,547.144
07/02/1966,460.113
14/02/1966,673.015
21/02/1966,458.021
28/02/1966,743.601
07/03/1966,592.354
14/03/1966,278.463
21/03/1966,124.638
28/03/1966,133.173
04/04/1966,116.743
11/04/1966,342.781
18/04/1966,669.149
25/04/1966,1173.26
02/05/1966,513.068
09/05/1966,324.995
16/05/1966,394.746
23/05/1966,220.858
30/05/1966,120.274
06/06/1966,95.1159
13/06/1966,190.52
20/06/1966,199.223
27/06/1966,212.414
04/07/1966,112.722
11/07/1966,92.8201
18/07/1966,86.2148
25/07/1966,81.5172
01/08/1966,76.8352
08/08/1966,89.287
15/08/1966,170.325
22/08/1966,87.1579
29/08/1966,75.4726
05/09/1966,146.387
12/09/1966,117.733
19/09/1966,88.1872
26/09/1966,73.4087
03/10/1966,78.5704
10/10/1966,213.309
17/10/1966,399.338
24/10/1966,664.484
31/10/1966,388.755
07/11/1966,322.974
14/11/1966,346.717
21/11/1966,201.243
28/11/1966,131.288
05/12/1966,473.708
12/12/1966,445.785
19/12/1966,833.593
26/12/1966,419.632
02/01/1967,774.306
09/01/1967,449.102
16/01/1967,149.171
23/01/1967,310.04
30/01/1967,650.652
06/02/1967,493.835
13/02/1967,176.91
20/02/1967,485.988
27/02/1967,956.286
06/03/1967,731.978
13/03/1967,647.834
20/03/1967,473.703
27/03/1967,186.363
03/04/1967,204.548
10/04/1967,148.208
17/04/1967,178.813
24/04/1967,98.7712
01/05/1967,93.8755
08/05/1967,135.366
15/05/1967,156.309
22/05/1967,155.659
29/05/1967,336.108
05/06/1967,232.363
12/06/1967,96.0524
19/06/1967,86.7076
26/06/1967,81.0244
03/07/1967,77.5078
10/07/1967,72.0928
17/07/1967,67.0492
24/07/1967,62.4074
31/07/1967,58.0681
07/08/1967,54.0782
14/08/1967,50.3942
21/08/1967,47.0574
28/08/1967,43.7863
04/09/1967,40.7143
11/09/1967,38.2216
18/09/1967,36.4851
25/09/1967,35.6986
02/10/1967,83.4851
09/10/1967,240.816
16/10/1967,295.072
23/10/1967,726.874
30/10/1967,650.489
06/11/1967,1589.45
13/11/1967,706.374
20/11/1967,295.536
27/11/1967,103.204
04/12/1967,210.77
11/12/1967,190.078
18/12/1967,358.952
25/12/1967,524.838
01/01/1968,499.18
08/01/1968,444.294
15/01/1968,842.838
22/01/1968,559.874
29/01/1968,224.392
05/02/1968,205.542
12/02/1968,446.095
19/02/1968,456.522
26/02/1968,175.031
04/03/1968,90.0347
11/03/1968,83.8552
18/03/1968,111.138
25/03/1968,252.35
01/04/1968,250.943
08/04/1968,215.383
15/04/1968,92.4393
22/04/1968,117.275
29/04/1968,121.618
06/05/1968,122.452
13/05/1968,240.022
20/05/1968,237.812
27/05/1968,142.054
03/06/1968,142.239
10/06/1968,90.4099
17/06/1968,84.5955
24/06/1968,84.8931
01/07/1968,262.195
08/07/1968,306.737
15/07/1968,693.841
22/07/1968,376.428
29/07/1968,118.958
05/08/1968,83.2176
12/08/1968,78.2723
19/08/1968,80.2976
26/08/1968,73.2397
02/09/1968,68.6033
09/09/1968,66.1118
16/09/1968,80.3135
23/09/1968,236.073
30/09/1968,340.936
07/10/1968,248.934
14/10/1968,312.094
21/10/1968,264.053
28/10/1968,154.087
04/11/1968,399.873
11/11/1968,172.325
18/11/1968,95.7593
25/11/1968,163.589
02/12/1968,496.162
09/12/1968,340.477
16/12/1968,167.244
23/12/1968,639.067
30/12/1968,739.987
06/01/1969,298.317
13/01/1969,590.229
20/01/1969,853.139
27/01/1969,629.921
03/02/1969,381.941
10/02/1969,286.568
17/02/1969,212.188
24/02/1969,336.819
03/03/1969,560.914
10/03/1969,210.403
17/03/1969,479.981
24/03/1969,657.747
31/03/1969,266.209
07/04/1969,157.258
14/04/1969,97.4672
21/04/1969,92.3496
28/04/1969,189.754
05/05/1969,157.734
12/05/1969,198.137
19/05/1969,237.522
26/05/1969,180.072
02/06/1969,272.716
09/06/1969,133.214
16/06/1969,91.6447
23/06/1969,90.206
30/06/1969,85.2221
07/07/1969,79.3925
14/07/1969,74.1143
21/07/1969,68.8853
28/07/1969,64.026
04/08/1969,94.038
11/08/1969,74.3577
18/08/1969,197.347
25/08/1969,88.694
01/09/1969,67.0851
08/09/1969,62.4268
15/09/1969,71.5519
22/09/1969,157.816
29/09/1969,111.273
06/10/1969,66.5075
13/10/1969,62.0262
20/10/1969,71.105
27/10/1969,62.349
03/11/1969,57.555
10/11/1969,287.189
17/11/1969,883.737
24/11/1969,593.855
01/12/1969,231.119
08/12/1969,217.774
15/12/1969,210.72
22/12/1969,653.971
29/12/1969,584.421
05/01/1970,230.799
12/01/1970,377.858
19/01/1970,1115.46
26/01/1970,902.02
02/02/1970,790.086
09/02/1970,822.43
16/02/1970,619.8
23/02/1970,853.66
02/03/1970,597.947
09/03/1970,297.236
16/03/1970,278.093
23/03/1970,225.713
30/03/1970,208.115
06/04/1970,209.474
13/04/1970,131.372
20/04/1970,100.914
27/04/1970,284.243
04/05/1970,258.805
11/05/1970,129.948
18/05/1970,170.139
25/05/1970,103.677
01/06/1970,91.2036
08/06/1970,84.7774
15/06/1970,78.8692
22/06/1970,73.3563
29/06/1970,68.2529
06/07/1970,63.4741
13/07/1970,59.0027
20/07/1970,54.8446
27/07/1970,50.9831
03/08/1970,47.4076
10/08/1970,44.1114
17/08/1970,41.0845
24/08/1970,132.099
31/08/1970,72.1299
07/09/1970,64.0337
14/09/1970,378.106
21/09/1970,325.848
28/09/1970,85.0495
05/10/1970,59.8645
12/10/1970,76.3612
19/10/1970,83.8319
26/10/1970,84.4157
02/11/1970,235.915
09/11/1970,658.548
16/11/1970,577.946
23/11/1970,934.098
30/11/1970,795.896
07/12/1970,532.198
14/12/1970,316.205
21/12/1970,186.426
28/12/1970,115.026
04/01/1971,230.423
11/01/1971,414.804
18/01/1971,243.32
25/01/1971,782.15
01/02/1971,1261.93
08/02/1971,960.84
15/02/1971,353.018
22/02/1971,387.761
01/03/1971,205.097
08/03/1971,230.41
15/03/1971,142.72
22/03/1971,600.982
29/03/1971,371.462
05/04/1971,150.044
12/04/1971,103.042
19/04/1971,91.1994
26/04/1971,126.944
03/05/1971,118.73
10/05/1971,83.3615
17/05/1971,77.8099
24/05/1971,72.6791
31/05/1971,68.7096
07/06/1971,64.6618
14/06/1971,67.0826
21/06/1971,145.624
28/06/1971,132.305
05/07/1971,88.485
12/07/1971,66.056
19/07/1971,61.3952
26/07/1971,57.1065
02/08/1971,53.579
09/08/1971,52.1084
16/08/1971,76.2314
23/08/1971,58.9115
30/08/1971,52.4712
06/09/1971,49.7968
13/09/1971,46.338
20/09/1971,43.0685
27/09/1971,40.0609
04/10/1971,37.3731
11/10/1971,34.8936
18/10/1971,40.3252
25/10/1971,98.394
01/11/1971,39.9948
08/11/1971,56.8801
15/11/1971,75.7579
22/11/1971,188.323
29/11/1971,326.142
06/12/1971,463.681
13/12/1971,174.761
20/12/1971,130.184
27/12/1971,292.733
03/01/1972,227.954
10/01/1972,124.724
17/01/1972,695.823
24/01/1972,575.188
31/01/1972,458.973
07/02/1972,639.382
14/02/1972,506.196
21/02/1972,534.515
28/02/1972,409.969
06/03/1972,509.257
13/03/1972,722.747
20/03/1972,308.319
27/03/1972,117.589
03/04/1972,155.429
10/04/1972,292.024
17/04/1972,452.867
24/04/1972,196.263
01/05/1972,112.683
08/05/1972,137.064
15/05/1972,210.795
22/05/1972,120.162
29/05/1972,171.09
05/06/1972,164.562
12/06/1972,340.1
19/06/1972,323.517
26/06/1972,151.244
03/07/1972,112.67
10/07/1972,99.5475
17/07/1972,92.2663
24/07/1972,85.8731
31/07/1972,79.9864
07/08/1972,74.5268
14/08/1972,69.9024
21/08/1972,65.0267
28/08/1972,60.4394
04/09/1972,56.1749
11/09/1972,52.2139
18/09/1972,48.5456
25/09/1972,45.1236
02/10/1972,41.9397
09/10/1972,38.9806
16/10/1972,36.2414
23/10/1972,33.6858
30/10/1972,31.3334
06/11/1972,29.418
13/11/1972,41.5709
20/11/1972,207.603
27/11/1972,414.346
04/12/1972,409.22
11/12/1972,1134.6
18/12/1972,760.458
25/12/1972,269.168
01/01/1973,343.385
08/01/1973,141.29
15/01/1973,99.0766
22/01/1973,371.881
29/01/1973,277.706
05/02/1973,142.729
12/02/1973,148.342
19/02/1973,359.528
26/02/1973,145.309
05/03/1973,182.009
12/03/1973,139.762
19/03/1973,78.502
26/03/1973,73.4809
02/04/1973,85.7356
09/04/1973,187.039
16/04/1973,101.676
23/04/1973,94.517
30/04/1973,118.886
07/05/1973,134.41
14/05/1973,123.932
21/05/1973,87.3681
28/05/1973,126.954
04/06/1973,106.418
11/06/1973,78.1034
18/06/1973,72.6119
25/06/1973,67.8442
02/07/1973,70.2397
09/07/1973,62.5155
16/07/1973,59.3872
23/07/1973,74.0466
30/07/1973,60.4228
06/08/1973,71.7717
13/08/1973,137.456
20/08/1973,58.6216
27/08/1973,56.3803
03/09/1973,53.2698
10/09/1973,49.9006
17/09/1973,46.5093
24/09/1973,44.4337
01/10/1973,67.5936
08/10/1973,58.6141
15/10/1973,87.4384
22/10/1973,172.105
29/10/1973,75.1183
05/11/1973,66.756
12/11/1973,81.6389
19/11/1973,121.933
26/11/1973,69.7406
03/12/1973,154.185
10/12/1973,179.648
17/12/1973,223.913
24/12/1973,351.196
31/12/1973,280.325
07/01/1974,376.312
14/01/1974,820.705
21/01/1974,687.866
28/01/1974,389.362
04/02/1974,611.804
11/02/1974,1048.79
18/02/1974,1345.82
25/02/1974,496.958
04/03/1974,287.123
11/03/1974,248.875
18/03/1974,365.356
25/03/1974,277.974
01/04/1974,120.24
08/04/1974,89.8653
15/04/1974,84.9524
22/04/1974,79.5168
29/04/1974,74.0365
06/05/1974,70.5677
13/05/1974,103.498
20/05/1974,98.4644
27/05/1974,71.5967
03/06/1974,66.1128
10/06/1974,62.2601
17/06/1974,58.3114
24/06/1974,54.4519
01/07/1974,50.9042
08/07/1974,48.5286
15/07/1974,45.6688
22/07/1974,43.6439
29/07/1974,40.7322
05/08/1974,38.1899
12/08/1974,36.79
19/08/1974,41.5039
26/08/1974,38.2713
02/09/1974,43.5582
09/09/1974,518.442
16/09/1974,362.345
23/09/1974,193.12
30/09/1974,895.129
07/10/1974,672.671
14/10/1974,415.884
21/10/1974,335.795
28/10/1974,283.347
04/11/1974,204.497
11/11/1974,225.35
18/11/1974,515.871
25/11/1974,667.968
02/12/1974,434.337
09/12/1974,206.17
16/12/1974,226.293
23/12/1974,265.627
30/12/1974,716.755
06/01/1975,422.887
13/01/1975,216.129
20/01/1975,420.056
27/01/1975,896.503
03/02/1975,961.847
10/02/1975,396.558
17/02/1975,311.288
24/02/1975,222.362
03/03/1975,116.416
10/03/1975,409.298
17/03/1975,423.788
24/03/1975,213.981
31/03/1975,203.268
07/04/1975,184.006
14/04/1975,145.088
21/04/1975,255.327
28/04/1975,148.198
05/05/1975,98.5194
12/05/1975,91.616
19/05/1975,87.1598
26/05/1975,81.5921
02/06/1975,76.11
09/06/1975,70.8459
16/06/1975,65.8472
23/06/1975,61.2018
30/06/1975,56.8835
07/07/1975,52.8699
14/07/1975,49.1396
21/07/1975,45.6738
28/07/1975,42.4522
04/08/1975,39.457
11/08/1975,36.673
18/08/1975,34.0854
25/08/1975,31.6812
01/09/1975,29.446
08/09/1975,27.3683
15/09/1975,25.44
22/09/1975,23.8735
29/09/1975,30.2492
06/10/1975,32.626
13/10/1975,28.5078
20/10/1975,29.0578
27/10/1975,27.8096
03/11/1975,50.8249
10/11/1975,41.4815
17/11/1975,80.1496
24/11/1975,80.4922
01/12/1975,288.645
08/12/1975,652.708
15/12/1975,225.365
22/12/1975,98.2826
29/12/1975,79.5114
05/01/1976,158.427
12/01/1976,149.126
19/01/1976,65.5107
26/01/1976,86.0485
02/02/1976,192.301
09/02/1976,140.391
16/02/1976,378.016
23/02/1976,215.475
01/03/1976,119.193
08/03/1976,80.0617
15/03/1976,200.402
22/03/1976,314.969
29/03/1976,378.238
05/04/1976,185.386
12/04/1976,87.1958
19/04/1976,81.9707
26/04/1976,72.7522
03/05/1976,67.7859
10/05/1976,63.6756
17/05/1976,59.3641
24/05/1976,56.2019
31/05/1976,52.8616
07/06/1976,49.2804
14/06/1976,45.8169
21/06/1976,42.5953
28/06/1976,39.6125
05/07/1976,36.8175
12/07/1976,34.2198
19/07/1976,31.8053
26/07/1976,29.5612
02/08/1976,27.4754
09/08/1976,25.5368
16/08/1976,23.735
23/08/1976,22.0603
30/08/1976,20.5037
06/09/1976,19.0574
13/09/1976,17.7136
20/09/1976,16.5411
27/09/1976,43.1577
04/10/1976,993.256
11/10/1976,997.909
18/10/1976,1224.04
25/10/1976,861.018
01/11/1976,666.237
08/11/1976,570.736
15/11/1976,285.645
22/11/1976,190.432
29/11/1976,183.745
06/12/1976,921.916
13/12/1976,736.148
20/12/1976,416.872
27/12/1976,375.426
03/01/1977,389.53
10/01/1977,341.546
17/01/1977,315.859
24/01/1977,612.567
31/01/1977,874.105
07/02/1977,744.524
14/02/1977,746.711
21/02/1977,675.213
28/02/1977,916.609
07/03/1977,410.394
14/03/1977,228.876
21/03/1977,492.324
28/03/1977,492.543
04/04/1977,409.775
11/04/1977,190.618
18/04/1977,95.0334
25/04/1977,101.435
02/05/1977,163.32
09/05/1977,297.887
16/05/1977,263.889
23/05/1977,118.488
30/05/1977,88.4683
06/06/1977,82.3941
13/06/1977,80.845
20/06/1977,80.0561
27/06/1977,72.4511
04/07/1977,68.5097
11/07/1977,64.1163
18/07/1977,59.7246
25/07/1977,55.6296
01/08/1977,51.8156
08/08/1977,48.1701
15/08/1977,44.7907
22/08/1977,42.1072
29/08/1977,47.5171
05/09/1977,45.6112
12/09/1977,44.1035
19/09/1977,41.4398
26/09/1977,38.929
03/10/1977,37.6912
10/10/1977,63.7923
17/10/1977,55.6478
24/10/1977,41.918
31/10/1977,53.5114
07/11/1977,318.816
14/11/1977,513.464
21/11/1977,521.289
28/11/1977,330.005
05/12/1977,115.08
12/12/1977,465.91
19/12/1977,525.559
26/12/1977,339.911
02/01/1978,354.919
09/01/1978,216.759
16/01/1978,522.511
23/01/1978,494.362
30/01/1978,742.018
06/02/1978,702.084
13/02/1978,357.701
20/02/1978,140.72
27/02/1978,1338.45
06/03/1978,1064.73
13/03/1978,370.811
20/03/1978,400.259
27/03/1978,406.244
03/04/1978,637.169
10/04/1978,338.259
17/04/1978,129.096
24/04/1978,137.628
01/05/1978,120.644
08/05/1978,230.059
15/05/1978,116.769
22/05/1978,95.221
29/05/1978,88.5036
05/06/1978,82.4025
12/06/1978,76.8356
19/06/1978,71.453
26/06/1978,66.445
03/07/1978,61.7812
10/07/1978,57.4426
17/07/1978,53.4209
24/07/1978,49.6538
31/07/1978,46.1689
07/08/1978,44.3412
14/08/1978,42.1532
21/08/1978,39.8795
28/08/1978,37.1717
04/09/1978,34.5545
11/09/1978,32.1886
18/09/1978,29.986
25/09/1978,27.8766
02/10/1978,25.9205
09/10/1978,24.1024
16/10/1978,22.4029
23/10/1978,20.8259
30/10/1978,19.357
06/11/1978,17.9916
13/11/1978,16.7242
20/11/1978,15.5977
27/11/1978,14.8511
04/12/1978,14.2076
11/12/1978,21.3964
18/12/1978,312.111
25/12/1978,260.686
01/01/1979,672.907
08/01/1979,380.65
15/01/1979,521.155
22/01/1979,399.324
29/01/1979,414.434
05/02/1979,661.701
12/02/1979,631.567
19/02/1979,420.253
26/02/1979,311.212
05/03/1979,238.378
12/03/1979,522.311
19/03/1979,634.415
26/03/1979,628.242
02/04/1979,663.171
09/04/1979,399.054
16/04/1979,439.609
23/04/1979,169.902
30/04/1979,148.032
07/05/1979,177.199
14/05/1979,104.651
21/05/1979,106.707
28/05/1979,243.526
04/06/1979,364.745
11/06/1979,222.774
18/06/1979,114.67
25/06/1979,93.6792
02/07/1979,84.6776
09/07/1979,78.7237
16/07/1979,73.2215
23/07/1979,68.0639
30/07/1979,63.2681
06/08/1979,58.8918
13/08/1979,54.8566
20/08/1979,52.225
27/08/1979,59.467
03/09/1979,55.0702
10/09/1979,50.3331
17/09/1979,46.9593
24/09/1979,47.0096
01/10/1979,45.2541
08/10/1979,52.6907
15/10/1979,68.7157
22/10/1979,51.2493
29/10/1979,272.779
05/11/1979,380.405
12/11/1979,539.526
19/11/1979,413.362
26/11/1979,206.52
03/12/1979,240.326
10/12/1979,379.827
17/12/1979,917.551
24/12/1979,628.882
31/12/1979,1176.03
07/01/1980,688.966
14/01/1980,320.381
21/01/1980,207.088
28/01/1980,510.852
04/02/1980,531.611
11/02/1980,1026.6
18/02/1980,514.005
25/02/1980,449.61
03/03/1980,322.536
10/03/1980,406.728
17/03/1980,403.163
24/03/1980,204.391
31/03/1980,556.089
07/04/1980,530.556
14/04/1980,178.31
21/04/1980,94.7034
28/04/1980,88.1578
05/05/1980,84.5976
12/05/1980,78.7176
19/05/1980,73.167
26/05/1980,68.0893
02/06/1980,63.3658
09/06/1980,58.9517
16/06/1980,55.4455
23/06/1980,58.322
30/06/1980,78.073
07/07/1980,58.2868
14/07/1980,67.9575
21/07/1980,74.638
28/07/1980,59.7876
04/08/1980,57.6322
11/08/1980,54.3732
18/08/1980,58.1653
25/08/1980,53.273
01/09/1980,53.7547
08/09/1980,52.2966
15/09/1980,51.0197
22/09/1980,108.032
29/09/1980,189.398
06/10/1980,96.7658
13/10/1980,560.807
20/10/1980,904.566
27/10/1980,635.422
03/11/1980,385.967
10/11/1980,138.736
17/11/1980,366.659
24/11/1980,717.067
01/12/1980,454.41
08/12/1980,191.197
15/12/1980,230.989
22/12/1980,593.232
29/12/1980,602.198
05/01/1981,314.825
12/01/1981,152.28
19/01/1981,352.514
26/01/1981,374.794
02/02/1981,130.988
09/02/1981,319.567
16/02/1981,266.093
23/02/1981,142.563
02/03/1981,384.406
09/03/1981,555.577
16/03/1981,1468.53
23/03/1981,672.323
30/03/1981,722.637
06/04/1981,281.97
13/04/1981,111.385
20/04/1981,94.0386
27/04/1981,96.2686
04/05/1981,140.402
11/05/1981,196.586
18/05/1981,221.677
25/05/1981,362.575
01/06/1981,327.306
08/06/1981,274.514
15/06/1981,203.452
22/06/1981,101.422
29/06/1981,89.0646
06/07/1981,83.2199
13/07/1981,77.9932
20/07/1981,72.6135
27/07/1981,67.8549
03/08/1981,63.3047
10/08/1981,59.556
17/08/1981,55.7122
24/08/1981,51.907
31/08/1981,48.2987
07/09/1981,44.8955
14/09/1981,41.7479
21/09/1981,46.521
28/09/1981,104.372
05/10/1981,303.352
12/10/1981,413.843
19/10/1981,332.866
26/10/1981,469.166
02/11/1981,592.187
09/11/1981,298.044
16/11/1981,101.531
23/11/1981,395.911
30/11/1981,422.205
07/12/1981,291.559
14/12/1981,497.115
21/12/1981,746.312
28/12/1981,560.524
04/01/1982,1100.09
11/01/1982,630.964
18/01/1982,420.25
25/01/1982,577.567
01/02/1982,398.183
08/02/1982,260.1
15/02/1982,357.635
22/02/1982,217.834
01/03/1982,182.02
08/03/1982,573.853
15/03/1982,916.532
22/03/1982,885.81
29/03/1982,351.302
05/04/1982,137.496
12/04/1982,163.736
19/04/1982,96.3021
26/04/1982,89.5065
03/05/1982,83.2764
10/05/1982,78.9061
17/05/1982,73.603
24/05/1982,68.517
31/05/1982,63.8133
07/06/1982,59.3351
14/06/1982,55.1606
21/06/1982,51.2749
28/06/1982,47.7996
05/07/1982,44.9115
12/07/1982,41.8578
19/07/1982,42.1364
26/07/1982,38.7486
02/08/1982,36.0339
09/08/1982,33.6178
16/08/1982,31.5021
23/08/1982,30.5058
30/08/1982,29.0663
06/09/1982,27.4245
13/09/1982,25.6874
20/09/1982,23.9273
27/09/1982,30.7294
04/10/1982,86.8574
11/10/1982,210.698
18/10/1982,411.461
25/10/1982,481.134
01/11/1982,197.968
08/11/1982,373.732
15/11/1982,870.271
22/11/1982,766.965
29/11/1982,738.298
06/12/1982,285.967
13/12/1982,810.145
20/12/1982,1001.37
27/12/1982,831.697
03/01/1983,370.603
10/01/1983,1042.44
17/01/1983,704.315
24/01/1983,292.844
31/01/1983,293.463
07/02/1983,809.66
14/02/1983,340.957
21/02/1983,112.112
28/02/1983,217.758
07/03/1983,210.865
14/03/1983,105.514
21/03/1983,140.181
28/03/1983,237.844
04/04/1983,177.448
11/04/1983,229.653
18/04/1983,203.533
25/04/1983,311.858
02/05/1983,601.858
09/05/1983,701.851
16/05/1983,576.444
23/05/1983,656.083
30/05/1983,318.966
06/06/1983,170.221
13/06/1983,106.778
20/06/1983,92.9109
27/06/1983,86.753
04/07/1983,80.8418
11/07/1983,75.1653
18/07/1983,69.8635
25/07/1983,64.9379
01/08/1983,60.3586
08/08/1983,56.1006
15/08/1983,52.1423
22/08/1983,48.4632
29/08/1983,45.0438
05/09/1983,41.8698
12/09/1983,38.9573
19/09/1983,39.1185
26/09/1983,44.3226
03/10/1983,54.7422
10/10/1983,84.6234
17/10/1983,288.193
24/10/1983,445.159
31/10/1983,123.506
07/11/1983,61.0676
14/11/1983,55.7034
21/11/1983,52.3066
28/11/1983,259.363
05/12/1983,317.392
12/12/1983,278.514
19/12/1983,682.435
26/12/1983,1457.16
02/01/1984,543.239
09/01/1984,732.548
16/01/1984,783.553
23/01/1984,1003.96
30/01/1984,1364.15
06/02/1984,1027.47
13/02/1984,989.868
20/02/1984,288.595
27/02/1984,462.664
05/03/1984,216.41
12/03/1984,96.1975
19/03/1984,84.9968
26/03/1984,164.5
02/04/1984,249.122
09/04/1984,170.328
16/04/1984,81.87
23/04/1984,76.2033
30/04/1984,70.8266
07/05/1984,65.8332
14/05/1984,61.1963
21/05/1984,56.8928
28/05/1984,53.1772
04/06/1984,50.6226
11/06/1984,48.9245
18/06/1984,45.5763
25/06/1984,42.362
02/07/1984,39.3743
09/07/1984,36.5961
16/07/1984,34.0142
23/07/1984,31.6143
30/07/1984,29.3837
06/08/1984,27.3106
13/08/1984,25.3846
20/08/1984,23.5936
27/08/1984,21.9289
03/09/1984,20.3816
10/09/1984,18.9443
17/09/1984,17.6106
24/09/1984,16.4741
01/10/1984,15.9314
08/10/1984,15.7889
15/10/1984,16.4486
22/10/1984,88.2712
29/10/1984,570.635
05/11/1984,519.256
12/11/1984,616.738
19/11/1984,559.146
26/11/1984,975.335
03/12/1984,722.814
10/12/1984,482.578
17/12/1984,303.527
24/12/1984,496.193
31/12/1984,409.493
07/01/1985,181.759
14/01/1985,82.6068
21/01/1985,117.793
28/01/1985,545.887
04/02/1985,492.639
11/02/1985,539.513
18/02/1985,315.98
25/02/1985,96.7574
04/03/1985,139.778
11/03/1985,151.147
18/03/1985,89.5517
25/03/1985,141.501
01/04/1985,361.964
08/04/1985,534.891
15/04/1985,712.113
22/04/1985,345.298
29/04/1985,127.49
06/05/1985,82.6648
13/05/1985,77.7873
20/05/1985,72.3752
27/05/1985,68.1226
03/06/1985,64.8892
10/06/1985,60.5807
17/06/1985,57.0053
24/06/1985,53.8129
01/07/1985,52.2969
08/07/1985,48.8192
15/07/1985,45.3981
22/07/1985,42.3604
29/07/1985,39.7001
05/08/1985,37.6266
12/08/1985,59.4606
19/08/1985,145.294
26/08/1985,161.851
02/09/1985,96.3125
09/09/1985,190.037
16/09/1985,70.0647
23/09/1985,64.6032
30/09/1985,58.2401
07/10/1985,107.177
14/10/1985,224.771
21/10/1985,69.3711
28/10/1985,57.2563
04/11/1985,53.5385
11/11/1985,142.788
18/11/1985,147.85
25/11/1985,90.2373
02/12/1985,117.535
09/12/1985,465.938
16/12/1985,399.414
23/12/1985,316.329
30/12/1985,1599.37
06/01/1986,837.485
13/01/1986,1005.89
20/01/1986,640.143
27/01/1986,628.323
03/02/1986,501.976
10/02/1986,231.658
17/02/1986,90.3976
24/02/1986,81.322
03/03/1986,75.6214
10/03/1986,142.801
17/03/1986,105.024
24/03/1986,225.558
31/03/1986,513.608
07/04/1986,367.967
14/04/1986,287.754
21/04/1986,365.48
28/04/1986,455.273
05/05/1986,192.458
12/05/1986,180.202
19/05/1986,260.242
26/05/1986,215.796
02/06/1986,100.833
09/06/1986,88.6694
16/06/1986,210.131
23/06/1986,90.9123
30/06/1986,82.8249
07/07/1986,78.2584
14/07/1986,73.7553
21/07/1986,68.8792
28/07/1986,64.0407
04/08/1986,59.7712
11/08/1986,55.9594
18/08/1986,52.3741
25/08/1986,49.9595
01/09/1986,62.8773
08/09/1986,49.8671
15/09/1986,63.2523
22/09/1986,57.384
29/09/1986,45.4114
06/10/1986,42.2635
13/10/1986,39.7857
20/10/1986,52.1333
27/10/1986,426.708
03/11/1986,493.724
10/11/1986,285.085
17/11/1986,486.048
24/11/1986,1098.43
01/12/1986,758.774
08/12/1986,363.623
15/12/1986,655.048
22/12/1986,828.651
29/12/1986,414.333
05/01/1987,716.476
12/01/1987,383.438
19/01/1987,123.084
26/01/1987,113.897
02/02/1987,103.205
09/02/1987,242.932
16/02/1987,290.601
23/02/1987,129.313
02/03/1987,281.254
09/03/1987,330.307
16/03/1987,153.187
23/03/1987,134.203
30/03/1987,549.228
06/04/1987,794.89
13/04/1987,854.922
20/04/1987,338.089
27/04/1987,144.545
04/05/1987,89.1749
11/05/1987,83.9628
18/05/1987,78.6603
25/05/1987,73.4527
01/06/1987,68.8455
08/06/1987,65.1561
15/06/1987,61.8408
22/06/1987,58.136
29/06/1987,54.7971
06/07/1987,51.2936
13/07/1987,47.676
20/07/1987,44.5274
27/07/1987,42.1505
03/08/1987,39.3207
10/08/1987,36.6355
17/08/1987,34.0674
24/08/1987,31.6689
31/08/1987,29.4537
07/09/1987,27.3956
14/09/1987,25.5703
21/09/1987,23.9164
28/09/1987,22.374
05/10/1987,21.0914
12/10/1987,316.731
19/10/1987,753.02
26/10/1987,539.485
02/11/1987,519.21
09/11/1987,267.289
16/11/1987,599.66
23/11/1987,526.596
30/11/1987,319.612
07/12/1987,195.741
14/12/1987,80.1713
21/12/1987,265.311
28/12/1987,183.722
04/01/1988,510.004
11/01/1988,631.144
18/01/1988,415.531
25/01/1988,473.318
01/02/1988,1010.68
08/02/1988,1121.15
15/02/1988,888.439
22/02/1988,419.924
29/02/1988,129.162
07/03/1988,116.543
14/03/1988,89.2858
21/03/1988,430.798
28/03/1988,660.153
04/04/1988,359.051
11/04/1988,136.363
18/04/1988,97.5552
25/04/1988,87.4489
02/05/1988,87.6848
09/05/1988,132.958
16/05/1988,78.7816
23/05/1988,73.593
30/05/1988,72.5783
06/06/1988,77.0342
13/06/1988,71.056
20/06/1988,65.3486
27/06/1988,60.8408
04/07/1988,60.6072
11/07/1988,89.1692
18/07/1988,175.263
25/07/1988,96.7474
01/08/1988,88.1203
08/08/1988,66.9767
15/08/1988,63.0047
22/08/1988,74.124
29/08/1988,66.8237
05/09/1988,380.62
12/09/1988,204.178
19/09/1988,86.9119
26/09/1988,111.095
03/10/1988,327.798
10/10/1988,517.8
17/10/1988,618.288
24/10/1988,311.161
31/10/1988,173.18
07/11/1988,78.7542
14/11/1988,87.5245
21/11/1988,93.6084
28/11/1988,73.7093
05/12/1988,246.566
12/12/1988,266.288
19/12/1988,91.3493
26/12/1988,93.9481
02/01/1989,79.5625
09/01/1989,161.302
16/01/1989,244.215
23/01/1989,211.679
30/01/1989,134.991
06/02/1989,91.4154
13/02/1989,93.3725
20/02/1989,339.825
27/02/1989,698.283
06/03/1989,843.766
13/03/1989,495.976
20/03/1989,636.742
27/03/1989,527.354
03/04/1989,237.943
10/04/1989,181.19
17/04/1989,253.297
24/04/1989,213.664
01/05/1989,151.269
08/05/1989,100.834
15/05/1989,88.5483
22/05/1989,82.7548
29/05/1989,77.0363
05/06/1989,71.6256
12/06/1989,66.6313
19/06/1989,61.9381
26/06/1989,57.5678
03/07/1989,53.5061
10/07/1989,49.7344
17/07/1989,46.2316
24/07/1989,42.9696
31/07/1989,39.9378
07/08/1989,37.1198
14/08/1989,34.5008
21/08/1989,32.0677
28/08/1989,29.8053
04/09/1989,27.7024
11/09/1989,25.7477
18/09/1989,23.9508
25/09/1989,22.3799
02/10/1989,20.8137
09/10/1989,19.3569
16/10/1989,18.0179
23/10/1989,17.6482
30/10/1989,62.4224
06/11/1989,292.121
13/11/1989,558.483
20/11/1989,254.528
27/11/1989,73.8814
04/12/1989,40.3047
11/12/1989,37.4615
18/12/1989,670.827
25/12/1989,1328.64
01/01/1990,616.375
08/01/1990,433.94
15/01/1990,336.87
22/01/1990,232.844
29/01/1990,763.091
05/02/1990,1246.42
12/02/1990,1084.7
19/02/1990,1032.13
26/02/1990,459.151
05/03/1990,501.308
12/03/1990,187.025
19/03/1990,98.4436
26/03/1990,115.741
02/04/1990,78.4024
09/04/1990,74.6393
16/04/1990,71.5231
23/04/1990,73.7575
30/04/1990,67.798
07/05/1990,63.0246
14/05/1990,58.6834
21/05/1990,54.6236
28/05/1990,50.7729
04/06/1990,47.1918
11/06/1990,43.8646
18/06/1990,40.7709
25/06/1990,37.9013
02/07/1990,35.2413
09/07/1990,32.8655
16/07/1990,30.5928
23/07/1990,28.4342
30/07/1990,26.4279
06/08/1990,24.5633
13/08/1990,22.8302
20/08/1990,21.2194
27/08/1990,19.7229
03/09/1990,18.3316
10/09/1990,17.0385
17/09/1990,15.8364
24/09/1990,14.7195
01/10/1990,13.6845
08/10/1990,12.7599
15/10/1990,11.8996
22/10/1990,11.0896
29/10/1990,10.6973
05/11/1990,13.9262
12/11/1990,19.5952
19/11/1990,76.221
26/11/1990,198.62
03/12/1990,167.752
10/12/1990,104.155
17/12/1990,118.999
24/12/1990,197.161
31/12/1990,771.463
07/01/1991,1080.46
14/01/1991,923.854
21/01/1991,471.02
28/01/1991,207.882
04/02/1991,99.5255
11/02/1991,71.2051
18/02/1991,212.23
25/02/1991,424.129
04/03/1991,396.943
11/03/1991,499.768
18/03/1991,387.413
25/03/1991,436.927
01/04/1991,152.045
08/04/1991,272.943
15/04/1991,197.168
22/04/1991,85.1347
29/04/1991,84.3959
06/05/1991,141.3
13/05/1991,85.4744
20/05/1991,75.7316
27/05/1991,70.4591
03/06/1991,65.4893
10/06/1991,61.0702
17/06/1991,57.871
24/06/1991,57.2465
01/07/1991,81.0856
08/07/1991,61.7934
15/07/1991,59.087
22/07/1991,64.4012
29/07/1991,58.1649
05/08/1991,53.8817
12/08/1991,50.6153
19/08/1991,47.1072
26/08/1991,43.9024
02/09/1991,40.8795
09/09/1991,37.9959
16/09/1991,35.3151
23/09/1991,32.824
30/09/1991,30.5838
07/10/1991,29.9625
14/10/1991,284.209
21/10/1991,281.64
28/10/1991,134.021
04/11/1991,470.122
11/11/1991,665.8
18/11/1991,715.218
25/11/1991,498.325
02/12/1991,173.009
09/12/1991,64.2451
16/12/1991,66.8221
23/12/1991,401.295
30/12/1991,322.35
06/01/1992,147.805
13/01/1992,353.805
20/01/1992,154.434
27/01/1992,90.2463
03/02/1992,76.0528
10/02/1992,91.6299
17/02/1992,355.235
24/02/1992,210.785
02/03/1992,121.653
09/03/1992,109.931
16/03/1992,202.839
23/03/1992,183.729
30/03/1992,228.544
06/04/1992,195.854
13/04/1992,190.655
20/04/1992,136.202
27/04/1992,119.343
04/05/1992,197.155
11/05/1992,108.82
18/05/1992,95.5804
25/05/1992,83.5169
01/06/1992,77.788
08/06/1992,72.8068
15/06/1992,67.9161
22/06/1992,63.1306
29/06/1992,58.6762
06/07/1992,54.5402
13/07/1992,50.7008
20/07/1992,47.162
27/07/1992,43.8994
03/08/1992,40.8231
10/08/1992,37.9547
17/08/1992,35.447
24/08/1992,33.3741
31/08/1992,43.3699
07/09/1992,99.2701
14/09/1992,84.3668
21/09/1992,48.3415
28/09/1992,251.422
05/10/1992,181.089
12/10/1992,83.2858
19/10/1992,70.5456
26/10/1992,444.884
02/11/1992,609.349
09/11/1992,431.551
16/11/1992,656.761
23/11/1992,512.761
30/11/1992,860.937
07/12/1992,1536.9
14/12/1992,620.397
21/12/1992,500.144
28/12/1992,260.108
04/01/1993,97.9453
11/01/1993,467.997
18/01/1993,843.405
25/01/1993,868.259
01/02/1993,526.422
08/02/1993,182.387
15/02/1993,89.2845
22/02/1993,84.333
01/03/1993,123.131
08/03/1993,86.136
15/03/1993,74.6987
22/03/1993,74.8927
29/03/1993,70.9911
05/04/1993,117.721
12/04/1993,286.288
19/04/1993,318.111
26/04/1993,127.348
03/05/1993,99.7705
10/05/1993,73.2674
17/05/1993,71.6816
24/05/1993,82.9634
31/05/1993,136.85
07/06/1993,167.73
14/06/1993,145.492
21/06/1993,239.022
28/06/1993,99.6917
05/07/1993,75.2031
12/07/1993,70.1302
19/07/1993,76.267
26/07/1993,72.1637
02/08/1993,73.1464
09/08/1993,66.6215
16/08/1993,63.8686
23/08/1993,60.9137
30/08/1993,57.2606
06/09/1993,53.2201
13/09/1993,99.7382
20/09/1993,196.327
27/09/1993,179.066
04/10/1993,243.409
11/10/1993,499.071
18/10/1993,567.735
25/10/1993,192.884
01/11/1993,75.0985
08/11/1993,85.7005
15/11/1993,272.54
22/11/1993,233.153
29/11/1993,120.424
06/12/1993,270.338
13/12/1993,541.467
20/12/1993,1191.13
27/12/1993,1381.7
03/01/1994,991.979
10/01/1994,1143.98
17/01/1994,962.987
24/01/1994,581.479
31/01/1994,517.295
07/02/1994,594.323
14/02/1994,462.442
21/02/1994,351.476
28/02/1994,763.673
07/03/1994,476.119
14/03/1994,239.877
21/03/1994,265.432
28/03/1994,357.095
04/04/1994,602.508
11/04/1994,883.167
18/04/1994,495.995
25/04/1994,184.896
02/05/1994,134.405
09/05/1994,98.2922
16/05/1994,100.661
23/05/1994,121.01
30/05/1994,195.239
06/06/1994,108.618
13/06/1994,94.2527
20/06/1994,87.0668
27/06/1994,82.0611
04/07/1994,76.5283
11/07/1994,71.4864
18/07/1994,66.5905
25/07/1994,61.9031
01/08/1994,57.5395
08/08/1994,53.487
15/08/1994,49.7169
22/08/1994,46.2116
29/08/1994,42.9542
05/09/1994,39.9293
12/09/1994,37.1477
19/09/1994,37.5354
26/09/1994,42.2336
03/10/1994,40.9046
10/10/1994,37.6261
17/10/1994,34.9711
24/10/1994,69.9649
31/10/1994,458.375
07/11/1994,784.361
14/11/1994,1280.93
21/11/1994,754.243
28/11/1994,319.285
05/12/1994,182.79
12/12/1994,769.951
19/12/1994,459.509
26/12/1994,371.341
02/01/1995,1381.19
09/01/1995,769.456
16/01/1995,343.702
23/01/1995,815.562
30/01/1995,1501.96
06/02/1995,968.386
13/02/1995,597.795
20/02/1995,939.357
27/02/1995,812.955
06/03/1995,619.813
13/03/1995,457.935
20/03/1995,361.054
27/03/1995,201.926
03/04/1995,108.068
10/04/1995,88.3658
17/04/1995,82.1858
24/04/1995,82.81
01/05/1995,90.5632
08/05/1995,73.6428
15/05/1995,68.8842
22/05/1995,67.4332
29/05/1995,64.4301
05/06/1995,61.9398
12/06/1995,58.6921
19/06/1995,54.6462
26/06/1995,50.9048
03/07/1995,47.3145
10/07/1995,43.9761
17/07/1995,40.8737
24/07/1995,37.9902
31/07/1995,35.3097
07/08/1995,32.8184
14/08/1995,30.5028
21/08/1995,28.3505
28/08/1995,26.3502
04/09/1995,24.491
11/09/1995,22.7862
18/09/1995,22.0928
25/09/1995,22.5115
02/10/1995,23.8117
09/10/1995,67.4557
16/10/1995,43.8438
23/10/1995,32.4871
30/10/1995,179.407
06/11/1995,69.8703
13/11/1995,310.855
20/11/1995,536.697
27/11/1995,378.989
04/12/1995,542.622
11/12/1995,241.467
18/12/1995,142.078
25/12/1995,996.594
01/01/1996,534.309
08/01/1996,501.57
15/01/1996,841.913
22/01/1996,471.194
29/01/1996,323.6
05/02/1996,119.83
12/02/1996,441.507
19/02/1996,586.275
26/02/1996,389.476
04/03/1996,243.598
11/03/1996,121.62
18/03/1996,144.717
25/03/1996,474.53
01/04/1996,520.316
08/04/1996,162.294
15/04/1996,143.441
22/04/1996,167.987
29/04/1996,216.204
06/05/1996,120.766
13/05/1996,90.2882
20/05/1996,95.6924
27/05/1996,251.321
03/06/1996,182.03
10/06/1996,90.1831
17/06/1996,80.8498
24/06/1996,75.4731
01/07/1996,70.2752
08/07/1996,65.4863
15/07/1996,60.9468
22/07/1996,56.6476
29/07/1996,52.6508
05/08/1996,48.9365
12/08/1996,45.4856
19/08/1996,42.283
26/08/1996,39.3131
02/09/1996,36.6155
09/09/1996,34.0392
16/09/1996,31.6375
23/09/1996,29.4054
30/09/1996,27.3359
07/10/1996,25.4664
14/10/1996,23.7393
21/10/1996,22.6688
28/10/1996,33.9116
04/11/1996,231.492
11/11/1996,646.132
18/11/1996,298.089
25/11/1996,646.491
02/12/1996,796.08
09/12/1996,609.03
16/12/1996,192.29
23/12/1996,180.196
30/12/1996,79.8099
06/01/1997,59.7375
13/01/1997,57.9348
20/01/1997,91.0425
27/01/1997,83.5795
03/02/1997,58.1127
10/02/1997,187.248
17/02/1997,771.449
24/02/1997,840.4
03/03/1997,746.168
10/03/1997,417.973
17/03/1997,174.752
24/03/1997,75.8646
31/03/1997,70.799
07/04/1997,65.9856
14/04/1997,61.3298
21/04/1997,57.0025
28/04/1997,53.4727
05/05/1997,50.7339
12/05/1997,49.0435
19/05/1997,52.7255
26/05/1997,71.2949
02/06/1997,50.0042
09/06/1997,46.8043
16/06/1997,45.0538
23/06/1997,48.5264
30/06/1997,637.218
07/07/1997,441.16
14/07/1997,143.201
21/07/1997,59.7143
28/07/1997,53.6818
04/08/1997,51.3107
11/08/1997,464.894
18/08/1997,188.743
25/08/1997,81.8342
01/09/1997,299.109
08/09/1997,367.712
15/09/1997,125.873
22/09/1997,68.667
29/09/1997,64.1105
06/10/1997,59.6
13/10/1997,299.852
20/10/1997,401.349
27/10/1997,149.862
03/11/1997,65.1368
10/11/1997,241.028
17/11/1997,360.899
24/11/1997,771.596
01/12/1997,889.317
08/12/1997,767.979
15/12/1997,576.384
22/12/1997,324.567
29/12/1997,699.095
05/01/1998,1289.85
12/01/1998,1137.36
19/01/1998,697.993
26/01/1998,513.27
02/02/1998,165.977
09/02/1998,116.225
16/02/1998,89.43
23/02/1998,104.345
02/03/1998,106.47
09/03/1998,742.607
16/03/1998,544.323
23/03/1998,174.766
30/03/1998,179.535
06/04/1998,273.518
13/04/1998,495.902
20/04/1998,384.448
27/04/1998,424.12
04/05/1998,422.583
11/05/1998,188.071
18/05/1998,168.762
25/05/1998,96.4182
01/06/1998,92.3443
08/06/1998,180.202
15/06/1998,450.207
22/06/1998,274.393
29/06/1998,184.639
06/07/1998,182.241
13/07/1998,119.675
20/07/1998,172.21
27/07/1998,149.64
03/08/1998,97.5155
10/08/1998,91.063
17/08/1998,84.5454
24/08/1998,78.7527
31/08/1998,73.4608
07/09/1998,68.4824
14/09/1998,69.6155
21/09/1998,65.6529
28/09/1998,62.0337
05/10/1998,132.204
12/10/1998,85.5918
19/10/1998,155.062
26/10/1998,789.541
02/11/1998,1686.42
09/11/1998,1009.11
16/11/1998,785.719
23/11/1998,338.123
30/11/1998,287.557
07/12/1998,119.341
14/12/1998,256.71
21/12/1998,422.365
28/12/1998,902.639
04/01/1999,918.542
11/01/1999,752.461
18/01/1999,703.737
25/01/1999,982.621
01/02/1999,558.312
08/02/1999,211.857
15/02/1999,207.699
22/02/1999,143.815
01/03/1999,289.797
08/03/1999,841.763
15/03/1999,445.267
22/03/1999,209.117
29/03/1999,107.662
05/04/1999,120.297
12/04/1999,108.177
19/04/1999,163.787
26/04/1999,543.989
03/05/1999,399.767
10/05/1999,136.853
17/05/1999,132.166
24/05/1999,96.3439
31/05/1999,127.708
07/06/1999,326.978
14/06/1999,272.74
21/06/1999,100.591
28/06/1999,87.7511
05/07/1999,85.3406
12/07/1999,80.0751
19/07/1999,74.4914
26/07/1999,69.3476
02/08/1999,64.4574
09/08/1999,60.0095
16/08/1999,59.2958
23/08/1999,102.821
30/08/1999,180.773
06/09/1999,69.5854
13/09/1999,60.7563
20/09/1999,185.943
27/09/1999,503.895
04/10/1999,706.783
11/10/1999,376.506
18/10/1999,111.683
25/10/1999,209.928
01/11/1999,322.086
08/11/1999,394.693
15/11/1999,252.773
22/11/1999,156.778
29/11/1999,180.367
06/12/1999,280.823
13/12/1999,676.104
20/12/1999,898.098
27/12/1999,1473.65
03/01/2000,920.966
10/01/2000,546.126
17/01/2000,253.825
24/01/2000,100.741
31/01/2000,127.087
07/02/2000,182.858
14/02/2000,499.464
21/02/2000,393.085
28/02/2000,338.54
06/03/2000,730.992
13/03/2000,346.98
20/03/2000,122.557
27/03/2000,147.631
03/04/2000,179.127
10/04/2000,424.197
17/04/2000,262.28
24/04/2000,681.541
01/05/2000,784.323
08/05/2000,307.615
15/05/2000,145.685
22/05/2000,103.554
29/05/2000,247.316
05/06/2000,308.32
12/06/2000,137.176
19/06/2000,94.9623
26/06/2000,89.934
03/07/2000,84.1423
10/07/2000,78.7355
17/07/2000,74.372
24/07/2000,69.1548
31/07/2000,64.3124
07/08/2000,59.8364
14/08/2000,55.6367
21/08/2000,52.2133
28/08/2000,49.498
04/09/2000,46.7804
11/09/2000,44.7873
18/09/2000,47.4916
25/09/2000,93.9099
02/10/2000,338.663
09/10/2000,233.48
16/10/2000,788.521
23/10/2000,517.787
30/10/2000,815.028
06/11/2000,1611.56
13/11/2000,1097.9
20/11/2000,795.518
27/11/2000,888.143
04/12/2000,804.708
11/12/2000,1532.84
18/12/2000,1204.43
25/12/2000,451.241
01/01/2001,436.818
08/01/2001,838.819
15/01/2001,367.368
22/01/2001,183.982
29/01/2001,542.447
05/02/2001,455.453
12/02/2001,602.893
19/02/2001,597.657
26/02/2001,212.456
05/03/2001,269.687
12/03/2001,389.356
19/03/2001,649.894
26/03/2001,851.832
02/04/2001,599.273
09/04/2001,671.786
16/04/2001,436.443
23/04/2001,231.418
30/04/2001,333.266
07/05/2001,179.947
14/05/2001,102.984
21/05/2001,104.651
28/05/2001,92.7611
04/06/2001,86.2569
11/06/2001,80.2741
18/06/2001,74.7934
25/06/2001,69.704
02/07/2001,64.7997
09/07/2001,60.3316
16/07/2001,57.0055
23/07/2001,54.9263
30/07/2001,51.781
06/08/2001,48.5079
13/08/2001,51.5555
20/08/2001,53.1465
27/08/2001,48.7294
03/09/2001,45.7719
10/09/2001,43.427
17/09/2001,40.9446
24/09/2001,38.3631
01/10/2001,36.1713
08/10/2001,47.37
15/10/2001,72.1071
22/10/2001,363.506
29/10/2001,697.057
05/11/2001,397.366
12/11/2001,283.955
19/11/2001,131.795
26/11/2001,87.6792
03/12/2001,425.646
10/12/2001,551.24
17/12/2001,173.688
24/12/2001,80.6033
31/12/2001,160.771
07/01/2002,87.9952
14/01/2002,74.0315
21/01/2002,254.983
28/01/2002,1102.7
04/02/2002,1206.11
11/02/2002,1100.23
18/02/2002,887.87
25/02/2002,629.808
04/03/2002,969.912
11/03/2002,363.73
18/03/2002,364.674
25/03/2002,542.49
01/04/2002,212.733
08/04/2002,119.893
15/04/2002,87.2549
22/04/2002,83.4552
29/04/2002,89.4433
06/05/2002,176.016
13/05/2002,105.446
20/05/2002,125.866
27/05/2002,526.232
03/06/2002,472.984
10/06/2002,201.998
17/06/2002,159.224
24/06/2002,95.161
01/07/2002,84.5531
08/07/2002,93.0612
15/07/2002,111.597
22/07/2002,81.6179
29/07/2002,75.9682
05/08/2002,71.4036
12/08/2002,68.0033
19/08/2002,64.0753
26/08/2002,59.6833
02/09/2002,55.6266
09/09/2002,51.876
16/09/2002,48.6557
23/09/2002,45.224
30/09/2002,42.0343
07/10/2002,39.107
14/10/2002,36.5082
21/10/2002,404.133
28/10/2002,551.976
04/11/2002,485.783
11/11/2002,595.461
18/11/2002,1039.11
25/11/2002,868.137
02/12/2002,680.746
09/12/2002,515.024
16/12/2002,311.385
23/12/2002,346.874
30/12/2002,756.814
06/01/2003,1284.2
13/01/2003,422.509
20/01/2003,291.062
27/01/2003,538.264
03/02/2003,402.696
10/02/2003,339.891
17/02/2003,302.025
24/02/2003,121.311
03/03/2003,191.612
10/03/2003,481.719
17/03/2003,234.013
24/03/2003,93.921
31/03/2003,85.1857
07/04/2003,81.5767
14/04/2003,75.2568
21/04/2003,69.9735
28/04/2003,65.2047
05/05/2003,66.0518
12/05/2003,61.5079
19/05/2003,59.0835
26/05/2003,58.9275
02/06/2003,55.9652
09/06/2003,52.9293
16/06/2003,51.1083
23/06/2003,47.541
30/06/2003,44.3755
07/07/2003,41.3824
14/07/2003,38.4708
21/07/2003,35.7674
28/07/2003,33.8111
04/08/2003,35.2674
11/08/2003,33.0626
18/08/2003,30.7438
25/08/2003,28.5933
01/09/2003,26.6101
08/09/2003,24.762
15/09/2003,23.0388
22/09/2003,21.4147
29/09/2003,19.9082
06/10/2003,18.5042
13/10/2003,17.2014
20/10/2003,15.9893
27/10/2003,14.864
03/11/2003,14.0659
10/11/2003,13.9785
17/11/2003,18.6092
24/11/2003,31.265
01/12/2003,148.219
08/12/2003,386.68
15/12/2003,481.137
22/12/2003,450.529
29/12/2003,315.251
05/01/2004,380.942
12/01/2004,858.469
19/01/2004,1050.46
26/01/2004,434.113
02/02/2004,494.201
09/02/2004,933.263
16/02/2004,421.165
23/02/2004,135.01
01/03/2004,75.5081
08/03/2004,71.0539
15/03/2004,169.964
22/03/2004,463.809
29/03/2004,386.48
05/04/2004,181.372
12/04/2004,176.875
19/04/2004,114.728
26/04/2004,148.343
03/05/2004,274.33
10/05/2004,412.08
17/05/2004,144.334
24/05/2004,81.2602
31/05/2004,75.5563
07/06/2004,70.7888
14/06/2004,65.8076
21/06/2004,61.1691
28/06/2004,57.0279
05/07/2004,53.398
12/07/2004,50.1668
19/07/2004,46.9759
26/07/2004,43.8259
02/08/2004,40.7841
09/08/2004,37.9116
16/08/2004,35.2596
23/08/2004,33.2466
30/08/2004,32.2499
06/09/2004,30.4895
13/09/2004,28.4843
20/09/2004,28.2481
27/09/2004,27.6808
04/10/2004,31.9297
11/10/2004,35.8581
18/10/2004,102.727
25/10/2004,360.602
01/11/2004,733.389
08/11/2004,425.263
15/11/2004,169.298
22/11/2004,168.258
29/11/2004,201.925
06/12/2004,82.9885
13/12/2004,58.8812
20/12/2004,403.479
27/12/2004,677.521
03/01/2005,482.15
10/01/2005,300.207
17/01/2005,343.864
24/01/2005,402.082
31/01/2005,229.701
07/02/2005,86.514
14/02/2005,242.712
21/02/2005,217.187
28/02/2005,88.2195
07/03/2005,105.644
14/03/2005,76.7362
21/03/2005,78.2568
28/03/2005,132.317
04/04/2005,227.145
11/04/2005,190.736
18/04/2005,128.736
25/04/2005,226.577
02/05/2005,205.757
09/05/2005,99.1683
16/05/2005,80.0926
23/05/2005,88.6027
30/05/2005,115.944
06/06/2005,79.7575
13/06/2005,75.0301
20/06/2005,72.1832
27/06/2005,72.989
04/07/2005,80.4745
11/07/2005,67.5046
18/07/2005,62.3942
25/07/2005,58.2748
01/08/2005,55.7298
08/08/2005,52.6423
15/08/2005,49.1075
22/08/2005,45.7108
29/08/2005,42.6087
05/09/2005,39.638
12/09/2005,36.8507
19/09/2005,34.2635
26/09/2005,31.8521
03/10/2005,29.6439
10/10/2005,27.5904
17/10/2005,25.9377
24/10/2005,52.7878
31/10/2005,278.053
07/11/2005,865.684
14/11/2005,792.12
21/11/2005,279.661
28/11/2005,133.157
05/12/2005,534.604
12/12/2005,629.299
19/12/2005,246.767
26/12/2005,113.791
02/01/2006,287.031
09/01/2006,268.366
16/01/2006,218.834
23/01/2006,207.712
30/01/2006,81.7367
06/02/2006,71.208
13/02/2006,94.8764
20/02/2006,469.615
27/02/2006,533.92
06/03/2006,222.461
13/03/2006,317.387
20/03/2006,185.616
27/03/2006,158.413
03/04/2006,432.861
10/04/2006,231.062
17/04/2006,103.217
24/04/2006,83.2053
01/05/2006,78.728
08/05/2006,75.748
15/05/2006,71.4059
22/05/2006,132.33
29/05/2006,362.641
05/06/2006,151.556
12/06/2006,72.3801
19/06/2006,67.6125
26/06/2006,62.9573
03/07/2006,59.0007
10/07/2006,55.1095
17/07/2006,51.4623
24/07/2006,47.8317
31/07/2006,44.4576
07/08/2006,41.322
14/08/2006,38.4067
21/08/2006,35.6975
28/08/2006,33.1811
04/09/2006,30.8421
11/09/2006,28.6681
18/09/2006,26.6457
25/09/2006,24.7662
02/10/2006,23.0372
09/10/2006,21.728
16/10/2006,21.0968
23/10/2006,132.583
30/10/2006,393.034
06/11/2006,123.646
13/11/2006,104.054
20/11/2006,308.592
27/11/2006,862.18
04/12/2006,1104.48
11/12/2006,970.86
18/12/2006,613.071
25/12/2006,240.359
01/01/2007,367.728
08/01/2007,806.575
15/01/2007,950.958
22/01/2007,876.878
29/01/2007,520.363
05/02/2007,155.715
12/02/2007,383.151
19/02/2007,703.339
26/02/2007,672.802
05/03/2007,754.206
12/03/2007,978.824
19/03/2007,332.951
26/03/2007,176.848
02/04/2007,89.2013
09/04/2007,83.4688
16/04/2007,77.5794
23/04/2007,72.1065
30/04/2007,67.3549
07/05/2007,62.6199
14/05/2007,70.0581
21/05/2007,103.49
28/05/2007,76.2188
04/06/2007,146.052
11/06/2007,67.2392
18/06/2007,60.7057
25/06/2007,90.1243
02/07/2007,358.298
09/07/2007,399.09
16/07/2007,276.981
23/07/2007,413.419
30/07/2007,684.939
06/08/2007,413.494
13/08/2007,139.922
20/08/2007,117.558
27/08/2007,129.001
03/09/2007,79.2078
10/09/2007,73.6682
17/09/2007,68.4884
24/09/2007,63.8742
01/10/2007,67.6241
08/10/2007,70.2915
15/10/2007,59.7085
22/10/2007,119.694
29/10/2007,67.9992
05/11/2007,68.1702
12/11/2007,57.8316
19/11/2007,86.6545
26/11/2007,271.631
03/12/2007,384.121
10/12/2007,1121.55
17/12/2007,626.768
24/12/2007,185.238
31/12/2007,396.854
07/01/2008,338.908
14/01/2008,596.004
21/01/2008,1085.07
28/01/2008,729.702
04/02/2008,318.364
11/02/2008,351.7
18/02/2008,116.344
25/02/2008,82.8495
03/03/2008,140.906
10/03/2008,134.428
17/03/2008,648.415
24/03/2008,524.84
31/03/2008,307.385
07/04/2008,218.328
14/04/2008,133.306
21/04/2008,121.751
28/04/2008,189.3
05/05/2008,175.667
12/05/2008,92.7856
19/05/2008,87.9865
26/05/2008,88.864
02/06/2008,521.763
09/06/2008,337.454
16/06/2008,116.262
23/06/2008,85.3341
30/06/2008,81.447
07/07/2008,113.693
14/07/2008,487.172
21/07/2008,226.303
28/07/2008,86.3956
04/08/2008,131.658
11/08/2008,287.234
18/08/2008,614.673
25/08/2008,461.223
01/09/2008,197.835
08/09/2008,581.56
15/09/2008,723.859
22/09/2008,257.409
29/09/2008,103.22
06/10/2008,237.769
13/10/2008,296.998
20/10/2008,119.388
27/10/2008,322.798
03/11/2008,498.122
10/11/2008,483.365
17/11/2008,604.381
24/11/2008,287.904
01/12/2008,158.872
08/12/2008,451.469
15/12/2008,545.93
22/12/2008,393.524
29/12/2008,154.243
05/01/2009,95.7714
12/01/2009,110.152
19/01/2009,429.992
26/01/2009,812.531
02/02/2009,574.124
09/02/2009,374.434
16/02/2009,686.372
23/02/2009,276.164
02/03/2009,104.616
09/03/2009,294.049
16/03/2009,287.419
23/03/2009,107.504
30/03/2009,89.6823
06/04/2009,84.7148
13/04/2009,87.1833
20/04/2009,78.445
27/04/2009,74.091
04/05/2009,72.3216
11/05/2009,68.161
18/05/2009,69.9444
25/05/2009,102.492
01/06/2009,66.5477
08/06/2009,74.1438
15/06/2009,84.8008
22/06/2009,64.1052
29/06/2009,67.8359
06/07/2009,82.0648
13/07/2009,107.163
20/07/2009,221.748
27/07/2009,383.038
03/08/2009,502.384
10/08/2009,322.716
17/08/2009,110.121
24/08/2009,75.5017
31/08/2009,76.567
07/09/2009,162.435
14/09/2009,94.3022
21/09/2009,71.7712
28/09/2009,67.047
05/10/2009,62.5
12/10/2009,64.43
19/10/2009,60.3088
26/10/2009,135.994
02/11/2009,150.463
09/11/2009,517.028
16/11/2009,644.196
23/11/2009,779.326
30/11/2009,1414.18
07/12/2009,928.469
14/12/2009,706.423
21/12/2009,307.701
28/12/2009,222.039
04/01/2010,447.161
11/01/2010,161.843
18/01/2010,395.273
25/01/2010,541.296
01/02/2010,275.842
08/02/2010,435.609
15/02/2010,238.305
22/02/2010,415.171
01/03/2010,449.911
08/03/2010,207.379
15/03/2010,94.5543
22/03/2010,134.75
29/03/2010,309.177
05/04/2010,561.325
12/04/2010,303.718
19/04/2010,107.088
26/04/2010,86.8313
03/05/2010,81.4478
10/05/2010,76.8521
17/05/2010,71.8227
24/05/2010,66.996
31/05/2010,62.3063
07/06/2010,57.9858
14/06/2010,53.944
21/06/2010,50.1537
28/06/2010,46.615
05/07/2010,43.326
12/07/2010,40.2691
19/07/2010,37.4281
26/07/2010,34.7906
02/08/2010,32.3368
09/08/2010,30.0554
16/08/2010,27.9369
23/08/2010,25.9808
30/08/2010,24.6843
06/09/2010,23.3305
13/09/2010,23.3752
20/09/2010,23.4784
27/09/2010,23.3561
04/10/2010,100.662
11/10/2010,153.826
18/10/2010,37.2012
25/10/2010,70.482
01/11/2010,129.134
08/11/2010,247.582
15/11/2010,685.242
22/11/2010,630.319
29/11/2010,345.233
06/12/2010,160.326
13/12/2010,130.31
20/12/2010,76.0728
27/12/2010,63.1861
03/01/2011,354.529
10/01/2011,385.209
17/01/2011,966.136
24/01/2011,621.015
31/01/2011,216.542
07/02/2011,165.814
14/02/2011,252.991
21/02/2011,512.93
28/02/2011,440.321
07/03/2011,211.555
14/03/2011,101.67
21/03/2011,104.622
28/03/2011,83.6266
04/04/2011,107.845
11/04/2011,82.8015
18/04/2011,76.1573
25/04/2011,70.9622
02/05/2011,65.9899
09/05/2011,61.5401
16/05/2011,57.6131
23/05/2011,53.5885
30/05/2011,49.869
06/06/2011,46.3986
13/06/2011,43.1565
20/06/2011,40.2902
27/06/2011,37.947
04/07/2011,35.4662
11/07/2011,33.0965
18/07/2011,30.899
25/07/2011,29.0099
01/08/2011,27.0452
08/08/2011,25.1996
15/08/2011,23.5451
22/08/2011,21.9606
29/08/2011,20.5318
05/09/2011,19.2088
12/09/2011,18.411
19/09/2011,17.7727
26/09/2011,18.8891
03/10/2011,19.322
10/10/2011,20.4817
17/10/2011,19.2362
24/10/2011,21.9626
31/10/2011,153.452
07/11/2011,304.419
14/11/2011,317.542
21/11/2011,239.438
28/11/2011,224.086
05/12/2011,312.549
12/12/2011,518.01
19/12/2011,868.035
26/12/2011,514.89
