Date,PET
01/01/1968,0
08/01/1968,3.19995
15/01/1968,2.05983
22/01/1968,2.69436
29/01/1968,3.11907
05/02/1968,2.77765
12/02/1968,2.40483
19/02/1968,2.94683
26/02/1968,4.96801
04/03/1968,4.87821
11/03/1968,8.12924
18/03/1968,7.45469
25/03/1968,7.41035
01/04/1968,11.2817
08/04/1968,9.03808
15/04/1968,12.3346
22/04/1968,11.3527
29/04/1968,11.6638
06/05/1968,11.9396
13/05/1968,10.6191
20/05/1968,12.9257
27/05/1968,12.6642
03/06/1968,18.398
10/06/1968,17.3961
17/06/1968,23.8523
24/06/1968,17.0648
01/07/1968,14.8907
08/07/1968,16.6928
15/07/1968,15.8925
22/07/1968,19.9779
29/07/1968,20.3302
05/08/1968,18.9982
12/08/1968,13.86
19/08/1968,13.7193
26/08/1968,14.0485
02/09/1968,14.3156
09/09/1968,9.90724
16/09/1968,11.1458
23/09/1968,10.3122
30/09/1968,7.3123
07/10/1968,5.71575
14/10/1968,4.61181
21/10/1968,4.01131
28/10/1968,2.65728
04/11/1968,3.52538
11/11/1968,3.78175
18/11/1968,4.35765
25/11/1968,1.70535
02/12/1968,0.833003
09/12/1968,1.41943
16/12/1968,1.94646
23/12/1968,2.54884
30/12/1968,2.95042
06/01/1969,0.873298
13/01/1969,1.80251
20/01/1969,3.98566
27/01/1969,1.58001
03/02/1969,3.87817
10/02/1969,3.00041
17/02/1969,3.46772
24/02/1969,2.3277
03/03/1969,3.23588
10/03/1969,9.18657
17/03/1969,3.62219
24/03/1969,6.14079
31/03/1969,6.98917
07/04/1969,13.0705
14/04/1969,12.4518
21/04/1969,12.0245
28/04/1969,10.4604
05/05/1969,14.0479
12/05/1969,10.8867
19/05/1969,13.5552
26/05/1969,14.4975
02/06/1969,15.1456
09/06/1969,20.2084
16/06/1969,28.2773
23/06/1969,16.3662
30/06/1969,21.3557
07/07/1969,16.8318
14/07/1969,19.2714
21/07/1969,20.7227
28/07/1969,17.7619
04/08/1969,16.1961
11/08/1969,18.6361
18/08/1969,12.5074
25/08/1969,14.0231
01/09/1969,14.5299
08/09/1969,12.9247
15/09/1969,6.01787
22/09/1969,6.59722
29/09/1969,7.15911
06/10/1969,7.4585
13/10/1969,7.07804
20/10/1969,6.1906
27/10/1969,4.26527
03/11/1969,3.39481
10/11/1969,6.26879
17/11/1969,2.70032
24/11/1969,2.57866
01/12/1969,3.59519
08/12/1969,2.73415
15/12/1969,1.12268
22/12/1969,2.06577
29/12/1969,1.25929
05/01/1970,2.2862
12/01/1970,1.99249
19/01/1970,1.16563
26/01/1970,1.40652
02/02/1970,1.85436
09/02/1970,4.84586
16/02/1970,3.85952
23/02/1970,4.64743
02/03/1970,5.7901
09/03/1970,4.88703
16/03/1970,5.31866
23/03/1970,6.89593
30/03/1970,7.8607
06/04/1970,10.1897
13/04/1970,8.51002
20/04/1970,9.1634
27/04/1970,7.81022
04/05/1970,12.703
11/05/1970,13.7442
18/05/1970,14.7247
25/05/1970,17.6925
01/06/1970,18.9597
08/06/1970,27.3839
15/06/1970,23.3634
22/06/1970,21.1337
29/06/1970,14.635
06/07/1970,17.0862
13/07/1970,21.0878
20/07/1970,16.6809
27/07/1970,16.705
03/08/1970,14.3545
10/08/1970,15.6744
17/08/1970,13.679
24/08/1970,11.173
31/08/1970,15.7528
07/09/1970,11.5701
14/09/1970,11.4131
21/09/1970,9.68016
28/09/1970,10.2063
05/10/1970,9.68921
12/10/1970,5.49809
19/10/1970,4.47319
26/10/1970,6.50787
02/11/1970,2.8285
09/11/1970,5.65692
16/11/1970,3.70256
23/11/1970,4.25907
30/11/1970,2.34213
07/12/1970,3.0788
14/12/1970,1.57043
21/12/1970,1.24435
28/12/1970,1.69646
04/01/1971,1.21789
11/01/1971,2.12958
18/01/1971,1.12869
25/01/1971,3.78985
01/02/1971,3.18827
08/02/1971,2.7929
15/02/1971,4.10646
22/02/1971,3.06175
01/03/1971,3.59499
08/03/1971,5.27736
15/03/1971,5.30458
22/03/1971,5.92477
29/03/1971,7.8055
05/04/1971,9.20311
12/04/1971,9.1137
19/04/1971,12.9968
26/04/1971,11.9672
03/05/1971,15.0773
10/05/1971,17.1815
17/05/1971,16.4171
24/05/1971,19.3757
31/05/1971,15.0949
07/06/1971,21.8588
14/06/1971,11.6988
21/06/1971,14.4537
28/06/1971,17.4707
05/07/1971,18.139
12/07/1971,26.5916
19/07/1971,24.7933
26/07/1971,17.8358
02/08/1971,19.0492
09/08/1971,15.0642
16/08/1971,11.2125
23/08/1971,14.4126
30/08/1971,13.5642
06/09/1971,11.3875
13/09/1971,16.3708
20/09/1971,10.7291
27/09/1971,8.72974
04/10/1971,7.69031
11/10/1971,6.66217
18/10/1971,4.62102
25/10/1971,6.13143
01/11/1971,5.17791
08/11/1971,3.60853
15/11/1971,3.96546
22/11/1971,3.40988
29/11/1971,2.64734
06/12/1971,1.02002
13/12/1971,2.239
20/12/1971,2.36767
27/12/1971,1.11111
03/01/1972,2.29149
10/01/1972,1.05521
17/01/1972,2.24449
24/01/1972,2.34852
31/01/1972,4.50064
07/02/1972,2.28929
14/02/1972,3.03822
21/02/1972,3.09519
28/02/1972,3.38773
06/03/1972,4.69983
13/03/1972,6.90532
20/03/1972,9.04411
27/03/1972,12.2717
03/04/1972,7.51628
10/04/1972,11.3969
17/04/1972,12.0975
24/04/1972,15.4104
01/05/1972,13.7753
08/05/1972,11.5239
15/05/1972,12.457
22/05/1972,15.8694
29/05/1972,14.1391
05/06/1972,14.6804
12/06/1972,14.6674
19/06/1972,13.9444
26/06/1972,12.4176
03/07/1972,13.2094
10/07/1972,13.3959
17/07/1972,22.0563
24/07/1972,18.4088
31/07/1972,18.9862
07/08/1972,12.5854
14/08/1972,15.251
21/08/1972,14.9508
28/08/1972,17.3193
04/09/1972,17.5777
11/09/1972,11.5033
18/09/1972,9.7276
25/09/1972,10.7723
02/10/1972,8.90375
09/10/1972,8.50436
16/10/1972,5.60816
23/10/1972,5.92391
30/10/1972,4.10861
06/11/1972,1.47379
13/11/1972,4.60012
20/11/1972,3.09735
27/11/1972,3.36166
04/12/1972,1.92591
11/12/1972,2.63972
18/12/1972,2.9141
25/12/1972,1.5357
01/01/1973,1.86961
08/01/1973,0.963689
15/01/1973,1.80163
22/01/1973,1.64979
29/01/1973,3.09318
05/02/1973,1.64071
12/02/1973,3.0829
19/02/1973,3.39356
26/02/1973,4.12804
05/03/1973,4.1442
12/03/1973,6.92089
19/03/1973,7.09798
26/03/1973,10.0005
02/04/1973,8.41694
09/04/1973,11.3173
16/04/1973,10.4595
23/04/1973,12.7765
30/04/1973,15.8325
07/05/1973,11.9052
14/05/1973,13.2773
21/05/1973,19.521
28/05/1973,16.7974
04/06/1973,13.8183
11/06/1973,21.5663
18/06/1973,22.5054
25/06/1973,17.4168
02/07/1973,18.7977
09/07/1973,21.1645
16/07/1973,14.5004
23/07/1973,13.6189
30/07/1973,17.3539
06/08/1973,15.7674
13/08/1973,16.3277
20/08/1973,21.2476
27/08/1973,16.2025
03/09/1973,11.7205
10/09/1973,13.797
17/09/1973,13.7754
24/09/1973,9.38871
01/10/1973,7.56466
08/10/1973,6.50996
15/10/1973,5.54198
22/10/1973,4.51952
29/10/1973,4.36925
05/11/1973,2.85004
12/11/1973,5.03788
19/11/1973,4.77486
26/11/1973,2.38007
03/12/1973,3.36286
10/12/1973,2.1407
17/12/1973,3.94546
24/12/1973,2.16129
31/12/1973,1.36377
07/01/1974,2.3802
14/01/1974,3.88331
21/01/1974,2.92525
28/01/1974,2.76577
04/02/1974,3.65575
11/02/1974,2.83812
18/02/1974,4.36179
25/02/1974,3.91039
04/03/1974,4.97431
11/03/1974,4.6947
18/03/1974,5.91625
25/03/1974,7.34297
01/04/1974,9.42077
08/04/1974,14.2977
15/04/1974,15.4818
22/04/1974,13.6557
29/04/1974,12.9328
06/05/1974,11.9851
13/05/1974,13.4681
20/05/1974,18.1659
27/05/1974,17.2049
03/06/1974,16.8344
10/06/1974,19.3424
17/06/1974,23.8289
24/06/1974,23.7397
01/07/1974,14.3948
08/07/1974,15.689
15/07/1974,15.5522
22/07/1974,16.6988
29/07/1974,15.7836
05/08/1974,14.5687
12/08/1974,15.7706
19/08/1974,12.8663
26/08/1974,13.9384
02/09/1974,12.1668
09/09/1974,9.96493
16/09/1974,8.06562
23/09/1974,8.38506
30/09/1974,7.3342
07/10/1974,6.44949
14/10/1974,5.85051
21/10/1974,3.98777
28/10/1974,6.5026
04/11/1974,4.89062
11/11/1974,2.49681
18/11/1974,3.1937
25/11/1974,1.32947
02/12/1974,3.46991
09/12/1974,2.46842
16/12/1974,4.03029
23/12/1974,2.76209
30/12/1974,4.09328
06/01/1975,1.36919
13/01/1975,2.9256
20/01/1975,2.71266
27/01/1975,3.16778
03/02/1975,1.59259
10/02/1975,5.08569
17/02/1975,2.38712
24/02/1975,2.90266
03/03/1975,6.05568
10/03/1975,4.67133
17/03/1975,5.03967
24/03/1975,8.51161
31/03/1975,8.54741
07/04/1975,8.0006
14/04/1975,8.33283
21/04/1975,9.14458
28/04/1975,15.4141
05/05/1975,14.6637
12/05/1975,18.1713
19/05/1975,13.3271
26/05/1975,18.9245
02/06/1975,21.1066
09/06/1975,23.8261
16/06/1975,28.7037
23/06/1975,21.1292
30/06/1975,26.7949
07/07/1975,28.2816
14/07/1975,16.6842
21/07/1975,16.2382
28/07/1975,21.0104
04/08/1975,25.8812
11/08/1975,21.0559
18/08/1975,14.5077
25/08/1975,11.9049
01/09/1975,16.9246
08/09/1975,11.6704
15/09/1975,10.8271
22/09/1975,9.97972
29/09/1975,5.94354
06/10/1975,7.43368
13/10/1975,6.27581
20/10/1975,4.19618
27/10/1975,5.39867
03/11/1975,3.91314
10/11/1975,3.89077
17/11/1975,3.51432
24/11/1975,3.16209
01/12/1975,1.5197
08/12/1975,1.47124
15/12/1975,1.43891
22/12/1975,1.05011
29/12/1975,2.01889
05/01/1976,3.43558
12/01/1976,2.59215
19/01/1976,1.73271
26/01/1976,4.62455
02/02/1976,3.81651
09/02/1976,2.05398
16/02/1976,4.27736
23/02/1976,2.48201
01/03/1976,3.07189
08/03/1976,7.80879
15/03/1976,6.71318
22/03/1976,5.59785
29/03/1976,7.57161
05/04/1976,8.60002
12/04/1976,7.97785
19/04/1976,10.9244
26/04/1976,18.0371
03/05/1976,13.8411
10/05/1976,17.4595
17/05/1976,15.2902
24/05/1976,13.3605
31/05/1976,18.2943
07/06/1976,16.9865
14/06/1976,20.2687
21/06/1976,15.4402
28/06/1976,26.4222
05/07/1976,38.6906
12/07/1976,23.0808
19/07/1976,19.3593
26/07/1976,20.12
02/08/1976,22.085
09/08/1976,20.3986
16/08/1976,24.6364
23/08/1976,28.332
30/08/1976,23.7871
06/09/1976,12.1169
13/09/1976,13.0631
20/09/1976,8.05318
27/09/1976,6.31977
04/10/1976,5.66115
11/10/1976,5.32531
18/10/1976,4.94312
25/10/1976,3.2053
01/11/1976,2.59935
08/11/1976,2.65939
15/11/1976,2.20818
22/11/1976,1.19854
29/11/1976,2.21264
06/12/1976,1.51797
13/12/1976,1.72949
20/12/1976,1.04818
27/12/1976,1.25935
03/01/1977,1.89145
10/01/1977,1.35891
17/01/1977,1.25295
24/01/1977,1.29865
31/01/1977,2.43732
07/02/1977,2.26386
14/02/1977,3.30815
21/02/1977,3.72078
28/02/1977,4.1616
07/03/1977,6.61853
14/03/1977,5.61601
21/03/1977,6.75111
28/03/1977,5.87887
04/04/1977,8.73126
11/04/1977,9.62431
18/04/1977,12.2224
25/04/1977,9.14092
02/05/1977,12.5273
09/05/1977,11.9413
16/05/1977,13.5193
23/05/1977,25.4472
30/05/1977,24.9862
06/06/1977,23.1964
13/06/1977,13.9333
20/06/1977,10.76
27/06/1977,17.6142
04/07/1977,17.3651
11/07/1977,26.9501
18/07/1977,17.5662
25/07/1977,17.0513
01/08/1977,18.9158
08/08/1977,17.0041
15/08/1977,18.5476
22/08/1977,11.5065
29/08/1977,12.8226
05/09/1977,10.2064
12/09/1977,10.4735
19/09/1977,10.5909
26/09/1977,7.34919
03/10/1977,8.04481
10/10/1977,5.41868
17/10/1977,6.71053
24/10/1977,5.41678
31/10/1977,2.49102
07/11/1977,5.42632
14/11/1977,5.14667
21/11/1977,3.19335
28/11/1977,4.22452
05/12/1977,2.81435
12/12/1977,1.74901
19/12/1977,0.970018
26/12/1977,2.17436
02/01/1978,2.62274
09/01/1978,0.930959
16/01/1978,3.04086
23/01/1978,2.18798
30/01/1978,2.99754
06/02/1978,3.12096
13/02/1978,3.44779
20/02/1978,3.1056
27/02/1978,2.94157
06/03/1978,4.92229
13/03/1978,4.86336
20/03/1978,5.79102
27/03/1978,8.84528
03/04/1978,6.53399
10/04/1978,10.689
17/04/1978,11.5691
24/04/1978,11.0816
01/05/1978,10.7437
08/05/1978,10.0847
15/05/1978,15.8307
22/05/1978,17.3999
29/05/1978,22.4076
05/06/1978,24.7138
12/06/1978,17.5405
19/06/1978,18.9281
26/06/1978,19.1133
03/07/1978,12.0824
10/07/1978,13.4266
17/07/1978,18.0686
24/07/1978,15.9573
31/07/1978,17.185
07/08/1978,11.7814
14/08/1978,13.6832
21/08/1978,16.1985
28/08/1978,13.2985
04/09/1978,13.7667
11/09/1978,8.91293
18/09/1978,12.8283
25/09/1978,9.45591
02/10/1978,10.5835
09/10/1978,6.29607
16/10/1978,6.95895
23/10/1978,5.19405
30/10/1978,3.71049
06/11/1978,2.15335
13/11/1978,2.95277
20/11/1978,4.65757
27/11/1978,3.67211
04/12/1978,1.9013
11/12/1978,1.85137
18/12/1978,4.04863
25/12/1978,1.1144
01/01/1979,2.10825
08/01/1979,2.82974
15/01/1979,2.6289
22/01/1979,2.79227
29/01/1979,1.54649
05/02/1979,1.84303
12/02/1979,3.4721
19/02/1979,2.35458
26/02/1979,3.91114
05/03/1979,4.64839
12/03/1979,4.83598
19/03/1979,5.49341
26/03/1979,6.5206
02/04/1979,7.81992
09/04/1979,7.86547
16/04/1979,10.9968
23/04/1979,12.9323
30/04/1979,11.3103
07/05/1979,13.8397
14/05/1979,10.9125
21/05/1979,15.7273
28/05/1979,14.2673
04/06/1979,12.4948
11/06/1979,13.7726
18/06/1979,16.7735
25/06/1979,20.0237
02/07/1979,20.0771
09/07/1979,21.4464
16/07/1979,20.0751
23/07/1979,16.8088
30/07/1979,19.2654
06/08/1979,16.4296
13/08/1979,12.3272
20/08/1979,12.9782
27/08/1979,14.4397
03/09/1979,14.3007
10/09/1979,10.229
17/09/1979,10.9603
24/09/1979,8.31769
01/10/1979,7.28776
08/10/1979,6.06577
15/10/1979,6.08422
22/10/1979,5.27562
29/10/1979,4.38159
05/11/1979,3.40994
12/11/1979,4.27942
19/11/1979,3.48367
26/11/1979,1.4626
03/12/1979,2.60459
10/12/1979,1.75969
17/12/1979,5.98343
24/12/1979,3.10533
31/12/1979,2.15479
07/01/1980,1.95818
14/01/1980,1.42648
21/01/1980,1.88216
28/01/1980,2.56614
04/02/1980,2.74688
11/02/1980,3.61181
18/02/1980,2.70612
25/02/1980,3.73238
03/03/1980,3.74368
10/03/1980,6.07374
17/03/1980,4.86745
24/03/1980,6.4894
31/03/1980,5.68514
07/04/1980,10.6639
14/04/1980,11.4703
21/04/1980,16.1128
28/04/1980,12.9586
05/05/1980,13.8018
12/05/1980,16.892
19/05/1980,27.1563
26/05/1980,17.2546
02/06/1980,16.5128
09/06/1980,17.1005
16/06/1980,14.5941
23/06/1980,16.551
30/06/1980,17.0454
07/07/1980,15.6365
14/07/1980,13.4959
21/07/1980,13.2364
28/07/1980,19.0891
04/08/1980,16.4787
11/08/1980,11.9738
18/08/1980,11.5423
25/08/1980,14.9628
01/09/1980,13.3522
08/09/1980,13.0935
15/09/1980,11.4493
22/09/1980,8.0003
29/09/1980,7.11995
06/10/1980,6.68378
13/10/1980,6.77068
20/10/1980,4.91552
27/10/1980,3.83002
03/11/1980,4.09047
10/11/1980,4.82138
17/11/1980,2.80868
24/11/1980,3.06607
01/12/1980,3.79303
08/12/1980,2.80977
15/12/1980,2.72427
22/12/1980,3.72147
29/12/1980,2.6914
05/01/1981,3.28902
12/01/1981,2.22257
19/01/1981,3.73272
26/01/1981,1.34711
02/02/1981,1.43689
09/02/1981,2.65772
16/02/1981,2.86835
23/02/1981,3.91566
02/03/1981,3.87665
09/03/1981,3.26102
16/03/1981,4.43234
23/03/1981,7.54452
30/03/1981,7.23573
06/04/1981,9.14131
13/04/1981,9.65655
20/04/1981,15.9729
27/04/1981,10.7711
04/05/1981,10.3339
11/05/1981,12.4565
18/05/1981,12.7513
25/05/1981,12.2594
01/06/1981,11.7174
08/06/1981,14.4808
15/06/1981,14.9289
22/06/1981,18.7633
29/06/1981,18.6326
06/07/1981,15.5522
13/07/1981,18.0991
20/07/1981,14.7934
27/07/1981,14.537
03/08/1981,19.634
10/08/1981,11.3674
17/08/1981,17.1255
24/08/1981,14.6114
31/08/1981,17.4895
07/09/1981,15.1615
14/09/1981,11.0771
21/09/1981,8.25238
28/09/1981,8.17774
05/10/1981,4.30448
12/10/1981,7.17426
19/10/1981,4.87831
26/10/1981,3.33245
02/11/1981,4.50888
09/11/1981,3.57208
16/11/1981,2.80202
23/11/1981,1.41824
30/11/1981,4.20855
07/12/1981,1.38724
14/12/1981,0.991932
21/12/1981,2.48501
28/12/1981,1.36415
04/01/1982,1.0553
11/01/1982,2.0815
18/01/1982,0.760878
25/01/1982,1.70095
01/02/1982,2.78063
08/02/1982,2.68073
15/02/1982,4.29586
22/02/1982,3.84378
01/03/1982,3.20262
08/03/1982,5.73742
15/03/1982,7.41079
22/03/1982,5.79299
29/03/1982,11.1094
05/04/1982,9.24623
12/04/1982,10.5569
19/04/1982,14.3385
26/04/1982,15.3728
03/05/1982,15.553
10/05/1982,15.0754
17/05/1982,21.6578
24/05/1982,12.3353
31/05/1982,20.1527
07/06/1982,22.7437
14/06/1982,21.679
21/06/1982,18.6257
28/06/1982,14.183
05/07/1982,16.5172
12/07/1982,16.5229
19/07/1982,16.0841
26/07/1982,20.8006
02/08/1982,19.9172
09/08/1982,12.4868
16/08/1982,15.4809
23/08/1982,14.3478
30/08/1982,11.7828
06/09/1982,10.6857
13/09/1982,10.0921
20/09/1982,10.9981
27/09/1982,7.85633
04/10/1982,5.83797
11/10/1982,5.92976
18/10/1982,5.43398
25/10/1982,3.74416
01/11/1982,2.45463
08/11/1982,1.93257
15/11/1982,4.25833
22/11/1982,3.88504
29/11/1982,3.46392
06/12/1982,1.57886
13/12/1982,2.97697
20/12/1982,3.04042
27/12/1982,2.88786
03/01/1983,2.27327
10/01/1983,3.33714
17/01/1983,3.15392
24/01/1983,4.32243
31/01/1983,2.80273
07/02/1983,5.06766
14/02/1983,5.13233
21/02/1983,4.95197
28/02/1983,4.17338
07/03/1983,5.02577
14/03/1983,4.21387
21/03/1983,3.92262
28/03/1983,7.64775
04/04/1983,9.82472
11/04/1983,8.83794
18/04/1983,11.44
25/04/1983,8.76828
02/05/1983,12.1539
09/05/1983,11.3094
16/05/1983,13.8942
23/05/1983,12.4888
30/05/1983,14.5784
06/06/1983,15.0354
13/06/1983,18.1545
20/06/1983,21.5332
27/06/1983,19.042
04/07/1983,19.6891
11/07/1983,25.6575
18/07/1983,28.1891
25/07/1983,22.6513
01/08/1983,22.1497
08/08/1983,20.1285
15/08/1983,24.1579
22/08/1983,18.0959
29/08/1983,17.1914
05/09/1983,12.4126
12/09/1983,11.5974
19/09/1983,10.6632
26/09/1983,8.74212
03/10/1983,5.77521
10/10/1983,5.37434
17/10/1983,6.37468
24/10/1983,7.10098
31/10/1983,4.23969
07/11/1983,1.51916
14/11/1983,2.79585
21/11/1983,3.00888
28/11/1983,2.33034
05/12/1983,3.50397
12/12/1983,2.11252
19/12/1983,1.40505
26/12/1983,1.45706
02/01/1984,2.13242
09/01/1984,4.91094
16/01/1984,4.74587
23/01/1984,3.35095
30/01/1984,2.84697
06/02/1984,4.18138
13/02/1984,4.60172
20/02/1984,4.41884
27/02/1984,4.27669
05/03/1984,4.94979
12/03/1984,5.60432
19/03/1984,6.91983
26/03/1984,5.80402
02/04/1984,7.87863
09/04/1984,8.66165
16/04/1984,12.0632
23/04/1984,17.1077
30/04/1984,27.2552
07/05/1984,18.8501
14/05/1984,20.0463
21/05/1984,13.1212
28/05/1984,15.0671
04/06/1984,17.1416
11/06/1984,22.5834
18/06/1984,18.4993
25/06/1984,22.7083
02/07/1984,24.2658
09/07/1984,27.4734
16/07/1984,18.0437
23/07/1984,21.7622
30/07/1984,23.949
06/08/1984,18.5957
13/08/1984,17.9627
20/08/1984,17.2646
27/08/1984,15.5507
03/09/1984,14.331
10/09/1984,12.8006
17/09/1984,10.6856
24/09/1984,10.9177
01/10/1984,7.69388
08/10/1984,7.65559
15/10/1984,4.25333
22/10/1984,6.9624
29/10/1984,3.62683
05/11/1984,2.40453
12/11/1984,1.70323
19/11/1984,1.38469
26/11/1984,4.04039
03/12/1984,2.44867
10/12/1984,1.2721
17/12/1984,1.05118
24/12/1984,1.63193
31/12/1984,1.4342
07/01/1985,1.57334
14/01/1985,0.731341
21/01/1985,1.66824
28/01/1985,2.81228
04/02/1985,1.90907
11/02/1985,2.53401
18/02/1985,5.36597
25/02/1985,4.70494
04/03/1985,5.26588
11/03/1985,5.41283
18/03/1985,7.52669
25/03/1985,6.03894
01/04/1985,6.98746
08/04/1985,5.5041
15/04/1985,11.2481
22/04/1985,13.1782
29/04/1985,14.3687
06/05/1985,13.3445
13/05/1985,17.2782
20/05/1985,16.5809
27/05/1985,11.6644
03/06/1985,24.9541
10/06/1985,17.9053
17/06/1985,20.1471
24/06/1985,13.1501
01/07/1985,16.5368
08/07/1985,24.9293
15/07/1985,17.7914
22/07/1985,17.5264
29/07/1985,16.9889
05/08/1985,14.0302
12/08/1985,15.1239
19/08/1985,12.8762
26/08/1985,13.9826
02/09/1985,11.6352
09/09/1985,10.5813
16/09/1985,12.646
23/09/1985,7.02702
30/09/1985,9.90664
07/10/1985,8.31436
14/10/1985,6.70953
21/10/1985,3.71723
28/10/1985,4.0597
04/11/1985,3.17108
11/11/1985,4.96032
18/11/1985,2.38742
25/11/1985,2.37222
02/12/1985,1.17238
09/12/1985,2.09167
16/12/1985,1.08394
23/12/1985,3.1261
30/12/1985,2.43412
06/01/1986,3.00111
13/01/1986,2.82399
20/01/1986,3.53541
27/01/1986,3.7343
03/02/1986,2.51667
10/02/1986,2.87192
17/02/1986,4.50036
24/02/1986,4.39995
03/03/1986,7.27271
10/03/1986,4.69419
17/03/1986,3.91124
24/03/1986,7.53369
31/03/1986,7.99126
07/04/1986,9.81971
14/04/1986,9.3992
21/04/1986,9.96532
28/04/1986,11.0266
05/05/1986,12.8672
12/05/1986,11.9643
19/05/1986,14.8817
26/05/1986,14.852
02/06/1986,15.7207
09/06/1986,16.1447
16/06/1986,21.4818
23/06/1986,21.7204
30/06/1986,21.6393
07/07/1986,18.0129
14/07/1986,15.8658
21/07/1986,18.0793
28/07/1986,17.1248
04/08/1986,12.3842
11/08/1986,14.2162
18/08/1986,14.179
25/08/1986,11.8327
01/09/1986,10.879
08/09/1986,11.1431
15/09/1986,10.8305
22/09/1986,10.2889
29/09/1986,6.6174
06/10/1986,6.77015
13/10/1986,4.56199
20/10/1986,4.35205
27/10/1986,5.68975
03/11/1986,2.89666
10/11/1986,3.99267
17/11/1986,2.8695
24/11/1986,5.35744
01/12/1986,1.89793
08/12/1986,1.85974
15/12/1986,2.71133
22/12/1986,4.74865
29/12/1986,2.49234
05/01/1987,2.60096
12/01/1987,3.00254
19/01/1987,1.87647
26/01/1987,0.716353
02/02/1987,3.30142
09/02/1987,1.3937
16/02/1987,2.93678
23/02/1987,4.70315
02/03/1987,3.35343
09/03/1987,5.56058
16/03/1987,6.523
23/03/1987,7.62516
30/03/1987,7.29561
06/04/1987,5.92713
13/04/1987,10.1013
20/04/1987,12.7358
27/04/1987,17.8742
04/05/1987,16.2562
11/05/1987,19.9563
18/05/1987,15.3941
25/05/1987,15.8401
01/06/1987,16.5259
08/06/1987,13.8804
15/06/1987,16.9151
22/06/1987,15.9293
29/06/1987,13.069
06/07/1987,24.3283
13/07/1987,23.2474
20/07/1987,14.234
27/07/1987,15.779
03/08/1987,15.5364
10/08/1987,18.228
17/08/1987,15.2096
24/08/1987,13.9148
31/08/1987,14.7209
07/09/1987,11.4979
14/09/1987,10.421
21/09/1987,7.97595
28/09/1987,9.26645
05/10/1987,7.45907
12/10/1987,6.28658
19/10/1987,7.33585
26/10/1987,4.19601
02/11/1987,2.20606
09/11/1987,2.78167
16/11/1987,2.58029
23/11/1987,3.61879
30/11/1987,2.8845
07/12/1987,3.23201
14/12/1987,2.84137
21/12/1987,1.58338
28/12/1987,1.08097
04/01/1988,3.03986
11/01/1988,3.56489
18/01/1988,2.70561
25/01/1988,2.6803
01/02/1988,4.13921
08/02/1988,5.17558
15/02/1988,6.4068
22/02/1988,4.2069
29/02/1988,6.13566
07/03/1988,6.13285
14/03/1988,6.16073
21/03/1988,4.05504
28/03/1988,11.0458
04/04/1988,8.75898
11/04/1988,11.9434
18/04/1988,10.6159
25/04/1988,12.7466
02/05/1988,13.1787
09/05/1988,15.2947
16/05/1988,19.4123
23/05/1988,22.2339
30/05/1988,12.8426
06/06/1988,15.7266
13/06/1988,17.6612
20/06/1988,24.8402
27/06/1988,22.3189
04/07/1988,16.0339
11/07/1988,14.4611
18/07/1988,14.9899
25/07/1988,14.3375
01/08/1988,16.03
08/08/1988,16.9529
15/08/1988,14.7054
22/08/1988,14.707
29/08/1988,10.6124
05/09/1988,13.3694
12/09/1988,12.276
19/09/1988,11.1732
26/09/1988,7.80757
03/10/1988,8.20557
10/10/1988,7.739
17/10/1988,5.63795
24/10/1988,3.67354
31/10/1988,4.36528
07/11/1988,3.93778
14/11/1988,2.60165
21/11/1988,1.67718
28/11/1988,1.82087
05/12/1988,1.12291
12/12/1988,2.65588
19/12/1988,1.29975
26/12/1988,2.58898
02/01/1989,1.1397
09/01/1989,3.29916
16/01/1989,2.96054
23/01/1989,2.3945
30/01/1989,3.2048
06/02/1989,2.44108
13/02/1989,4.99602
20/02/1989,3.98846
27/02/1989,5.08512
06/03/1989,6.32942
13/03/1989,4.06308
20/03/1989,7.74955
27/03/1989,7.43817
03/04/1989,8.99243
10/04/1989,9.6951
17/04/1989,9.90026
24/04/1989,11.4215
01/05/1989,11.5181
08/05/1989,17.8072
15/05/1989,17.7264
22/05/1989,22.0985
29/05/1989,26.4184
05/06/1989,19.1244
12/06/1989,17.086
19/06/1989,27.0632
26/06/1989,30.6157
03/07/1989,18.3834
10/07/1989,21.8263
17/07/1989,25.7306
24/07/1989,31.2873
31/07/1989,23.0139
07/08/1989,20.6731
14/08/1989,19.6579
21/08/1989,19.6076
28/08/1989,15.5247
04/09/1989,15.0857
11/09/1989,13.2888
18/09/1989,6.14179
25/09/1989,11.7961
02/10/1989,8.00765
09/10/1989,6.85129
16/10/1989,6.15029
23/10/1989,5.74059
30/10/1989,6.34575
06/11/1989,4.5024
13/11/1989,2.4701
20/11/1989,3.40116
27/11/1989,2.53493
04/12/1989,1.36591
11/12/1989,1.51569
18/12/1989,1.94977
25/12/1989,3.657
01/01/1990,2.45977
08/01/1990,1.17966
15/01/1990,1.45135
22/01/1990,2.5482
29/01/1990,4.68539
05/02/1990,5.11286
12/02/1990,4.88126
19/02/1990,5.76426
26/02/1990,5.01905
05/03/1990,8.74898
12/03/1990,7.69153
19/03/1990,9.20746
26/03/1990,8.19737
02/04/1990,10.6318
09/04/1990,12.5387
16/04/1990,11.3513
23/04/1990,13.4794
30/04/1990,17.3927
07/05/1990,26.4565
14/05/1990,16.2791
21/05/1990,18.4289
28/05/1990,24.4173
04/06/1990,16.7358
11/06/1990,18.2198
18/06/1990,16.5727
25/06/1990,16.6495
02/07/1990,15.4457
09/07/1990,16.7881
16/07/1990,29.5231
23/07/1990,29.3948
30/07/1990,25.5858
06/08/1990,26.7254
13/08/1990,19.2858
20/08/1990,14.7174
27/08/1990,15.7682
03/09/1990,13.7556
10/09/1990,14.237
17/09/1990,13.3258
24/09/1990,11.8949
01/10/1990,7.95624
08/10/1990,8.622
15/10/1990,7.57542
22/10/1990,4.82502
29/10/1990,6.30236
05/11/1990,4.69329
12/11/1990,3.10633
19/11/1990,3.90963
26/11/1990,2.6305
03/12/1990,2.29173
10/12/1990,2.43663
17/12/1990,2.97309
24/12/1990,1.6503
31/12/1990,3.14196
07/01/1991,4.69673
14/01/1991,4.55239
21/01/1991,1.60209
28/01/1991,1.51861
04/02/1991,1.54279
11/02/1991,2.25401
18/02/1991,3.32067
25/02/1991,2.67525
04/03/1991,4.86147
11/03/1991,4.49813
18/03/1991,5.16644
25/03/1991,6.50406
01/04/1991,10.8464
08/04/1991,8.43926
15/04/1991,10.7982
22/04/1991,15.1591
29/04/1991,13.0709
06/05/1991,12.2283
13/05/1991,14.0442
20/05/1991,15.0408
27/05/1991,20.3572
03/06/1991,17.3483
10/06/1991,13.9852
17/06/1991,15.1503
24/06/1991,16.526
01/07/1991,14.4034
08/07/1991,22.2744
15/07/1991,15.1737
22/07/1991,15.0253
29/07/1991,15.4996
05/08/1991,17.3485
12/08/1991,11.7278
19/08/1991,16.6928
26/08/1991,15.4452
02/09/1991,19.6213
09/09/1991,17.8427
16/09/1991,13.4593
23/09/1991,9.9574
30/09/1991,7.35797
07/10/1991,9.73163
14/10/1991,4.8722
21/10/1991,6.29893
28/10/1991,2.73879
04/11/1991,4.18237
11/11/1991,4.55323
18/11/1991,3.33603
25/11/1991,2.09983
02/12/1991,1.09067
09/12/1991,2.91914
16/12/1991,1.03227
23/12/1991,3.94596
30/12/1991,1.83047
06/01/1992,2.99094
13/01/1992,2.20911
20/01/1992,0.915594
27/01/1992,1.85074
03/02/1992,2.24345
10/02/1992,3.34583
17/02/1992,4.45696
24/02/1992,3.03941
02/03/1992,4.04646
09/03/1992,5.34286
16/03/1992,4.90793
23/03/1992,6.31078
30/03/1992,9.44611
06/04/1992,8.1726
13/04/1992,11.6908
20/04/1992,10.8295
27/04/1992,11.1226
04/05/1992,14.2737
11/05/1992,13.3972
18/05/1992,21.8367
25/05/1992,27.1173
01/06/1992,19.7994
08/06/1992,15.6178
15/06/1992,23.2473
22/06/1992,23.6505
29/06/1992,23.5587
06/07/1992,17.4541
13/07/1992,17.2037
20/07/1992,14.412
27/07/1992,15.6052
03/08/1992,19.7284
10/08/1992,15.5032
17/08/1992,14.9101
24/08/1992,13.6414
31/08/1992,10.5546
07/09/1992,10.9429
14/09/1992,11.4908
21/09/1992,7.4653
28/09/1992,6.67834
05/10/1992,6.28626
12/10/1992,9.03237
19/10/1992,5.81461
26/10/1992,5.36178
02/11/1992,3.00579
09/11/1992,1.75163
16/11/1992,3.42574
23/11/1992,3.15808
30/11/1992,4.07881
07/12/1992,1.66364
14/12/1992,1.29072
21/12/1992,2.72272
28/12/1992,1.33851
04/01/1993,1.24334
11/01/1993,1.67254
18/01/1993,4.59868
25/01/1993,4.9355
01/02/1993,3.2407
08/02/1993,1.76368
15/02/1993,2.14115
22/02/1993,4.46916
01/03/1993,5.95323
08/03/1993,4.93276
15/03/1993,7.40906
22/03/1993,6.89056
29/03/1993,9.79635
05/04/1993,7.60002
12/04/1993,8.08184
19/04/1993,9.82216
26/04/1993,11.1482
03/05/1993,16.9653
10/05/1993,20.4002
17/05/1993,14.2673
24/05/1993,15.7092
31/05/1993,13.719
07/06/1993,18.1521
14/06/1993,15.5243
21/06/1993,15.9902
28/06/1993,22.9792
05/07/1993,23.7503
12/07/1993,21.0644
19/07/1993,13.5237
26/07/1993,15.9963
02/08/1993,13.9655
09/08/1993,16.2256
16/08/1993,15.4013
23/08/1993,15.1419
30/08/1993,14.655
06/09/1993,14.6653
13/09/1993,9.57561
20/09/1993,9.55929
27/09/1993,7.76642
04/10/1993,6.19501
11/10/1993,6.47327
18/10/1993,5.89808
25/10/1993,6.1381
01/11/1993,4.70522
08/11/1993,2.47707
15/11/1993,3.7636
22/11/1993,3.33095
29/11/1993,2.12144
06/12/1993,2.90951
13/12/1993,5.46275
20/12/1993,2.58492
27/12/1993,3.22132
03/01/1994,1.75134
10/01/1994,1.22658
17/01/1994,3.29788
24/01/1994,2.33082
31/01/1994,3.42777
07/02/1994,2.86718
14/02/1994,3.93522
21/02/1994,2.6064
28/02/1994,3.7075
07/03/1994,5.44254
14/03/1994,5.85883
21/03/1994,8.48304
28/03/1994,7.1174
04/04/1994,8.87643
11/04/1994,11.6049
18/04/1994,13.0729
25/04/1994,12.6282
02/05/1994,14.6823
09/05/1994,14.8926
16/05/1994,16.7257
23/05/1994,12.1298
30/05/1994,12.794
06/06/1994,17.298
13/06/1994,17.1746
20/06/1994,21.6403
27/06/1994,17.8304
04/07/1994,23.1861
11/07/1994,17.0968
18/07/1994,23.5145
25/07/1994,22.8892
01/08/1994,16.0086
08/08/1994,15.1317
15/08/1994,17.1225
22/08/1994,15.1212
29/08/1994,17.566
05/09/1994,9.05874
12/09/1994,11.8743
19/09/1994,10.6732
26/09/1994,8.87137
03/10/1994,4.93288
10/10/1994,7.00894
17/10/1994,7.13729
24/10/1994,5.19579
31/10/1994,4.2019
07/11/1994,3.93248
14/11/1994,1.05506
21/11/1994,2.38851
28/11/1994,1.09098
05/12/1994,2.82495
12/12/1994,4.30455
19/12/1994,2.04032
26/12/1994,1.27496
02/01/1995,4.27491
09/01/1995,1.82118
16/01/1995,2.55037
23/01/1995,3.2317
30/01/1995,4.01706
06/02/1995,2.17576
13/02/1995,3.03657
20/02/1995,6.69752
27/02/1995,5.06547
06/03/1995,4.54914
13/03/1995,6.90449
20/03/1995,8.17347
27/03/1995,9.47869
03/04/1995,9.78865
10/04/1995,9.46319
17/04/1995,15.0091
24/04/1995,13.5278
01/05/1995,13.7853
08/05/1995,22.7257
15/05/1995,17.2573
22/05/1995,14.6876
29/05/1995,17.1498
05/06/1995,14.8872
12/06/1995,17.2981
19/06/1995,18.3669
26/06/1995,23.7379
03/07/1995,31.8438
10/07/1995,21.951
17/07/1995,20.7872
24/07/1995,19.2231
31/07/1995,23.0908
07/08/1995,29.7125
14/08/1995,25.979
21/08/1995,24.3149
28/08/1995,19.9018
04/09/1995,16.6418
11/09/1995,11.3113
18/09/1995,10.6033
25/09/1995,11.1666
02/10/1995,8.46943
09/10/1995,7.96047
16/10/1995,5.80291
23/10/1995,6.51346
30/10/1995,5.35694
06/11/1995,3.78037
13/11/1995,1.53237
20/11/1995,2.61658
27/11/1995,2.11531
04/12/1995,2.02636
11/12/1995,2.11962
18/12/1995,2.91947
25/12/1995,1.11938
01/01/1996,0.935145
08/01/1996,1.95309
15/01/1996,3.20198
22/01/1996,1.48458
29/01/1996,2.99597
05/02/1996,2.40773
12/02/1996,4.00123
19/02/1996,6.23021
26/02/1996,5.14402
04/03/1996,5.6307
11/03/1996,6.28332
18/03/1996,5.77475
25/03/1996,5.31735
01/04/1996,8.83953
08/04/1996,11.3848
15/04/1996,6.99375
22/04/1996,8.53051
29/04/1996,14.7029
06/05/1996,13.9267
13/05/1996,19.9066
20/05/1996,16.8748
27/05/1996,12.8125
03/06/1996,16.5245
10/06/1996,19.4714
17/06/1996,23.9718
24/06/1996,23.3665
01/07/1996,18.0552
08/07/1996,18.2555
15/07/1996,15.4479
22/07/1996,28.7502
29/07/1996,20.9907
05/08/1996,19.1117
12/08/1996,17.1227
19/08/1996,20.3141
26/08/1996,14.1173
02/09/1996,13.8244
09/09/1996,14.2132
16/09/1996,13.2039
23/09/1996,15.1576
30/09/1996,8.08616
07/10/1996,7.55467
14/10/1996,6.20377
21/10/1996,6.14371
28/10/1996,6.26526
04/11/1996,6.15869
11/11/1996,6.06102
18/11/1996,2.97452
25/11/1996,2.70818
02/12/1996,3.35468
09/12/1996,2.35159
16/12/1996,1.28491
23/12/1996,1.76521
30/12/1996,2.68614
06/01/1997,2.85881
13/01/1997,1.74876
20/01/1997,1.55399
27/01/1997,1.78326
03/02/1997,2.43961
10/02/1997,2.97797
17/02/1997,5.5652
24/02/1997,6.4346
03/03/1997,8.05688
10/03/1997,3.94245
17/03/1997,6.52713
24/03/1997,8.88314
31/03/1997,8.89138
07/04/1997,11.0775
14/04/1997,17.1621
21/04/1997,14.2024
28/04/1997,11.8936
05/05/1997,17.9641
12/05/1997,14.3714
19/05/1997,16.777
26/05/1997,15.9674
02/06/1997,30.7373
09/06/1997,19.2447
16/06/1997,15.6785
23/06/1997,16.424
30/06/1997,11.9372
07/07/1997,17.6575
14/07/1997,22.3881
21/07/1997,20.5176
28/07/1997,20.2883
04/08/1997,16.4346
11/08/1997,14.9678
18/08/1997,18.1967
25/08/1997,12.3282
01/09/1997,15.1345
08/09/1997,12.5053
15/09/1997,13.0757
22/09/1997,10.5086
29/09/1997,9.94109
06/10/1997,6.78797
13/10/1997,6.93218
20/10/1997,5.83246
27/10/1997,6.2884
03/11/1997,4.87011
10/11/1997,4.55736
17/11/1997,1.79278
24/11/1997,3.12596
01/12/1997,2.26579
08/12/1997,1.90321
15/12/1997,3.26124
22/12/1997,2.01749
29/12/1997,3.71833
05/01/1998,4.28931
12/01/1998,4.0285
19/01/1998,3.68875
26/01/1998,3.66052
02/02/1998,2.70904
09/02/1998,2.77417
16/02/1998,4.29566
23/02/1998,5.03926
02/03/1998,6.35699
09/03/1998,6.02394
16/03/1998,7.10116
23/03/1998,7.37332
30/03/1998,5.67496
06/04/1998,8.85241
13/04/1998,8.64468
20/04/1998,10.8491
27/04/1998,10.5828
04/05/1998,16.8392
11/05/1998,13.2609
18/05/1998,20.1214
25/05/1998,23.336
01/06/1998,19.2572
08/06/1998,16.1481
15/06/1998,15.352
22/06/1998,19.287
29/06/1998,16.212
06/07/1998,16.6588
13/07/1998,14.0438
20/07/1998,18.3715
27/07/1998,17.0169
03/08/1998,15.8601
10/08/1998,19.9129
17/08/1998,18.6998
24/08/1998,14.9986
31/08/1998,15.851
07/09/1998,11.095
14/09/1998,12.9689
21/09/1998,10.9901
28/09/1998,8.57212
05/10/1998,6.87219
12/10/1998,7.86657
19/10/1998,5.97479
26/10/1998,6.38676
02/11/1998,6.92667
09/11/1998,4.91113
16/11/1998,5.21271
23/11/1998,3.92197
30/11/1998,1.62836
07/12/1998,1.57122
14/12/1998,1.15643
21/12/1998,2.11487
28/12/1998,2.47733
04/01/1999,4.54749
11/01/1999,3.18892
18/01/1999,4.0269
25/01/1999,1.28189
01/02/1999,2.89688
08/02/1999,4.98684
15/02/1999,2.767
22/02/1999,5.32175
01/03/1999,5.39202
08/03/1999,5.28706
15/03/1999,5.48951
22/03/1999,8.96275
29/03/1999,8.64213
05/04/1999,8.99948
12/04/1999,10.3823
19/04/1999,11.7302
26/04/1999,10.2522
03/05/1999,18.9838
10/05/1999,16.2168
17/05/1999,14.2324
24/05/1999,15.0731
31/05/1999,15.355
07/06/1999,14.8876
14/06/1999,18.5784
21/06/1999,20.4045
28/06/1999,22.2544
05/07/1999,15.7692
12/07/1999,23.478
19/07/1999,20.5681
26/07/1999,21.346
02/08/1999,27.6366
09/08/1999,15.9129
16/08/1999,14.0558
23/08/1999,16.4281
30/08/1999,12.3014
06/09/1999,14.6472
13/09/1999,12.9155
20/09/1999,11.2062
27/09/1999,7.82515
04/10/1999,8.89566
11/10/1999,6.8796
18/10/1999,6.78625
25/10/1999,6.27938
01/11/1999,4.86196
08/11/1999,5.25531
15/11/1999,3.39566
22/11/1999,3.66611
29/11/1999,3.75313
06/12/1999,4.5936
13/12/1999,4.50579
20/12/1999,2.57951
27/12/1999,3.5546
03/01/2000,0.90164
10/01/2000,2.63471
17/01/2000,2.82406
24/01/2000,2.0226
31/01/2000,2.46242
07/02/2000,2.92773
14/02/2000,6.80231
21/02/2000,5.90138
28/02/2000,4.25795
06/03/2000,7.59793
13/03/2000,5.71026
20/03/2000,8.16795
27/03/2000,8.49225
03/04/2000,8.40447
10/04/2000,11.8221
17/04/2000,10.0435
24/04/2000,10.7063
01/05/2000,13.2295
08/05/2000,17.4064
15/05/2000,16.0635
22/05/2000,15.6342
29/05/2000,12.6529
05/06/2000,14.0601
12/06/2000,19.1419
19/06/2000,20.3896
26/06/2000,16.8568
03/07/2000,20.4858
10/07/2000,14.4458
17/07/2000,17.9132
24/07/2000,25.7207
31/07/2000,17.1494
07/08/2000,18.429
14/08/2000,13.3193
21/08/2000,15.3463
28/08/2000,19.9174
04/09/2000,13.1936
11/09/2000,10.362
18/09/2000,10.0426
25/09/2000,9.71535
02/10/2000,7.52134
09/10/2000,8.54799
16/10/2000,5.49617
23/10/2000,5.38773
30/10/2000,6.22202
06/11/2000,5.60242
13/11/2000,4.20288
20/11/2000,2.71473
27/11/2000,3.67857
04/12/2000,3.51304
11/12/2000,3.90423
18/12/2000,2.93967
25/12/2000,1.46814
01/01/2001,2.24773
08/01/2001,1.94426
15/01/2001,5.36058
22/01/2001,1.49063
29/01/2001,2.79293
05/02/2001,1.84505
12/02/2001,4.45676
19/02/2001,3.69525
26/02/2001,4.67435
05/03/2001,4.95471
12/03/2001,5.58794
19/03/2001,5.03031
26/03/2001,5.18258
02/04/2001,7.53872
09/04/2001,8.38514
16/04/2001,9.04088
23/04/2001,13.1772
30/04/2001,13.3742
07/05/2001,17.1314
14/05/2001,19.0384
21/05/2001,15.2514
28/05/2001,20.8164
04/06/2001,19.3802
11/06/2001,21.1703
18/06/2001,15.8531
25/06/2001,23.6481
02/07/2001,21.6324
09/07/2001,17.522
16/07/2001,19.9071
23/07/2001,16.498
30/07/2001,23.8468
06/08/2001,16.8786
13/08/2001,13.9697
20/08/2001,14.4262
27/08/2001,13.9902
03/09/2001,15.3762
10/09/2001,14.1349
17/09/2001,13.3633
24/09/2001,10.224
01/10/2001,7.84444
08/10/2001,9.65343
15/10/2001,5.23725
22/10/2001,6.55239
29/10/2001,4.35764
05/11/2001,3.93119
12/11/2001,4.32602
19/11/2001,2.70333
26/11/2001,2.35114
03/12/2001,1.76781
10/12/2001,2.62211
17/12/2001,3.50481
24/12/2001,1.90315
31/12/2001,3.38942
07/01/2002,1.60353
14/01/2002,1.10567
21/01/2002,2.14428
28/01/2002,3.8481
04/02/2002,4.76758
11/02/2002,5.53006
18/02/2002,4.46447
25/02/2002,7.48573
04/03/2002,6.24691
11/03/2002,6.55161
18/03/2002,6.39586
25/03/2002,5.83942
01/04/2002,11.0316
08/04/2002,12.1335
15/04/2002,14.0374
22/04/2002,14.0031
29/04/2002,12.7704
06/05/2002,16.6555
13/05/2002,14.7819
20/05/2002,15.7918
27/05/2002,14.5547
03/06/2002,18.9506
10/06/2002,13.5016
17/06/2002,12.8577
24/06/2002,18.3436
01/07/2002,20.4282
08/07/2002,14.6604
15/07/2002,18.252
22/07/2002,22.7883
29/07/2002,14.5418
05/08/2002,15.0634
12/08/2002,13.0249
19/08/2002,15.4918
26/08/2002,16.1982
02/09/2002,14.3109
09/09/2002,12.5699
16/09/2002,13.9234
23/09/2002,11.8535
30/09/2002,11.4423
07/10/2002,7.76353
14/10/2002,7.95697
21/10/2002,4.44855
28/10/2002,8.06711
04/11/2002,3.04538
11/11/2002,3.70113
18/11/2002,3.31657
25/11/2002,3.21221
02/12/2002,2.3372
09/12/2002,3.48377
16/12/2002,1.90563
23/12/2002,1.36579
30/12/2002,1.12046
06/01/2003,1.25377
13/01/2003,1.96918
20/01/2003,3.65349
27/01/2003,2.90687
03/02/2003,5.53532
10/02/2003,3.93498
17/02/2003,3.12455
24/02/2003,5.18005
03/03/2003,5.17214
10/03/2003,5.39354
17/03/2003,10.2804
24/03/2003,11.0195
31/03/2003,12.1232
07/04/2003,13.1287
14/04/2003,13.7682
21/04/2003,24.1813
28/04/2003,13.3118
05/05/2003,11.8458
12/05/2003,16.2984
19/05/2003,14.2728
26/05/2003,12.6522
02/06/2003,20.2135
09/06/2003,16.2266
16/06/2003,22.8146
23/06/2003,20.4286
30/06/2003,21.6966
07/07/2003,17.1262
14/07/2003,23.1455
21/07/2003,21.4972
28/07/2003,14.3807
04/08/2003,14.9009
11/08/2003,23.1547
18/08/2003,20.5869
25/08/2003,14.3682
01/09/2003,15.7963
08/09/2003,13.6454
15/09/2003,11.8527
22/09/2003,11.2886
29/09/2003,10.6357
06/10/2003,9.03047
13/10/2003,8.48557
20/10/2003,9.49949
27/10/2003,5.4296
03/11/2003,3.98538
10/11/2003,4.90949
17/11/2003,3.69272
24/11/2003,1.35839
01/12/2003,1.82881
08/12/2003,2.99812
15/12/2003,2.2848
22/12/2003,1.7465
29/12/2003,2.8774
05/01/2004,1.66609
12/01/2004,2.64505
19/01/2004,3.98
26/01/2004,2.6564
02/02/2004,4.07052
09/02/2004,4.72475
16/02/2004,2.45714
23/02/2004,6.61072
01/03/2004,5.82851
08/03/2004,5.47739
15/03/2004,6.39831
22/03/2004,7.8699
29/03/2004,7.77564
05/04/2004,11.589
12/04/2004,10.1237
19/04/2004,10.7001
26/04/2004,14.2006
03/05/2004,11.889
10/05/2004,12.4737
17/05/2004,14.5884
24/05/2004,22.7892
31/05/2004,20.3266
07/06/2004,18.1697
14/06/2004,23.6425
21/06/2004,24.067
28/06/2004,18.5559
05/07/2004,17.9904
12/07/2004,19.1534
19/07/2004,14.5239
26/07/2004,16.9928
02/08/2004,16.7457
09/08/2004,18.4309
16/08/2004,15.0186
23/08/2004,15.2176
30/08/2004,12.6037
06/09/2004,15.4892
13/09/2004,16.6096
20/09/2004,12.0261
27/09/2004,9.42934
04/10/2004,5.70726
11/10/2004,9.73831
18/10/2004,5.5894
25/10/2004,5.42837
01/11/2004,4.66936
08/11/2004,3.49192
15/11/2004,3.75047
22/11/2004,2.39646
29/11/2004,2.10834
06/12/2004,0.92144
13/12/2004,1.37067
20/12/2004,3.10996
27/12/2004,2.69503
03/01/2005,3.0364
10/01/2005,5.03054
17/01/2005,3.43996
24/01/2005,3.92254
31/01/2005,4.10776
07/02/2005,2.99579
14/02/2005,4.12908
21/02/2005,5.81333
28/02/2005,5.35783
07/03/2005,6.30563
14/03/2005,6.44548
21/03/2005,6.73944
28/03/2005,8.79095
04/04/2005,8.58609
11/04/2005,11.9528
18/04/2005,9.86852
25/04/2005,12.152
02/05/2005,12.0238
09/05/2005,15.5082
16/05/2005,18.6176
23/05/2005,14.6244
30/05/2005,17.5468
06/06/2005,12.8371
13/06/2005,21.6119
20/06/2005,18.0966
27/06/2005,22.2735
04/07/2005,18.2086
11/07/2005,21.4932
18/07/2005,27.8596
25/07/2005,16.7027
01/08/2005,11.7633
08/08/2005,17.9278
15/08/2005,19.3737
22/08/2005,19.6441
29/08/2005,14.974
05/09/2005,16.4013
12/09/2005,11.1772
19/09/2005,10.9167
26/09/2005,11.1306
03/10/2005,9.69415
10/10/2005,5.35008
17/10/2005,6.19146
24/10/2005,5.39668
31/10/2005,6.27288
07/11/2005,5.554
14/11/2005,4.33332
21/11/2005,2.27771
28/11/2005,1.68412
05/12/2005,1.99438
12/12/2005,1.67864
19/12/2005,2.55155
26/12/2005,1.3008
02/01/2006,2.00023
09/01/2006,1.36015
16/01/2006,2.37698
23/01/2006,2.28375
30/01/2006,4.29933
06/02/2006,1.58219
13/02/2006,4.06185
20/02/2006,3.94207
27/02/2006,6.70103
06/03/2006,6.34027
13/03/2006,5.87091
20/03/2006,7.81126
27/03/2006,7.36536
03/04/2006,8.93935
10/04/2006,13.7229
17/04/2006,10.4488
24/04/2006,10.423
01/05/2006,13.5456
08/05/2006,16.5281
15/05/2006,15.2469
22/05/2006,10.5985
29/05/2006,12.1137
05/06/2006,25.4819
12/06/2006,30.5686
19/06/2006,22.3529
26/06/2006,18.8493
03/07/2006,20.5614
10/07/2006,20.0127
17/07/2006,26.2507
24/07/2006,28.9239
31/07/2006,24.336
07/08/2006,19.2021
14/08/2006,19.6384
21/08/2006,13.1139
28/08/2006,14.2599
04/09/2006,13.0422
11/09/2006,14.9329
18/09/2006,10.1643
25/09/2006,13.4413
02/10/2006,7.82833
09/10/2006,8.76953
16/10/2006,5.95951
23/10/2006,5.24785
30/10/2006,4.19465
06/11/2006,3.826
13/11/2006,3.25254
20/11/2006,4.32612
27/11/2006,4.23562
04/12/2006,4.94493
11/12/2006,5.2923
18/12/2006,3.30886
25/12/2006,0.158434
01/01/2007,2.35805
08/01/2007,3.77994
15/01/2007,4.44109
22/01/2007,5.27447
29/01/2007,3.86507
05/02/2007,2.84099
12/02/2007,2.66128
19/02/2007,4.3162
26/02/2007,4.19524
05/03/2007,6.41246
12/03/2007,8.76538
19/03/2007,7.9187
26/03/2007,10.0425
02/04/2007,11.9113
09/04/2007,15.8833
16/04/2007,13.781
23/04/2007,17.6609
30/04/2007,15.1911
07/05/2007,22.5518
14/05/2007,10.14
21/05/2007,15.7781
28/05/2007,17.1713
04/06/2007,17.5557
11/06/2007,23.7537
18/06/2007,14.9352
25/06/2007,15.0059
02/07/2007,13.9859
09/07/2007,16.99
16/07/2007,14.0554
23/07/2007,16.5842
30/07/2007,15.3073
06/08/2007,20.3215
13/08/2007,21.2962
20/08/2007,11.7304
27/08/2007,18.6892
03/09/2007,12.7257
10/09/2007,13.505
17/09/2007,11.9881
24/09/2007,8.84402
01/10/2007,9.19574
08/10/2007,6.2834
15/10/2007,4.26908
22/10/2007,4.9711
29/10/2007,4.28667
05/11/2007,3.4656
12/11/2007,5.86849
19/11/2007,2.82986
26/11/2007,1.86608
03/12/2007,3.33455
10/12/2007,4.58782
17/12/2007,2.1814
24/12/2007,1.41775
31/12/2007,2.81499
07/01/2008,2.59355
14/01/2008,4.00401
21/01/2008,2.36513
28/01/2008,3.49246
04/02/2008,4.57952
11/02/2008,4.27133
18/02/2008,4.82128
25/02/2008,3.66597
03/03/2008,6.13372
10/03/2008,7.21827
17/03/2008,6.53552
24/03/2008,10.1135
31/03/2008,9.70148
07/04/2008,10.6397
14/04/2008,11.6549
21/04/2008,12.4177
28/04/2008,13.0959
05/05/2008,13.5439
12/05/2008,21.3303
19/05/2008,18.1652
26/05/2008,19.3188
02/06/2008,13.4949
09/06/2008,20.1581
16/06/2008,23.4238
23/06/2008,16.8968
30/06/2008,18.4457
07/07/2008,17.4388
14/07/2008,14.2223
21/07/2008,15.9087
28/07/2008,23.1549
04/08/2008,14.7903
11/08/2008,10.9568
18/08/2008,13.0665
25/08/2008,12.0672
01/09/2008,8.0114
08/09/2008,9.88347
15/09/2008,9.20548
22/09/2008,10.2897
29/09/2008,9.54742
06/10/2008,8.00104
13/10/2008,6.34122
20/10/2008,5.15833
27/10/2008,5.77284
03/11/2008,4.23569
10/11/2008,3.94193
17/11/2008,2.38606
24/11/2008,3.73098
01/12/2008,2.18575
08/12/2008,1.65229
15/12/2008,0.725177
22/12/2008,1.56577
29/12/2008,2.06848
05/01/2009,1.22023
12/01/2009,1.2331
19/01/2009,1.56781
26/01/2009,2.45044
02/02/2009,2.20865
09/02/2009,2.32852
16/02/2009,2.35331
23/02/2009,3.47271
02/03/2009,4.29567
09/03/2009,4.89044
16/03/2009,6.5507
23/03/2009,11.1328
30/03/2009,10.2859
06/04/2009,9.91141
13/04/2009,10.7403
20/04/2009,11.5177
27/04/2009,15.0497
04/05/2009,13.3711
11/05/2009,13.8725
18/05/2009,14.2201
25/05/2009,17.9
01/06/2009,22.3568
08/06/2009,23.9096
15/06/2009,17.4683
22/06/2009,19.109
29/06/2009,21.9798
06/07/2009,21.222
13/07/2009,15.7979
20/07/2009,14.4037
27/07/2009,14.5212
03/08/2009,14.6538
10/08/2009,15.8762
17/08/2009,12.9793
24/08/2009,14.4771
31/08/2009,11.8405
07/09/2009,11.5203
14/09/2009,13.5261
21/09/2009,12.6941
28/09/2009,7.76461
05/10/2009,7.33247
12/10/2009,4.59233
19/10/2009,5.13974
26/10/2009,5.64769
02/11/2009,3.57523
09/11/2009,4.5238
16/11/2009,2.47262
23/11/2009,5.11804
30/11/2009,3.97436
07/12/2009,2.21206
14/12/2009,1.09684
21/12/2009,1.33868
28/12/2009,0.968454
04/01/2010,0.954581
11/01/2010,1.24705
18/01/2010,0.542122
25/01/2010,0.546106
01/02/2010,2.02392
08/02/2010,1.69431
15/02/2010,4.33085
22/02/2010,2.48199
01/03/2010,3.73788
08/03/2010,7.1598
15/03/2010,8.89512
22/03/2010,6.39712
29/03/2010,5.78957
05/04/2010,7.34647
12/04/2010,13.8396
19/04/2010,16.2807
26/04/2010,17.5144
03/05/2010,12.142
10/05/2010,13.3874
17/05/2010,14.7761
24/05/2010,21.4867
31/05/2010,21.17
07/06/2010,20.7259
14/06/2010,16.4465
21/06/2010,25.8347
28/06/2010,29.1953
05/07/2010,19.2707
12/07/2010,19.2181
19/07/2010,15.3941
26/07/2010,16.1056
02/08/2010,14.0834
09/08/2010,14.84
16/08/2010,14.1236
23/08/2010,10.9254
30/08/2010,12.745
06/09/2010,15.3345
13/09/2010,11.0918
20/09/2010,9.62157
27/09/2010,8.80159
04/10/2010,5.06528
11/10/2010,7.67275
18/10/2010,6.35164
25/10/2010,5.16875
01/11/2010,4.05056
08/11/2010,2.95184
15/11/2010,3.96001
22/11/2010,1.23126
29/11/2010,1.46693
06/12/2010,1.83678
13/12/2010,0.840149
20/12/2010,1.06449
27/12/2010,0.846565
03/01/2011,0.787802
10/01/2011,0.833176
17/01/2011,1.17239
24/01/2011,1.01237
31/01/2011,3.32977
07/02/2011,2.79129
14/02/2011,2.58984
21/02/2011,2.54727
28/02/2011,2.7502
07/03/2011,5.67947
14/03/2011,7.3341
21/03/2011,7.84287
28/03/2011,9.9975
04/04/2011,7.50454
11/04/2011,14.0942
18/04/2011,11.3581
25/04/2011,22.2198
02/05/2011,20.6392
09/05/2011,19.1876
16/05/2011,16.3418
23/05/2011,15.802
30/05/2011,16.4518
06/06/2011,21.6188
13/06/2011,16.9084
20/06/2011,16.572
27/06/2011,17.497
04/07/2011,23.6816
11/07/2011,18.6736
18/07/2011,18.6426
25/07/2011,15.1587
01/08/2011,17.3815
08/08/2011,15.9361
15/08/2011,14.0801
22/08/2011,12.6952
29/08/2011,13.3451
05/09/2011,12.8553
12/09/2011,9.78233
19/09/2011,11.944
26/09/2011,7.06324
03/10/2011,12.0517
10/10/2011,7.74042
17/10/2011,5.44141
24/10/2011,7.69536
31/10/2011,3.51273
07/11/2011,3.11256
14/11/2011,1.90116
21/11/2011,2.15952
28/11/2011,2.98974
05/12/2011,3.82855
12/12/2011,4.19716
19/12/2011,3.28198
26/12/2011,2.07113
02/01/2012,3.03926
09/01/2012,4.088
16/01/2012,1.24521
23/01/2012,2.6164
30/01/2012,1.74832
06/02/2012,2.4548
13/02/2012,1.61692
20/02/2012,4.40932
27/02/2012,2.9837
05/03/2012,3.95999
12/03/2012,6.25911
19/03/2012,4.46213
26/03/2012,11.3987
02/04/2012,13.3951
09/04/2012,8.07554
16/04/2012,10.6674
23/04/2012,10.827
30/04/2012,8.28551
07/05/2012,11.4755
14/05/2012,13.801
21/05/2012,13.9759
28/05/2012,25.6734
04/06/2012,14.5957
11/06/2012,11.7146
18/06/2012,13.8071
25/06/2012,16.503
02/07/2012,14.8768
09/07/2012,11.0958
16/07/2012,13.0962
23/07/2012,16.1741
30/07/2012,23.4608
06/08/2012,13.142
13/08/2012,15.9396
20/08/2012,12.5875
27/08/2012,11.6596
03/09/2012,11.3708
10/09/2012,12.2741
17/09/2012,10.3471
24/09/2012,9.14239
01/10/2012,7.62859
08/10/2012,6.60739
15/10/2012,3.58548
22/10/2012,5.80583
29/10/2012,4.00016
05/11/2012,3.38939
12/11/2012,2.32308
19/11/2012,1.46313
26/11/2012,2.16855
03/12/2012,1.43605
10/12/2012,2.07369
17/12/2012,0.907774
24/12/2012,0.66321
31/12/2012,2.47376
07/01/2013,0.869667
14/01/2013,0.641682
21/01/2013,1.79818
28/01/2013,1.99049
04/02/2013,3.55616
11/02/2013,4.1113
18/02/2013,2.72362
25/02/2013,5.35797
04/03/2013,4.63209
11/03/2013,4.5904
18/03/2013,6.84337
25/03/2013,4.40143
01/04/2013,9.57719
08/04/2013,12.8674
15/04/2013,7.53669
22/04/2013,12.545
29/04/2013,10.1046
06/05/2013,17.3054
13/05/2013,13.9106
20/05/2013,14.7381
27/05/2013,16.7093
03/06/2013,17.4098
10/06/2013,26.2381
17/06/2013,12.6775
24/06/2013,15.3415
01/07/2013,17.5572
08/07/2013,20.1916
15/07/2013,30.6323
22/07/2013,29.8734
29/07/2013,18.8222
05/08/2013,15.4207
12/08/2013,16.9223
19/08/2013,13.0316
26/08/2013,15.0053
02/09/2013,13.9227
09/09/2013,12.4452
16/09/2013,8.96784
23/09/2013,8.62573
30/09/2013,7.61053
07/10/2013,5.00652
14/10/2013,6.4127
21/10/2013,5.09845
28/10/2013,4.70575
04/11/2013,4.44647
11/11/2013,3.08661
18/11/2013,1.9959
25/11/2013,2.37398
02/12/2013,1.40405
09/12/2013,2.14032
16/12/2013,1.90697
23/12/2013,2.5664
30/12/2013,2.55067
06/01/2014,2.66072
13/01/2014,2.41164
20/01/2014,1.18024
27/01/2014,1.89267
03/02/2014,2.91353
10/02/2014,4.94613
17/02/2014,5.04455
24/02/2014,4.28679
03/03/2014,5.21423
10/03/2014,5.9628
17/03/2014,6.15124
24/03/2014,8.02442
31/03/2014,9.14766
07/04/2014,6.6933
14/04/2014,11.1331
21/04/2014,14.2965
28/04/2014,10.8003
05/05/2014,12.375
12/05/2014,13.4856
19/05/2014,21.4763
26/05/2014,14.1884
02/06/2014,12.938
09/06/2014,17.1567
16/06/2014,22.2434
23/06/2014,25.4305
30/06/2014,21.9246
07/07/2014,20.7956
14/07/2014,20.6429
21/07/2014,19.0828
28/07/2014,26.5129
04/08/2014,18.6565
11/08/2014,17.7042
18/08/2014,16.8479
25/08/2014,15.3477
01/09/2014,11.225
08/09/2014,11.9539
15/09/2014,12.5167
22/09/2014,10.3954
29/09/2014,8.18007
06/10/2014,7.31768
13/10/2014,7.22368
20/10/2014,4.82758
27/10/2014,6.61175
03/11/2014,3.80209
10/11/2014,2.84613
17/11/2014,3.00696
24/11/2014,1.5811
01/12/2014,0.68439
08/12/2014,2.14905
15/12/2014,3.24702
22/12/2014,2.22861
29/12/2014,2.50459
05/01/2015,1.26791
12/01/2015,3.57825
19/01/2015,2.91019
26/01/2015,1.42432
02/02/2015,4.75076
09/02/2015,2.97764
16/02/2015,2.4273
23/02/2015,3.76635
02/03/2015,5.70253
09/03/2015,7.03219
16/03/2015,5.3076
23/03/2015,7.74365
30/03/2015,7.56413
06/04/2015,9.10142
13/04/2015,14.172
20/04/2015,15.6554
27/04/2015,16.0567
04/05/2015,13.6758
11/05/2015,12.1917
18/05/2015,16.8521
25/05/2015,15.8564
01/06/2015,17.0513
08/06/2015,20.8013
15/06/2015,20.8995
22/06/2015,19.0304
29/06/2015,19.4885
06/07/2015,24.1455
13/07/2015,18.4979
20/07/2015,16.7236
27/07/2015,14.4971
03/08/2015,18.5799
10/08/2015,16.2026
17/08/2015,13.6066
24/08/2015,11.0176
31/08/2015,11.2924
07/09/2015,11.7788
14/09/2015,12.283
21/09/2015,8.22227
28/09/2015,9.11631
05/10/2015,9.10611
12/10/2015,5.33904
19/10/2015,5.74445
26/10/2015,4.62258
02/11/2015,2.96994
09/11/2015,1.5638
16/11/2015,4.65071
23/11/2015,4.33581
30/11/2015,3.41949
07/12/2015,4.79859
14/12/2015,3.34149
21/12/2015,2.23844
28/12/2015,3.42206
04/01/2016,4.27135
11/01/2016,2.12316
18/01/2016,2.07641
25/01/2016,3.97069
01/02/2016,3.30792
08/02/2016,2.08712
15/02/2016,3.83122
22/02/2016,6.74632
29/02/2016,3.88886
07/03/2016,5.62891
14/03/2016,6.77153
21/03/2016,8.22067
28/03/2016,10.353
04/04/2016,8.44096
11/04/2016,10.1865
18/04/2016,14.9785
25/04/2016,13.0399
02/05/2016,14.1514
09/05/2016,24.0266
16/05/2016,16.6828
23/05/2016,14.9199
30/05/2016,16.6598
06/06/2016,16.0619
13/06/2016,16.4829
20/06/2016,17.7668
27/06/2016,26.4601
04/07/2016,30.4857
11/07/2016,21.9863
18/07/2016,19.4947
25/07/2016,21.0844
01/08/2016,22.8907
08/08/2016,29.8687
15/08/2016,25.2342
22/08/2016,24.9227
29/08/2016,19.9361
05/09/2016,14.6247
12/09/2016,11.6701
19/09/2016,10.6847
26/09/2016,10.4586
03/10/2016,8.2739
10/10/2016,8.00463
17/10/2016,5.36075
24/10/2016,7.05901
31/10/2016,4.62967
07/11/2016,3.83261
14/11/2016,1.157
21/11/2016,2.81219
28/11/2016,2.16977
05/12/2016,1.88124
12/12/2016,2.13224
19/12/2016,2.7241
26/12/2016,1.13016
02/01/2017,1.46478
09/01/2017,1.82118
16/01/2017,2.55037
23/01/2017,3.2317
30/01/2017,4.01706
06/02/2017,2.17576
13/02/2017,3.03657
20/02/2017,6.69752
27/02/2017,5.06547
06/03/2017,4.54914
13/03/2017,6.90449
20/03/2017,8.17347
27/03/2017,9.47869
03/04/2017,9.78865
10/04/2017,9.46319
17/04/2017,15.0091
24/04/2017,13.5278
01/05/2017,13.7853
08/05/2017,22.7257
15/05/2017,17.2573
22/05/2017,14.6876
29/05/2017,17.1498
05/06/2017,14.8872
12/06/2017,17.2981
19/06/2017,18.3669
26/06/2017,23.7379
03/07/2017,31.8438
10/07/2017,21.951
17/07/2017,20.7872
24/07/2017,19.2231
31/07/2017,23.0908
07/08/2017,29.7125
14/08/2017,25.979
21/08/2017,24.3149
28/08/2017,19.9018
04/09/2017,16.6418
11/09/2017,11.3113
18/09/2017,10.6033
25/09/2017,11.1666
02/10/2017,8.46943
09/10/2017,7.96047
16/10/2017,5.80291
23/10/2017,6.51346
30/10/2017,5.35694
06/11/2017,3.78037
13/11/2017,1.53237
20/11/2017,2.61658
27/11/2017,2.11531
04/12/2017,2.02636
11/12/2017,2.11962
18/12/2017,2.91947
25/12/2017,1.11938
01/01/2018,0.935145
08/01/2018,2.49246
15/01/2018,2.5011
22/01/2018,2.82286
29/01/2018,4.43114
05/02/2018,2.14482
12/02/2018,2.08729
19/02/2018,6.83972
26/02/2018,5.14924
05/03/2018,4.86773
12/03/2018,6.06492
19/03/2018,8.20459
26/03/2018,9.64235
02/04/2018,9.93667
09/04/2018,8.92922
16/04/2018,14.3715
23/04/2018,13.686
30/04/2018,13.6727
07/05/2018,21.4203
14/05/2018,18.5925
21/05/2018,14.6798
28/05/2018,16.5757
04/06/2018,14.6482
11/06/2018,18.2754
18/06/2018,16.7931
25/06/2018,23.0136
02/07/2018,33.6124
09/07/2018,19.6003
16/07/2018,22.7545
23/07/2018,18.6915
30/07/2018,23.5744
06/08/2018,29.1825
13/08/2018,26.0901
20/08/2018,23.895
27/08/2018,20.2009
03/09/2018,17.9125
10/09/2018,12.5826
17/09/2018,9.81133
24/09/2018,11.0752
01/10/2018,8.67694
08/10/2018,7.63426
15/10/2018,6.84112
22/10/2018,6.44737
29/10/2018,5.76196
