Date,Rain
01/01/1968,0
08/01/1968,29.2649
15/01/1968,67.6862
22/01/1968,13.0882
29/01/1968,8.44234
05/02/1968,26.3456
12/02/1968,29.6543
19/02/1968,21.0909
26/02/1968,0.462393
04/03/1968,0
11/03/1968,0.329414
18/03/1968,23.2402
25/03/1968,46.458
01/04/1968,0.255688
08/04/1968,24.5306
15/04/1968,0.00316703
22/04/1968,27.1151
29/04/1968,17.7251
06/05/1968,12.3751
13/05/1968,57.3093
20/05/1968,6.6303
27/05/1968,26.3876
03/06/1968,6.31068
10/06/1968,7.37614
17/06/1968,0.0303884
24/06/1968,54.8377
01/07/1968,63.8068
08/07/1968,52.2241
15/07/1968,67.5271
22/07/1968,2.35716
29/07/1968,0.0157308
05/08/1968,0
12/08/1968,25.4562
19/08/1968,38.4101
26/08/1968,1.82393
02/09/1968,16.068
09/09/1968,8.62693
16/09/1968,52.751
23/09/1968,51.0183
30/09/1968,44.9123
07/10/1968,3.38662
14/10/1968,33.9428
21/10/1968,13.1553
28/10/1968,24.885
04/11/1968,20.7897
11/11/1968,5.18057
18/11/1968,0.571497
25/11/1968,24.6438
02/12/1968,45.8495
09/12/1968,2.01102
16/12/1968,21.2921
23/12/1968,57.7595
30/12/1968,35.3776
06/01/1969,2.39264
13/01/1969,58.3066
20/01/1969,63.1649
27/01/1969,19.7635
03/02/1969,22.3172
10/02/1969,14.8948
17/02/1969,9.42962
24/02/1969,49.3865
03/03/1969,4.96584
10/03/1969,2.71572
17/03/1969,51.359
24/03/1969,32.6286
31/03/1969,12.0493
07/04/1969,3.38147
14/04/1969,7.8682
21/04/1969,4.09661
28/04/1969,50.7912
05/05/1969,11.7367
12/05/1969,33.7974
19/05/1969,30.3996
26/05/1969,17.7814
02/06/1969,28.466
09/06/1969,4.03062
16/06/1969,3.23663
23/06/1969,45.1876
30/06/1969,2.9422
07/07/1969,6.39957
14/07/1969,0.657451
21/07/1969,0.293186
28/07/1969,7.48749
04/08/1969,121.16
11/08/1969,8.31344
18/08/1969,54.8745
25/08/1969,12.3342
01/09/1969,1.1881
08/09/1969,0
15/09/1969,31.101
22/09/1969,50.59
29/09/1969,6.92211
06/10/1969,0.826403
13/10/1969,0.749541
20/10/1969,15.5398
27/10/1969,4.6182
03/11/1969,0.956552
10/11/1969,75.5582
17/11/1969,63.718
24/11/1969,11.4481
01/12/1969,4.12001
08/12/1969,20.4117
15/12/1969,34.394
22/12/1969,53.5325
29/12/1969,10.7926
05/01/1970,3.97498
12/01/1970,54.2194
19/01/1970,58.6552
26/01/1970,48.4082
02/02/1970,44.9542
09/02/1970,43.1747
16/02/1970,33.1128
23/02/1970,78.3886
02/03/1970,5.98408
09/03/1970,17.5645
16/03/1970,20.2344
23/03/1970,25.5437
30/03/1970,10.404
06/04/1970,21.8675
13/04/1970,10.7883
20/04/1970,5.57092
27/04/1970,60.0628
04/05/1970,4.52984
11/05/1970,23.6207
18/05/1970,27.0325
25/05/1970,0
01/06/1970,0
08/06/1970,3.03567
15/06/1970,3.21823
22/06/1970,15.3124
29/06/1970,26.1949
06/07/1970,6.51896
13/07/1970,11.5125
20/07/1970,12.8094
27/07/1970,33.3507
03/08/1970,5.96142
10/08/1970,25.2387
17/08/1970,20.5062
24/08/1970,88.2633
31/08/1970,2.00544
07/09/1970,19.2657
14/09/1970,79.3734
21/09/1970,1.44405
28/09/1970,0.290864
05/10/1970,12.1163
12/10/1970,29.772
19/10/1970,1.75479
26/10/1970,21.07
02/11/1970,65.7464
09/11/1970,43.2384
16/11/1970,47.3214
23/11/1970,75.9993
30/11/1970,24.4287
07/12/1970,26.0996
14/12/1970,11.0072
21/12/1970,5.42549
28/12/1970,11.9258
04/01/1971,23.244
11/01/1971,29.121
18/01/1971,5.33739
25/01/1971,85.0536
01/02/1971,127.801
08/02/1971,0.241224
15/02/1971,16.748
22/02/1971,23.0065
01/03/1971,7.23486
08/03/1971,13.7517
15/03/1971,28.9563
22/03/1971,48.3359
29/03/1971,8.60992
05/04/1971,2.60489
12/04/1971,8.94318
19/04/1971,1.73432
26/04/1971,38.8373
03/05/1971,0.377706
10/05/1971,2.91978
17/05/1971,4.50574
24/05/1971,2.68411
31/05/1971,33.5568
07/06/1971,0.183146
14/06/1971,54.8181
21/06/1971,56.8782
28/06/1971,15.3573
05/07/1971,3.38183
12/07/1971,0
19/07/1971,0
26/07/1971,12.357
02/08/1971,39.9238
09/08/1971,50.6345
16/08/1971,48.9672
23/08/1971,1.96306
30/08/1971,4.58998
06/09/1971,5.25357
13/09/1971,0
20/09/1971,0
27/09/1971,9.93541
04/10/1971,14.5167
11/10/1971,0.166391
18/10/1971,62.3673
25/10/1971,33.8608
01/11/1971,1.96762
08/11/1971,21.8004
15/11/1971,11.0218
22/11/1971,59.1491
29/11/1971,20.5919
06/12/1971,29.9295
13/12/1971,0.0439252
20/12/1971,26.3561
27/12/1971,18.2471
03/01/1972,8.07992
10/01/1972,10.2602
17/01/1972,65.5842
24/01/1972,17.9706
31/01/1972,29.7726
07/02/1972,57.4338
14/02/1972,16.4646
21/02/1972,43.1046
28/02/1972,24.1284
06/03/1972,45.8358
13/03/1972,29.7223
20/03/1972,4.22728
27/03/1972,13.4331
03/04/1972,26.0261
10/04/1972,50.0763
17/04/1972,31.5793
24/04/1972,1.39002
01/05/1972,23.8282
08/05/1972,21.3734
15/05/1972,33.8421
22/05/1972,9.39634
29/05/1972,39.0526
05/06/1972,23.0658
12/06/1972,46.8673
19/06/1972,22.1398
26/06/1972,7.28655
03/07/1972,15.4408
10/07/1972,13.6506
17/07/1972,0
24/07/1972,5.50867
31/07/1972,2.56968
07/08/1972,23.8434
14/08/1972,11.5609
21/08/1972,0.470518
28/08/1972,0
04/09/1972,0
11/09/1972,29.8109
18/09/1972,7.3032
25/09/1972,0
02/10/1972,0.0985173
09/10/1972,0.997731
16/10/1972,29.9647
23/10/1972,0
30/10/1972,31.037
06/11/1972,22.4317
13/11/1972,78.1916
20/11/1972,44.452
27/11/1972,18.8629
04/12/1972,59.0864
11/12/1972,86.1875
18/12/1972,26.032
25/12/1972,8.84444
01/01/1973,26.4028
08/01/1973,0.993022
15/01/1973,16.3166
22/01/1973,30.419
29/01/1973,12.1561
05/02/1973,5.55681
12/02/1973,30.5976
19/02/1973,25.6388
26/02/1973,12.1641
05/03/1973,14.336
12/03/1973,6.27957
19/03/1973,0
26/03/1973,4.59593
02/04/1973,36.0435
09/04/1973,23.7557
16/04/1973,1.67763
23/04/1973,30.5409
30/04/1973,6.45156
07/05/1973,34.1006
14/05/1973,16.4897
21/05/1973,15.8712
28/05/1973,39.2684
04/06/1973,8.76123
11/06/1973,0.0813273
18/06/1973,0.446771
25/06/1973,15.844
02/07/1973,54.8537
09/07/1973,5.90133
16/07/1973,37.2251
23/07/1973,35.2399
30/07/1973,2.02294
06/08/1973,62.1843
13/08/1973,12.0158
20/08/1973,0
27/08/1973,9.41797
03/09/1973,12.3408
10/09/1973,0.250679
17/09/1973,14.466
24/09/1973,36.6832
01/10/1973,46.3194
08/10/1973,8.45266
15/10/1973,24.615
22/10/1973,27.4538
29/10/1973,2.30199
05/11/1973,14.1539
12/11/1973,9.93618
19/11/1973,25.1023
26/11/1973,4.1197
03/12/1973,25.7683
10/12/1973,28.6471
17/12/1973,20.8924
24/12/1973,32.7273
31/12/1973,6.67052
07/01/1974,46.2109
14/01/1974,53.9191
21/01/1974,29.4126
28/01/1974,32.5995
04/02/1974,48.0476
11/02/1974,95.9363
18/02/1974,49.9513
25/02/1974,2.55253
04/03/1974,19.5376
11/03/1974,21.0812
18/03/1974,20.7773
25/03/1974,11.7756
01/04/1974,0.459139
08/04/1974,0.921704
15/04/1974,7.88725
22/04/1974,0
29/04/1974,12.391
06/05/1974,25.4095
13/05/1974,42.8067
20/05/1974,7.21838
27/05/1974,12.6516
03/06/1974,4.92986
10/06/1974,14.6947
17/06/1974,4.86646
24/06/1974,4.10692
01/07/1974,33.5992
08/07/1974,35.7134
15/07/1974,14.9716
22/07/1974,11.7503
29/07/1974,8.33482
05/08/1974,37.7981
12/08/1974,26.4051
19/08/1974,28.2076
26/08/1974,18.5838
02/09/1974,31.756
09/09/1974,86.6723
16/09/1974,15.7474
23/09/1974,27.0121
30/09/1974,105.982
07/10/1974,34.4992
14/10/1974,10.4858
21/10/1974,35.2587
28/10/1974,8.6387
04/11/1974,27.634
11/11/1974,24.9447
18/11/1974,40.5016
25/11/1974,43.3986
02/12/1974,11.9288
09/12/1974,9.87225
16/12/1974,33.3545
23/12/1974,20.2973
30/12/1974,73.7036
06/01/1975,5.80819
13/01/1975,15.4784
20/01/1975,49.686
27/01/1975,65.3906
03/02/1975,47.3687
10/02/1975,2.54491
17/02/1975,19.5255
24/02/1975,10.5055
03/03/1975,10.4858
10/03/1975,47.2038
17/03/1975,18.4778
24/03/1975,10.9263
31/03/1975,22.0576
07/04/1975,15.1476
14/04/1975,23.6785
21/04/1975,26.578
28/04/1975,2.89663
05/05/1975,8.08141
12/05/1975,4.69625
19/05/1975,17.5059
26/05/1975,7.95551
02/06/1975,5.66935
09/06/1975,1.13263
16/06/1975,1.35411
23/06/1975,1.58829
30/06/1975,0
07/07/1975,0.107483
14/07/1975,47.6316
21/07/1975,27.2179
28/07/1975,4.21452
04/08/1975,0
11/08/1975,11.5421
18/08/1975,24.8663
25/08/1975,18.3558
01/09/1975,3.66703
08/09/1975,0.90485
15/09/1975,103.085
22/09/1975,11.5375
29/09/1975,49.1252
06/10/1975,17.3445
13/10/1975,2.89427
20/10/1975,9.66482
27/10/1975,2.41969
03/11/1975,27.902
10/11/1975,2.53445
17/11/1975,38.3269
24/11/1975,4.48972
01/12/1975,51.714
08/12/1975,42.0162
15/12/1975,6.29232
22/12/1975,3.63887
29/12/1975,7.83801
05/01/1976,28.5153
12/01/1976,5.03643
19/01/1976,2.35568
26/01/1976,14.9248
02/02/1976,26.0099
09/02/1976,9.62842
16/02/1976,42.692
23/02/1976,5.97531
01/03/1976,7.97954
08/03/1976,0.0218162
15/03/1976,40.1476
22/03/1976,27.4896
29/03/1976,15.1914
05/04/1976,10.308
12/04/1976,0.449768
19/04/1976,5.1075
26/04/1976,0
03/05/1976,7.34406
10/05/1976,2.2792
17/05/1976,8.0504
24/05/1976,37.5345
31/05/1976,9.2124
07/06/1976,1.61452
14/06/1976,1.61542
21/06/1976,34.0006
28/06/1976,0.0265775
05/07/1976,0.00651221
12/07/1976,2.74177
19/07/1976,11.337
26/07/1976,2.1165
02/08/1976,0.094983
09/08/1976,0.0493294
16/08/1976,0
23/08/1976,0
30/08/1976,41.1458
06/09/1976,2.49159
13/09/1976,32.4921
20/09/1976,47.2937
27/09/1976,107.93
04/10/1976,114.36
11/10/1976,52.8669
18/10/1976,86.0351
25/10/1976,41.1431
01/11/1976,28.7852
08/11/1976,38.1541
15/11/1976,5.94075
22/11/1976,13.1356
29/11/1976,35.5203
06/12/1976,73.2786
13/12/1976,25.4714
20/12/1976,33.1978
27/12/1976,6.8647
03/01/1977,38.2767
10/01/1977,13.3182
17/01/1977,41.9661
24/01/1977,34.5514
31/01/1977,57.2345
07/02/1977,51.2157
14/02/1977,32.1887
21/02/1977,58.2503
28/02/1977,35.8689
07/03/1977,7.43602
14/03/1977,19.5929
21/03/1977,51.6389
28/03/1977,33.39
04/04/1977,20.8314
11/04/1977,3.8746
18/04/1977,0.886772
25/04/1977,19.5751
02/05/1977,27.1768
09/05/1977,50.2232
16/05/1977,18.4177
23/05/1977,0.926704
30/05/1977,2.8556
06/06/1977,3.89232
13/06/1977,63.7763
20/06/1977,12.1058
27/06/1977,1.00312
04/07/1977,5.83112
11/07/1977,4.70284
18/07/1977,15.8267
25/07/1977,14.2953
01/08/1977,3.27594
08/08/1977,19.2288
15/08/1977,0
22/08/1977,83.2453
29/08/1977,41.1518
05/09/1977,18.4415
12/09/1977,8.97879
19/09/1977,0.0267875
26/09/1977,11.1921
03/10/1977,11.4632
10/10/1977,44.9671
17/10/1977,2.43015
24/10/1977,6.32651
31/10/1977,20.689
07/11/1977,46.9344
14/11/1977,55.3654
21/11/1977,35.8577
28/11/1977,13.4097
05/12/1977,5.68062
12/12/1977,59.0894
19/12/1977,13.1606
26/12/1977,22.0944
02/01/1978,15.6918
09/01/1978,14.5315
16/01/1978,43.1946
23/01/1978,49.7164
30/01/1978,43.4356
06/02/1978,44.2712
13/02/1978,2.40984
20/02/1978,93.287
27/02/1978,39.1223
06/03/1978,32.133
13/03/1978,5.33633
20/03/1978,34.9883
27/03/1978,43.3069
03/04/1978,44.3857
10/04/1978,0.593242
17/04/1978,4.55303
24/04/1978,23.0818
01/05/1978,23.937
08/05/1978,30.8201
15/05/1978,8.58774
22/05/1978,1.84892
29/05/1978,0
05/06/1978,13.2889
12/06/1978,4.21179
19/06/1978,4.91109
26/06/1978,20.479
03/07/1978,12.9319
10/07/1978,18.6487
17/07/1978,10.4384
24/07/1978,22.1931
31/07/1978,25.4129
07/08/1978,66.1249
14/08/1978,5.56136
21/08/1978,9.18448
28/08/1978,0.162845
04/09/1978,0.560791
11/09/1978,17.8036
18/09/1978,4.02389
25/09/1978,0.957907
02/10/1978,12.185
09/10/1978,2.93099
16/10/1978,4.40414
23/10/1978,3.87848
30/10/1978,0.833107
06/11/1978,1.29495
13/11/1978,15.2291
20/11/1978,45.9005
27/11/1978,14.7049
04/12/1978,19.6647
11/12/1978,32.3835
18/12/1978,63.1676
25/12/1978,39.1557
01/01/1979,75.1874
08/01/1979,6.58495
15/01/1979,26.3555
22/01/1979,39.0156
29/01/1979,36.5084
05/02/1979,29.7126
12/02/1979,49.5067
19/02/1979,13.2677
26/02/1979,3.16183
05/03/1979,26.2451
12/03/1979,58.6181
19/03/1979,45.7992
26/03/1979,47.9049
02/04/1979,30.3731
09/04/1979,27.1304
16/04/1979,22.1224
23/04/1979,10.7641
30/04/1979,16.248
07/05/1979,31.0828
14/05/1979,13.3753
21/05/1979,19.1039
28/05/1979,63.7578
04/06/1979,19.5476
11/06/1979,20.3916
18/06/1979,6.46385
25/06/1979,20.8788
02/07/1979,0.272911
09/07/1979,2.02877
16/07/1979,1.22306
23/07/1979,1.24542
30/07/1979,18.3643
06/08/1979,24.3837
13/08/1979,30.1968
20/08/1979,57.5502
27/08/1979,37.2882
03/09/1979,14.4423
10/09/1979,0.979371
17/09/1979,1.39529
24/09/1979,30.6025
01/10/1979,5.35018
08/10/1979,28.8081
15/10/1979,25.6659
22/10/1979,2.85202
29/10/1979,51.6202
05/11/1979,45.4287
12/11/1979,50.4847
19/11/1979,24.0381
26/11/1979,6.65506
03/12/1979,24.5895
10/12/1979,58.4088
17/12/1979,63.6609
24/12/1979,17.0818
31/12/1979,99.3629
07/01/1980,20.0882
14/01/1980,4.97621
21/01/1980,28.2546
28/01/1980,23.6154
04/02/1980,59.6892
11/02/1980,60.0139
18/02/1980,10.7685
25/02/1980,41.0321
03/03/1980,0.0184221
10/03/1980,46.1031
17/03/1980,15.8135
24/03/1980,29.5639
31/03/1980,40.9842
07/04/1980,19.3575
14/04/1980,0
21/04/1980,0
28/04/1980,1.89241
05/05/1980,24.1052
12/05/1980,0
19/05/1980,0.0480833
26/05/1980,9.37153
02/06/1980,23.0568
09/06/1980,1.38353
16/06/1980,77.5582
23/06/1980,34.6374
30/06/1980,27.7597
07/07/1980,8.45537
14/07/1980,31.0913
21/07/1980,23.5564
28/07/1980,1.30088
04/08/1980,11.8849
11/08/1980,9.4464
18/08/1980,37.848
25/08/1980,1.20874
01/09/1980,31.6031
08/09/1980,14.6772
15/09/1980,18.357
22/09/1980,45.8028
29/09/1980,13.6003
06/10/1980,4.86237
13/10/1980,84.2446
20/10/1980,83.6996
27/10/1980,26.671
03/11/1980,12.3053
10/11/1980,6.33421
17/11/1980,72.659
24/11/1980,36.9865
01/12/1980,13.1144
08/12/1980,5.69397
15/12/1980,36.7074
22/12/1980,58.8611
29/12/1980,28.3094
05/01/1981,13.4495
12/01/1981,8.49321
19/01/1981,52.3826
26/01/1981,12.6884
02/02/1981,0.292853
09/02/1981,37.0073
16/02/1981,6.52731
23/02/1981,23.7478
02/03/1981,33.4015
09/03/1981,54.0905
16/03/1981,97.3754
23/03/1981,43.418
30/03/1981,27.734
06/04/1981,0.0184834
13/04/1981,5.08019
20/04/1981,1.52739
27/04/1981,35.9138
04/05/1981,29.1348
11/05/1981,33.0271
18/05/1981,32.8289
25/05/1981,35.3019
01/06/1981,13.6796
08/06/1981,24.1668
15/06/1981,25.2787
22/06/1981,0.243687
29/06/1981,1.29869
06/07/1981,14.7865
13/07/1981,1.74408
20/07/1981,4.47449
27/07/1981,23.0406
03/08/1981,15.0354
10/08/1981,36.4444
17/08/1981,0
24/08/1981,9.07676
31/08/1981,0.956637
07/09/1981,0
14/09/1981,26.7475
21/09/1981,91.2109
28/09/1981,31.5078
05/10/1981,52.9043
12/10/1981,30.9154
19/10/1981,26.0455
26/10/1981,58.5853
02/11/1981,38.4729
09/11/1981,2.9837
16/11/1981,6.23964
23/11/1981,54.633
30/11/1981,28.2893
07/12/1981,16.7493
14/12/1981,79.5865
21/12/1981,33.5108
28/12/1981,20.5992
04/01/1982,70.2983
11/01/1982,60.743
18/01/1982,4.93478
25/01/1982,18.0305
01/02/1982,13.0223
08/02/1982,22.7742
15/02/1982,24.9635
22/02/1982,6.80268
01/03/1982,18.8323
08/03/1982,65.6698
15/03/1982,59.7707
22/03/1982,41.6189
29/03/1982,0
05/04/1982,5.21364
12/04/1982,22.8751
19/04/1982,0
26/04/1982,0
03/05/1982,10.6734
10/05/1982,16.9668
17/05/1982,2.13139
24/05/1982,14.6505
31/05/1982,0.379641
07/06/1982,3.90488
14/06/1982,11.8137
21/06/1982,26.7271
28/06/1982,58.4254
05/07/1982,12.1628
12/07/1982,34.8845
19/07/1982,24.8185
26/07/1982,0
02/08/1982,2.60424
09/08/1982,19.4647
16/08/1982,34.6141
23/08/1982,22.3586
30/08/1982,13.6726
06/09/1982,6.84851
13/09/1982,3.04076
20/09/1982,6.7443
27/09/1982,66.651
04/10/1982,36.01
11/10/1982,25.3588
18/10/1982,50.194
25/10/1982,24.3352
01/11/1982,7.69901
08/11/1982,59.7832
15/11/1982,64.3275
22/11/1982,57.5775
29/11/1982,29.9322
06/12/1982,3.37464
13/12/1982,91.8202
20/12/1982,76.2374
27/12/1982,23.3193
03/01/1983,21.6086
10/01/1983,92.4559
17/01/1983,27.5413
24/01/1983,3.98489
31/01/1983,37.0511
07/02/1983,71.2136
14/02/1983,0.688963
21/02/1983,0.0107447
28/02/1983,25.9664
07/03/1983,7.0056
14/03/1983,7.36682
21/03/1983,13.0586
28/03/1983,33.4727
04/04/1983,11.29
11/04/1983,38.5677
18/04/1983,3.95078
25/04/1983,63.2067
02/05/1983,67.0063
09/05/1983,20.4537
16/05/1983,51.7089
23/05/1983,40.86
30/05/1983,2.87364
06/06/1983,20.5503
13/06/1983,4.21465
20/06/1983,5.56755
27/06/1983,5.83237
04/07/1983,2.41474
11/07/1983,2.7469
18/07/1983,20.7978
25/07/1983,18.0557
01/08/1983,3.08066
08/08/1983,1.33787
15/08/1983,0
22/08/1983,22.8035
29/08/1983,0.0102473
05/09/1983,69.1245
12/09/1983,29.8878
19/09/1983,73.8191
26/09/1983,15.4806
03/10/1983,34.555
10/10/1983,19.2802
17/10/1983,63.1703
24/10/1983,14.9378
31/10/1983,2.63734
07/11/1983,4.3597
14/11/1983,1.07225
21/11/1983,0.384768
28/11/1983,69.9848
05/12/1983,1.7715
12/12/1983,44.1484
19/12/1983,73.67
26/12/1983,79.8108
02/01/1984,15.3291
09/01/1984,46.4076
16/01/1984,82.8695
23/01/1984,59.4681
30/01/1984,85.9118
06/02/1984,76.3631
13/02/1984,28.4209
20/02/1984,6.31656
27/02/1984,39.4784
05/03/1984,4.26752
12/03/1984,1.73554
19/03/1984,2.965
26/03/1984,36.6576
02/04/1984,19.4188
09/04/1984,5.52946
16/04/1984,1.38534
23/04/1984,0.0867456
30/04/1984,0
07/05/1984,0.28553
14/05/1984,0.439404
21/05/1984,9.76079
28/05/1984,70.1022
04/06/1984,31.7793
11/06/1984,6.01051
18/06/1984,0.0704901
25/06/1984,0.747049
02/07/1984,0
09/07/1984,0
16/07/1984,22.2811
23/07/1984,0.00484512
30/07/1984,2.87694
06/08/1984,47.1669
13/08/1984,2.84038
20/08/1984,0
27/08/1984,9.47692
03/09/1984,6.78367
10/09/1984,38.9564
17/09/1984,25.521
24/09/1984,48.5502
01/10/1984,29.8974
08/10/1984,10.2878
15/10/1984,20.6994
22/10/1984,68.286
29/10/1984,50.5181
05/11/1984,33.2569
12/11/1984,49.8509
19/11/1984,19.8327
26/11/1984,90.9234
03/12/1984,40.3929
10/12/1984,7.56706
17/12/1984,32.5288
24/12/1984,37.3139
31/12/1984,18.942
07/01/1985,0.861846
14/01/1985,7.51088
21/01/1985,20.3071
28/01/1985,47.956
04/02/1985,18.8856
11/02/1985,41.8649
18/02/1985,0.0220174
25/02/1985,0.0031515
04/03/1985,17.799
11/03/1985,6.81796
18/03/1985,8.77711
25/03/1985,23.3314
01/04/1985,42.4491
08/04/1985,66.331
15/04/1985,34.0985
22/04/1985,9.47254
29/04/1985,0.651443
06/05/1985,7.10395
13/05/1985,1.12853
20/05/1985,2.00529
27/05/1985,31.3068
03/06/1985,8.21795
10/06/1985,26.654
17/06/1985,10.6239
24/06/1985,51.6608
01/07/1985,9.37783
08/07/1985,0.665187
15/07/1985,5.72481
22/07/1985,38.1269
29/07/1985,25.8737
05/08/1985,55.6309
12/08/1985,47.1315
19/08/1985,29.2668
26/08/1985,37.6687
02/09/1985,4.46473
09/09/1985,37.449
16/09/1985,5.13912
23/09/1985,14.8913
30/09/1985,1.9441
07/10/1985,59.5045
14/10/1985,15.8947
21/10/1985,0.0927756
28/10/1985,0
04/11/1985,1.90639
11/11/1985,37.3846
18/11/1985,9.36788
25/11/1985,9.43359
02/12/1985,21.1458
09/12/1985,47.0471
16/12/1985,17.2929
23/12/1985,30.7437
30/12/1985,117.397
06/01/1986,50.8821
13/01/1986,68.0173
20/01/1986,24.2355
27/01/1986,46.9498
03/02/1986,28.9035
10/02/1986,2.78114
17/02/1986,0
24/02/1986,0.386128
03/03/1986,0.684468
10/03/1986,20.3144
17/03/1986,6.98975
24/03/1986,44.0789
31/03/1986,43.1371
07/04/1986,13.0361
14/04/1986,29.5437
21/04/1986,54.3565
28/04/1986,24.9299
05/05/1986,21.1017
12/05/1986,20.0374
19/05/1986,44.3089
26/05/1986,10.5431
02/06/1986,10.1477
09/06/1986,0.141099
16/06/1986,66.3009
23/06/1986,7.66891
30/06/1986,14.3514
07/07/1986,16.6471
14/07/1986,10.8725
21/07/1986,0.256094
28/07/1986,7.61584
04/08/1986,28.8874
11/08/1986,31.316
18/08/1986,5.59185
25/08/1986,40.0359
01/09/1986,31.8247
08/09/1986,5.79811
15/09/1986,36.9441
22/09/1986,2.82322
29/09/1986,0.0822145
06/10/1986,0.144268
13/10/1986,5.52081
20/10/1986,40.5917
27/10/1986,70.0651
03/11/1986,32.3267
10/11/1986,21.7397
17/11/1986,53.0009
24/11/1986,92.8457
01/12/1986,25.3321
08/12/1986,32.2217
15/12/1986,56.4861
22/12/1986,44.207
29/12/1986,15.7728
05/01/1987,69.3022
12/01/1987,5.03906
19/01/1987,7.17713
26/01/1987,2.78398
02/02/1987,13.0087
09/02/1987,21.9065
16/02/1987,18.7452
23/02/1987,0.54327
02/03/1987,42.207
09/03/1987,16.4302
16/03/1987,0.106872
23/03/1987,32.2836
30/03/1987,54.7495
06/04/1987,73.5855
13/04/1987,34.5062
20/04/1987,10.7535
27/04/1987,0
04/05/1987,10.1808
11/05/1987,0.0559292
18/05/1987,15.0447
25/05/1987,14.1631
01/06/1987,16.8425
08/06/1987,45.3511
15/06/1987,2.67485
22/06/1987,16.6295
29/06/1987,15.4855
06/07/1987,0.00520833
13/07/1987,0.0948207
20/07/1987,64.9958
27/07/1987,6.65264
03/08/1987,10.0341
10/08/1987,0
17/08/1987,4.63908
24/08/1987,8.81256
31/08/1987,13.0878
07/09/1987,36.5541
14/09/1987,17.6662
21/09/1987,9.46953
28/09/1987,8.80266
05/10/1987,35.9805
12/10/1987,108.882
19/10/1987,76.4675
26/10/1987,4.1841
02/11/1987,47.0776
09/11/1987,14.8154
16/11/1987,64.6411
23/11/1987,27.2776
30/11/1987,14.0395
07/12/1987,8.52025
14/12/1987,0.340001
21/12/1987,31.3163
28/12/1987,16.7691
04/01/1988,60.9032
11/01/1988,37.6949
18/01/1988,14.2787
25/01/1988,65.3218
01/02/1988,75.9382
08/02/1988,67.7002
15/02/1988,46.3634
22/02/1988,0
29/02/1988,0.485236
07/03/1988,18.1417
14/03/1988,5.3916
21/03/1988,76.9178
28/03/1988,35.9488
04/04/1988,16.2639
11/04/1988,0.249571
18/04/1988,20.6077
25/04/1988,4.31394
02/05/1988,31.675
09/05/1988,21.931
16/05/1988,0
23/05/1988,6.21651
30/05/1988,46.1173
06/06/1988,20.0325
13/06/1988,11.5725
20/06/1988,0
27/06/1988,26.9032
04/07/1988,56.4437
11/07/1988,40.9474
18/07/1988,21.5499
25/07/1988,19.0121
01/08/1988,11.2507
08/08/1988,0.0733716
15/08/1988,15.782
22/08/1988,38.845
29/08/1988,20.4737
05/09/1988,71.1672
12/09/1988,0.246317
19/09/1988,4.60889
26/09/1988,37.4705
03/10/1988,31.4456
10/10/1988,82.8416
17/10/1988,21.15
24/10/1988,20.9466
31/10/1988,3.13734
07/11/1988,0
14/11/1988,8.24447
21/11/1988,12.1435
28/11/1988,1.29786
05/12/1988,51.947
12/12/1988,5.69593
19/12/1988,2.75613
26/12/1988,9.38028
02/01/1989,2.0274
09/01/1989,21.4898
16/01/1989,27.2201
23/01/1989,15.2861
30/01/1989,3.5551
06/02/1989,5.56878
13/02/1989,9.55216
20/02/1989,62.4582
27/02/1989,72.6558
06/03/1989,31.423
13/03/1989,28.1551
20/03/1989,52.9702
27/03/1989,28.9969
03/04/1989,8.91122
10/04/1989,21.3459
17/04/1989,48.4584
24/04/1989,1.29382
01/05/1989,23.0995
08/05/1989,0.0115629
15/05/1989,6.12128
22/05/1989,1.32304
29/05/1989,1.85812
05/06/1989,10.2858
12/06/1989,11.6068
19/06/1989,0.101293
26/06/1989,0
03/07/1989,21.2908
10/07/1989,76.3247
17/07/1989,0.0122228
24/07/1989,1.34764
31/07/1989,3.80389
07/08/1989,0.00345605
14/08/1989,37.7077
21/08/1989,19.9178
28/08/1989,3.3544
04/09/1989,3.12417
11/09/1989,2.15616
18/09/1989,93.0086
25/09/1989,6.08258
02/10/1989,0
09/10/1989,8.27648
16/10/1989,8.13835
23/10/1989,72.5839
30/10/1989,66.6413
06/11/1989,39.2261
13/11/1989,48.0306
20/11/1989,2.49927
27/11/1989,1.49948
04/12/1989,0
11/12/1989,0
18/12/1989,101.436
25/12/1989,86.4438
01/01/1990,5.31065
08/01/1990,30.8811
15/01/1990,14.6917
22/01/1990,23.7122
29/01/1990,85.3032
05/02/1990,72.2067
12/02/1990,83.2692
19/02/1990,46.0625
26/02/1990,25.2927
05/03/1990,30.8084
12/03/1990,3.63178
19/03/1990,6.96228
26/03/1990,18.5165
02/04/1990,0.864509
09/04/1990,4.78577
16/04/1990,16.9827
23/04/1990,22.6902
30/04/1990,0.370233
07/05/1990,0
14/05/1990,8.24624
21/05/1990,4.46975
28/05/1990,0
04/06/1990,9.55379
11/06/1990,16.5634
18/06/1990,9.27182
25/06/1990,40.3338
02/07/1990,31.3359
09/07/1990,29.9283
16/07/1990,0.0553891
23/07/1990,0
30/07/1990,18.5136
06/08/1990,0.129753
13/08/1990,0.232769
20/08/1990,50.2311
27/08/1990,0.908818
03/09/1990,13.4089
10/09/1990,7.03381
17/09/1990,0.03882
24/09/1990,42.2516
01/10/1990,25.8856
08/10/1990,28.5336
15/10/1990,3.87977
22/10/1990,6.9826
29/10/1990,54.036
05/11/1990,28.8151
12/11/1990,20.6674
19/11/1990,29.8159
26/11/1990,45.6461
03/12/1990,1.55057
10/12/1990,24.5591
17/12/1990,2.25136
24/12/1990,39.3127
31/12/1990,77.2968
07/01/1991,89.1692
14/01/1991,38.8892
21/01/1991,20.3311
28/01/1991,0.325519
04/02/1991,14.4088
11/02/1991,11.5512
18/02/1991,13.8029
25/02/1991,49.6474
04/03/1991,10.7513
11/03/1991,51.1554
18/03/1991,18.5294
25/03/1991,27.6073
01/04/1991,0.0447072
08/04/1991,51.2481
15/04/1991,1.38931
22/04/1991,0.426111
29/04/1991,13.4786
06/05/1991,30.9291
13/05/1991,3.06114
20/05/1991,0.490589
27/05/1991,0
03/06/1991,0.626491
10/06/1991,27.1156
17/06/1991,31.4678
24/06/1991,39.5518
01/07/1991,26.0626
08/07/1991,25.2811
15/07/1991,8.09925
22/07/1991,26.5956
29/07/1991,15.3187
05/08/1991,6.22304
12/08/1991,3.90549
19/08/1991,0.674497
26/08/1991,12.5811
02/09/1991,0.102974
09/09/1991,0
16/09/1991,3.43217
23/09/1991,10.3673
30/09/1991,102.666
07/10/1991,7.43
14/10/1991,74.5944
21/10/1991,22.6775
28/10/1991,1.94816
04/11/1991,79.035
11/11/1991,32.3969
18/11/1991,47.2486
25/11/1991,15.8136
02/12/1991,0.687961
09/12/1991,0
16/12/1991,4.64194
23/12/1991,64.3489
30/12/1991,1.85536
06/01/1992,14.7338
13/01/1992,33.0375
20/01/1992,0
27/01/1992,5.43231
03/02/1992,1.43237
10/02/1992,13.1568
17/02/1992,31.7438
24/02/1992,6.25082
02/03/1992,15.6842
09/03/1992,7.2119
16/03/1992,27.0036
23/03/1992,27.7695
30/03/1992,21.1934
06/04/1992,21.3719
13/04/1992,11.9034
20/04/1992,22.1036
27/04/1992,22.4217
04/05/1992,23.0718
11/05/1992,18.7196
18/05/1992,3.58
25/05/1992,1.26946
01/06/1992,7.80015
08/06/1992,24.556
15/06/1992,0.327729
22/06/1992,0.299216
29/06/1992,0
06/07/1992,33.758
13/07/1992,24.8291
20/07/1992,23.9937
27/07/1992,24.3713
03/08/1992,6.60148
10/08/1992,9.35305
17/08/1992,70.2651
24/08/1992,34.5492
31/08/1992,53.776
07/09/1992,37.1036
14/09/1992,16.7176
21/09/1992,4.08474
28/09/1992,47.7821
05/10/1992,16.5023
12/10/1992,0.48512
19/10/1992,14.9135
26/10/1992,69.6765
02/11/1992,46.0194
09/11/1992,10.1055
16/11/1992,55.675
23/11/1992,47.2701
30/11/1992,78.7679
07/12/1992,86.8944
14/12/1992,8.40224
21/12/1992,33.0941
28/12/1992,0
04/01/1993,5.01148
11/01/1993,69.865
18/01/1993,37.7827
25/01/1993,62.0004
01/02/1993,13.0492
08/02/1993,0.308553
15/02/1993,1.67803
22/02/1993,0.99264
01/03/1993,18.8766
08/03/1993,1.17089
15/03/1993,0.099454
22/03/1993,10.2367
29/03/1993,2.55665
05/04/1993,42.6548
12/04/1993,35.8243
19/04/1993,13.1519
26/04/1993,11.2002
03/05/1993,9.89386
10/05/1993,8.46255
17/05/1993,29.238
24/05/1993,22.4164
31/05/1993,45.3686
07/06/1993,14.7217
14/06/1993,53.8318
21/06/1993,22.5306
28/06/1993,0.200565
05/07/1993,0
12/07/1993,13.7792
19/07/1993,58.5794
26/07/1993,13.1151
02/08/1993,16.6789
09/08/1993,8.27603
16/08/1993,13.3934
23/08/1993,19.492
30/08/1993,0
06/09/1993,0
13/09/1993,91.7486
20/09/1993,15.5343
27/09/1993,18.9618
04/10/1993,36.6412
11/10/1993,50.7128
18/10/1993,26.9956
25/10/1993,1.29938
01/11/1993,2.06892
08/11/1993,6.42313
15/11/1993,53.4269
22/11/1993,0.450591
29/11/1993,10.6363
06/12/1993,30.2646
13/12/1993,73.6082
20/12/1993,103.57
27/12/1993,52.8682
03/01/1994,71.4667
10/01/1994,63.9856
17/01/1994,42.1329
24/01/1994,22.6804
31/01/1994,34.5878
07/02/1994,39.1639
14/02/1994,17.3507
21/02/1994,30.4356
28/02/1994,54.0474
07/03/1994,10.5588
14/03/1994,13.4218
21/03/1994,45.2501
28/03/1994,31.522
04/04/1994,76.8961
11/04/1994,56.863
18/04/1994,1.93073
25/04/1994,10.3283
02/05/1994,9.83112
09/05/1994,17.9321
16/05/1994,26.0746
23/05/1994,26.6952
30/05/1994,27.8969
06/06/1994,10.8176
13/06/1994,0.322356
20/06/1994,0
27/06/1994,17.7988
04/07/1994,2.33386
11/07/1994,27.3122
18/07/1994,0.0659068
25/07/1994,3.08729
01/08/1994,14.2735
08/08/1994,15.1805
15/08/1994,15.1818
22/08/1994,13.62
29/08/1994,22.8076
05/09/1994,13.9388
12/09/1994,45.9499
19/09/1994,67.577
26/09/1994,26.3207
03/10/1994,5.98941
10/10/1994,0
17/10/1994,0
24/10/1994,39.8013
31/10/1994,108.288
07/11/1994,24.9811
14/11/1994,90.8408
21/11/1994,27.4302
28/11/1994,1.10116
05/12/1994,24.0866
12/12/1994,64.9146
19/12/1994,34.9346
26/12/1994,12.8597
02/01/1995,126.007
09/01/1995,27.9281
16/01/1995,7.38856
23/01/1995,97.0577
30/01/1995,103.733
06/02/1995,23.3985
13/02/1995,45.6964
20/02/1995,67.1597
27/02/1995,36.2886
06/03/1995,43.4072
13/03/1995,21.5085
20/03/1995,31.409
27/03/1995,3.37878
03/04/1995,6.51679
10/04/1995,0.703032
17/04/1995,0
24/04/1995,38.1744
01/05/1995,17.9384
08/05/1995,0
15/05/1995,12.7048
22/05/1995,29.338
29/05/1995,26.6184
05/06/1995,12.7822
12/06/1995,0.853134
19/06/1995,4.62068
26/06/1995,0.413912
03/07/1995,0
10/07/1995,0.414651
17/07/1995,16.4637
24/07/1995,0.957761
31/07/1995,14.8084
07/08/1995,0.0480343
14/08/1995,0
21/08/1995,0
28/08/1995,11.3986
04/09/1995,19.5837
11/09/1995,84.0523
18/09/1995,34.3814
25/09/1995,22.1973
02/10/1995,22.7309
09/10/1995,48.7029
16/10/1995,0.511636
23/10/1995,6.12711
30/10/1995,43.4901
06/11/1995,0.0176273
13/11/1995,67.4331
20/11/1995,11.6642
27/11/1995,33.3095
04/12/1995,39.8644
11/12/1995,2.23756
18/12/1995,23.7598
25/12/1995,93.5627
01/01/1996,13.7164
08/01/1996,41.9817
15/01/1996,55.8449
22/01/1996,7.72027
29/01/1996,18.4115
05/02/1996,0
12/02/1996,69.0454
19/02/1996,18.8601
26/02/1996,26.57
04/03/1996,0.160034
11/03/1996,10.9067
18/03/1996,13.9655
25/03/1996,63.7882
01/04/1996,7.49081
08/04/1996,0
15/04/1996,26.9419
22/04/1996,19.0433
29/04/1996,17.1369
06/05/1996,17.2534
13/05/1996,0.147372
20/05/1996,50.4723
27/05/1996,53.9061
03/06/1996,6.02073
10/06/1996,2.77073
17/06/1996,2.98506
24/06/1996,9.54329
01/07/1996,6.34148
08/07/1996,20.2042
15/07/1996,0.87169
22/07/1996,0
29/07/1996,15.6595
05/08/1996,3.98371
12/08/1996,43.4815
19/08/1996,0
26/08/1996,50.2082
02/09/1996,7.81898
09/09/1996,0.0460161
16/09/1996,0.205069
23/09/1996,4.17311
30/09/1996,53.3212
07/10/1996,11.9187
14/10/1996,7.81809
21/10/1996,56.6705
28/10/1996,43.5187
04/11/1996,80.027
11/11/1996,42.0362
18/11/1996,7.68505
25/11/1996,75.4563
02/12/1996,46.9583
09/12/1996,24.6755
16/12/1996,3.35617
23/12/1996,14.3634
30/12/1996,0.432523
06/01/1997,0.597915
13/01/1997,3.34882
20/01/1997,9.96717
27/01/1997,3.39149
03/02/1997,2.37068
10/02/1997,35.083
17/02/1997,79.1189
24/02/1997,66.4872
03/03/1997,31.1599
10/03/1997,22.9831
17/03/1997,1.41436
24/03/1997,4.24868
31/03/1997,2.91767
07/04/1997,0
14/04/1997,0
21/04/1997,0
28/04/1997,32.2634
05/05/1997,12.1534
12/05/1997,36.1301
19/05/1997,36.4766
26/05/1997,24.1204
02/06/1997,0
09/06/1997,18.6813
16/06/1997,24.6576
23/06/1997,39.4948
30/06/1997,120.803
07/07/1997,6.11611
14/07/1997,9.15639
21/07/1997,2.07052
28/07/1997,19.8431
04/08/1997,33.7745
11/08/1997,79.9469
18/08/1997,10.8576
25/08/1997,21.1616
01/09/1997,65.0148
08/09/1997,16.9826
15/09/1997,4.77609
22/09/1997,1.87187
29/09/1997,0
06/10/1997,0.338901
13/10/1997,108.435
20/10/1997,14.161
27/10/1997,1.71223
03/11/1997,0
10/11/1997,55.6704
17/11/1997,11.8535
24/11/1997,74.597
01/12/1997,59.5892
08/12/1997,27.5916
15/12/1997,32.5399
22/12/1997,14.2151
29/12/1997,66.4084
05/01/1998,119.994
12/01/1998,28.484
19/01/1998,51.3183
26/01/1998,9.68344
02/02/1998,0.0549949
09/02/1998,8.34224
16/02/1998,0.0438698
23/02/1998,12.0601
02/03/1998,12.0133
09/03/1998,111.016
16/03/1998,8.3187
23/03/1998,0.163187
30/03/1998,29.5396
06/04/1998,45.6418
13/04/1998,49.5677
20/04/1998,22.3718
27/04/1998,45.6385
04/05/1998,19.5971
11/05/1998,16.8892
18/05/1998,17.4391
25/05/1998,0.136943
01/06/1998,29.4719
08/06/1998,58.1627
15/06/1998,61.0777
22/06/1998,3.84739
29/06/1998,35.8221
06/07/1998,14.5271
13/07/1998,39.9195
20/07/1998,15.7828
27/07/1998,22.6667
03/08/1998,19.3524
10/08/1998,6.87796
17/08/1998,1.28716
24/08/1998,20.4584
31/08/1998,0.931571
07/09/1998,26.3976
14/09/1998,57.7874
21/09/1998,3.44125
28/09/1998,16.8832
05/10/1998,40.9161
12/10/1998,11.608
19/10/1998,42.6146
26/10/1998,108.539
02/11/1998,111.397
09/11/1998,53.9787
16/11/1998,30.2368
23/11/1998,5.75949
30/11/1998,21.3254
07/12/1998,1.98943
14/12/1998,30.7785
21/12/1998,29.8508
28/12/1998,84.1569
04/01/1999,58.3391
11/01/1999,24.2564
18/01/1999,59.5999
25/01/1999,68.321
01/02/1999,15.4124
08/02/1999,8.24121
15/02/1999,11.9808
22/02/1999,19.1326
01/03/1999,41.561
08/03/1999,66.6309
15/03/1999,13.7321
22/03/1999,5.47449
29/03/1999,4.9786
05/04/1999,16.9476
12/04/1999,22.3048
19/04/1999,21.0759
26/04/1999,87.2199
03/05/1999,0.662124
10/05/1999,9.87135
17/05/1999,24.8234
24/05/1999,4.24085
31/05/1999,57.9788
07/06/1999,60.6559
14/06/1999,1.14869
21/06/1999,6.19679
28/06/1999,10.1117
05/07/1999,28.1311
12/07/1999,10.7656
19/07/1999,2.68275
26/07/1999,5.96437
02/08/1999,0
09/08/1999,67.9663
16/08/1999,29.9093
23/08/1999,41.0621
30/08/1999,35.6026
06/09/1999,0
13/09/1999,9.46433
20/09/1999,74.4403
27/09/1999,50.8051
04/10/1999,58.5339
11/10/1999,1.73428
18/10/1999,0.694738
25/10/1999,57.763
01/11/1999,14.2739
08/11/1999,36.8924
15/11/1999,2.55523
22/11/1999,11.8152
29/11/1999,32.399
06/12/1999,26.1711
13/12/1999,83.8131
20/12/1999,66.6769
27/12/1999,106.177
03/01/2000,23.5335
10/01/2000,21.8645
17/01/2000,6.26173
24/01/2000,0.471475
31/01/2000,20.7682
07/02/2000,20.0685
14/02/2000,52.1307
21/02/2000,23.4512
28/02/2000,46.312
06/03/2000,54.5398
13/03/2000,3.6284
20/03/2000,0.949318
27/03/2000,28.6068
03/04/2000,36.8746
10/04/2000,38.2116
17/04/2000,32.2347
24/04/2000,92.1038
01/05/2000,38.0651
08/05/2000,8.87958
15/05/2000,4.02128
22/05/2000,26.12
29/05/2000,68.7724
05/06/2000,15.9799
12/06/2000,7.20539
19/06/2000,1.40759
26/06/2000,16.2408
03/07/2000,4.79325
10/07/2000,24.8325
17/07/2000,10.9571
24/07/2000,0
31/07/2000,14.7103
07/08/2000,15.0716
14/08/2000,31.0701
21/08/2000,48.7914
28/08/2000,16.3524
04/09/2000,32.0945
11/09/2000,10.6214
18/09/2000,40.1639
25/09/2000,37.6724
02/10/2000,53.8886
09/10/2000,24.2248
16/10/2000,75.0064
23/10/2000,25.2899
30/10/2000,120.239
06/11/2000,77.8132
13/11/2000,47.6152
20/11/2000,51.223
27/11/2000,64.6388
04/12/2000,42.6095
11/12/2000,104.731
18/12/2000,50.2931
25/12/2000,17.3791
01/01/2001,43.5972
08/01/2001,40.9573
15/01/2001,6.68996
22/01/2001,18.081
29/01/2001,51.1983
05/02/2001,44.1305
12/02/2001,39.9426
19/02/2001,15.8664
26/02/2001,5.94268
05/03/2001,23.1531
12/03/2001,40.4742
19/03/2001,56.2387
26/03/2001,49.6333
02/04/2001,22.7347
09/04/2001,68.7425
16/04/2001,10.4069
23/04/2001,21.7674
30/04/2001,28.9444
07/05/2001,4.26013
14/05/2001,12.7421
21/05/2001,18.1723
28/05/2001,0.588039
04/06/2001,0.192384
11/06/2001,8.17485
18/06/2001,27.093
25/06/2001,0
02/07/2001,11.728
09/07/2001,38.8853
16/07/2001,39.78
23/07/2001,31.9173
30/07/2001,0
06/08/2001,41.3
13/08/2001,35.6687
20/08/2001,19.7663
27/08/2001,1.98492
03/09/2001,10.1599
10/09/2001,3.48152
17/09/2001,16.0776
24/09/2001,0.562039
01/10/2001,24.8147
08/10/2001,50.9394
15/10/2001,15.5607
22/10/2001,52.8235
29/10/2001,59.5351
05/11/2001,5.44621
12/11/2001,25.7502
19/11/2001,2.84449
26/11/2001,15.6977
03/12/2001,65.7899
10/12/2001,29.92
17/12/2001,0
24/12/2001,6.50976
31/12/2001,21.0699
07/01/2002,0.960239
14/01/2002,3.26633
21/01/2002,42.7864
28/01/2002,106.799
04/02/2002,60.2124
11/02/2002,75.2393
18/02/2002,23.9399
25/02/2002,60.4326
04/03/2002,61.6029
11/03/2002,8.59248
18/03/2002,40.916
25/03/2002,34.713
01/04/2002,6.34368
08/04/2002,2.79427
15/04/2002,0.4588
22/04/2002,11.2891
29/04/2002,40.894
06/05/2002,27.1212
13/05/2002,17.2153
20/05/2002,29.6126
27/05/2002,78.7842
03/06/2002,21.7801
10/06/2002,20.4174
17/06/2002,17.8942
24/06/2002,9.12461
01/07/2002,5.44827
08/07/2002,43.145
15/07/2002,26.8679
22/07/2002,0.0640824
29/07/2002,2.0362
05/08/2002,25.3931
12/08/2002,18.66
19/08/2002,1.47204
26/08/2002,4.60065
02/09/2002,2.81572
09/09/2002,22.6244
16/09/2002,15.7808
23/09/2002,0.216588
30/09/2002,0
07/10/2002,11.4043
14/10/2002,81.8604
21/10/2002,66.0226
28/10/2002,41.2518
04/11/2002,44.9639
11/11/2002,46.6214
18/11/2002,64.1694
25/11/2002,43.8211
02/12/2002,50.3411
09/12/2002,9.04069
16/12/2002,29.9302
23/12/2002,29.9334
30/12/2002,73.9924
06/01/2003,60.6436
13/01/2003,1.67734
20/01/2003,33.7086
27/01/2003,20.7216
03/02/2003,34.4643
10/02/2003,23.8011
17/02/2003,10.6202
24/02/2003,6.31121
03/03/2003,24.3014
10/03/2003,41.6619
17/03/2003,0.651319
24/03/2003,0
31/03/2003,1.89884
07/04/2003,7.82588
14/04/2003,0.129588
21/04/2003,6.83885
28/04/2003,23.8688
05/05/2003,44.2933
12/05/2003,11.5886
19/05/2003,18.8918
26/05/2003,18.9597
02/06/2003,5.48275
09/06/2003,23.9022
16/06/2003,7.00039
23/06/2003,11.5086
30/06/2003,10.3357
07/07/2003,5.11113
14/07/2003,0
21/07/2003,34.7862
28/07/2003,69.5536
04/08/2003,26.0886
11/08/2003,0.391475
18/08/2003,0.969789
25/08/2003,2.12844
01/09/2003,19.7578
08/09/2003,3.89715
15/09/2003,9.72782
22/09/2003,0.356727
29/09/2003,10.5673
06/10/2003,6.65981
13/10/2003,14.62
20/10/2003,0.0531242
27/10/2003,24.2814
03/11/2003,62.4944
10/11/2003,15.4445
17/11/2003,25.0454
24/11/2003,19.1309
01/12/2003,35.6312
08/12/2003,35.4553
15/12/2003,70.7211
22/12/2003,18.3898
29/12/2003,28.9851
05/01/2004,19.8642
12/01/2004,102.241
19/01/2004,34.0129
26/01/2004,17.1839
02/02/2004,69.85
09/02/2004,43.7029
16/02/2004,0.931379
23/02/2004,1.73113
01/03/2004,5.24693
08/03/2004,3.05229
15/03/2004,40.7499
22/03/2004,55.9593
29/03/2004,8.7801
05/04/2004,24.0307
12/04/2004,6.41335
19/04/2004,20.6157
26/04/2004,10.5974
03/05/2004,54.2789
10/05/2004,31.6552
17/05/2004,0.0563215
24/05/2004,0
31/05/2004,1.3758
07/06/2004,11.6742
14/06/2004,1.10587
21/06/2004,1.36895
28/06/2004,59.4673
05/07/2004,24.2662
12/07/2004,40.6
19/07/2004,9.2367
26/07/2004,8.6596
02/08/2004,2.60101
09/08/2004,4.25313
16/08/2004,30.7975
23/08/2004,40.2653
30/08/2004,29.2096
06/09/2004,0.102781
13/09/2004,31.9304
20/09/2004,37.6737
27/09/2004,3.52672
04/10/2004,44.2133
11/10/2004,7.16752
18/10/2004,31.181
25/10/2004,66.5287
01/11/2004,53.8093
08/11/2004,7.24652
15/11/2004,5.85377
22/11/2004,37.8886
29/11/2004,6.99489
06/12/2004,0.49056
13/12/2004,0.0161444
20/12/2004,76.1182
27/12/2004,29.6231
03/01/2005,25.7049
10/01/2005,32.0293
17/01/2005,12.7941
24/01/2005,40.6721
31/01/2005,2.20557
07/02/2005,4.2204
14/02/2005,48.1789
21/02/2005,3.30177
28/02/2005,6.89248
07/03/2005,15.0468
14/03/2005,1.39708
21/03/2005,8.6342
28/03/2005,21.0424
04/04/2005,30.402
11/04/2005,19.0665
18/04/2005,24.0636
25/04/2005,24.878
02/05/2005,10.3935
09/05/2005,3.52403
16/05/2005,0.424761
23/05/2005,47.2503
30/05/2005,8.51343
06/06/2005,27.9274
13/06/2005,0.312294
20/06/2005,24.7011
27/06/2005,33.3645
04/07/2005,29.6363
11/07/2005,7.19991
18/07/2005,0.346045
25/07/2005,35.6024
01/08/2005,15.4982
08/08/2005,7.53287
15/08/2005,5.10093
22/08/2005,10.0748
29/08/2005,17.9695
05/09/2005,4.74289
12/09/2005,9.23971
19/09/2005,14.2683
26/09/2005,5.7961
03/10/2005,36.4031
10/10/2005,5.0846
17/10/2005,36.5387
24/10/2005,63.9528
31/10/2005,49.8356
07/11/2005,91.3752
14/11/2005,28.4151
21/11/2005,0.449074
28/11/2005,16.5414
05/12/2005,71.659
12/12/2005,21.5864
19/12/2005,8.03541
26/12/2005,1.44547
02/01/2006,46.0818
09/01/2006,4.22893
16/01/2006,23.5061
23/01/2006,10.3702
30/01/2006,1.58989
06/02/2006,0.374846
13/02/2006,13.2908
20/02/2006,81.2459
27/02/2006,13.1272
06/03/2006,4.03283
13/03/2006,42.0163
20/03/2006,3.55314
27/03/2006,37.0301
03/04/2006,41.7541
10/04/2006,2.62978
17/04/2006,10.5834
24/04/2006,10.273
01/05/2006,5.69409
08/05/2006,17.8923
15/05/2006,6.1012
22/05/2006,77.8381
29/05/2006,36.8888
05/06/2006,0
12/06/2006,1.26233
19/06/2006,6.16827
26/06/2006,36.1427
03/07/2006,5.65043
10/07/2006,23.1237
17/07/2006,0.823952
24/07/2006,1.5626
31/07/2006,13.4766
07/08/2006,12.6747
14/08/2006,3.13529
21/08/2006,24.5295
28/08/2006,14.9099
04/09/2006,24.6387
11/09/2006,0.0500479
18/09/2006,4.35166
25/09/2006,14.9989
02/10/2006,53.9001
09/10/2006,37.634
16/10/2006,22.0997
23/10/2006,71.8072
30/10/2006,32.7852
06/11/2006,0.994115
13/11/2006,23.9656
20/11/2006,48.5992
27/11/2006,81.2696
04/12/2006,59.0994
11/12/2006,59.505
18/12/2006,18.4239
25/12/2006,0.731551
01/01/2007,61.8778
08/01/2007,51.5602
15/01/2007,49.5701
22/01/2007,73.2833
29/01/2007,1.36929
05/02/2007,0.209279
12/02/2007,67.6577
19/02/2007,28.6302
26/02/2007,51.3854
05/03/2007,66.0043
12/03/2007,38.2701
19/03/2007,11.5408
26/03/2007,7.34096
02/04/2007,4.51207
09/04/2007,0
16/04/2007,0
23/04/2007,0.3669
30/04/2007,12.5947
07/05/2007,12.704
14/05/2007,91.2746
21/05/2007,15.3854
28/05/2007,57.5203
04/06/2007,20.599
11/06/2007,0.100176
18/06/2007,16.8713
25/06/2007,66.3966
02/07/2007,69.8798
09/07/2007,22.5741
16/07/2007,42.1659
23/07/2007,45.6994
30/07/2007,60.8522
06/08/2007,7.88423
13/08/2007,3.53775
20/08/2007,44.5821
27/08/2007,12.7931
03/09/2007,0.65266
10/09/2007,0.0420691
17/09/2007,1.64795
24/09/2007,29.3943
01/10/2007,41.2492
08/10/2007,3.3082
15/10/2007,3.49722
22/10/2007,37.4166
29/10/2007,12.0771
05/11/2007,1.10722
12/11/2007,3.32319
19/11/2007,22.2431
26/11/2007,23.0614
03/12/2007,68.3917
10/12/2007,96.1077
17/12/2007,0.157589
24/12/2007,0.553272
31/12/2007,46.3717
07/01/2008,20.5655
14/01/2008,62.681
21/01/2008,89.6879
28/01/2008,12.0577
04/02/2008,20.7099
11/02/2008,17.2604
18/02/2008,0.0573626
25/02/2008,2.34727
03/03/2008,26.3611
10/03/2008,30.688
17/03/2008,76.7581
24/03/2008,14.9805
31/03/2008,22.3444
07/04/2008,7.95071
14/04/2008,18.2889
21/04/2008,20.8573
28/04/2008,19.2442
05/05/2008,19.797
12/05/2008,1.74758
19/05/2008,22.8375
26/05/2008,34.9436
02/06/2008,73.2518
09/06/2008,11.7438
16/06/2008,3.97832
23/06/2008,26.3464
30/06/2008,19.9086
07/07/2008,64.6872
14/07/2008,61.5691
21/07/2008,1.25295
28/07/2008,0.101509
04/08/2008,60.5177
11/08/2008,53.3205
18/08/2008,63.9851
25/08/2008,21.858
01/09/2008,4.31142
08/09/2008,110.407
15/09/2008,28.5602
22/09/2008,1.19908
29/09/2008,2.20428
06/10/2008,69.2414
13/10/2008,10.7298
20/10/2008,6.46903
27/10/2008,52.3995
03/11/2008,47.7421
10/11/2008,46.5713
17/11/2008,20.2895
24/11/2008,14.7938
01/12/2008,2.16043
08/12/2008,49.4634
15/12/2008,39.6355
22/12/2008,6.05726
29/12/2008,0.98027
05/01/2009,1.08045
12/01/2009,11.5894
19/01/2009,52.9703
26/01/2009,55.8072
02/02/2009,15.3126
09/02/2009,37.0859
16/02/2009,27.9623
23/02/2009,1.09609
02/03/2009,0.163245
09/03/2009,45.7037
16/03/2009,17.3624
23/03/2009,0.0474194
30/03/2009,8.70203
06/04/2009,2.70201
13/04/2009,17.372
20/04/2009,1.95512
27/04/2009,20.8515
04/05/2009,15.4528
11/05/2009,4.18321
18/05/2009,39.9653
25/05/2009,18.0953
01/06/2009,11.4357
08/06/2009,76.5972
15/06/2009,8.14455
22/06/2009,8.56614
29/06/2009,33.5821
06/07/2009,41.5117
13/07/2009,41.7107
20/07/2009,40.3008
27/07/2009,50.6746
03/08/2009,48.9982
10/08/2009,12.1717
17/08/2009,4.61734
24/08/2009,17.1685
31/08/2009,16.8153
07/09/2009,47.2998
14/09/2009,0.194816
21/09/2009,0
28/09/2009,2.5257
05/10/2009,3.39778
12/10/2009,32.8408
19/10/2009,1.56474
26/10/2009,42.8755
02/11/2009,25.7355
09/11/2009,52.394
16/11/2009,61.3324
23/11/2009,53.6559
30/11/2009,96.0768
07/12/2009,36.9575
14/12/2009,18.796
21/12/2009,9.7878
28/12/2009,13.7605
04/01/2010,30.2511
11/01/2010,11.9233
18/01/2010,37.3381
25/01/2010,21.713
01/02/2010,8.90047
08/02/2010,38.8812
15/02/2010,2.30426
22/02/2010,42.1504
01/03/2010,16.7092
08/03/2010,0.0120982
15/03/2010,0.46195
22/03/2010,19.2718
29/03/2010,37.7837
05/04/2010,42.5013
12/04/2010,2.27698
19/04/2010,0
26/04/2010,2.00907
03/05/2010,13.7229
10/05/2010,7.63272
17/05/2010,5.75512
24/05/2010,1.44526
31/05/2010,8.44121
07/06/2010,8.58123
14/06/2010,22.8032
21/06/2010,0.00617551
28/06/2010,0.0458295
05/07/2010,13.4308
12/07/2010,1.78374
19/07/2010,32.5735
26/07/2010,27.9294
02/08/2010,2.30353
09/08/2010,6.93449
16/08/2010,28.4332
23/08/2010,46.2552
30/08/2010,41.5115
06/09/2010,5.67045
13/09/2010,28.3011
20/09/2010,17.9272
27/09/2010,18.4792
04/10/2010,63.2788
11/10/2010,6.68553
18/10/2010,0.529574
25/10/2010,18.116
01/11/2010,21.2545
08/11/2010,46.9125
15/11/2010,59.7693
22/11/2010,34.0414
29/11/2010,10.3204
06/12/2010,13.5612
13/12/2010,0.288375
20/12/2010,23.6646
27/12/2010,2.28245
03/01/2011,12.477
10/01/2011,37.6654
17/01/2011,87.6288
24/01/2011,8.48311
31/01/2011,2.61486
07/02/2011,19.306
14/02/2011,25.223
21/02/2011,33.3801
28/02/2011,27.3679
07/03/2011,0.502468
14/03/2011,8.37714
21/03/2011,8.93952
28/03/2011,0.00640965
04/04/2011,21.7816
11/04/2011,4.97554
18/04/2011,2.32093
25/04/2011,0.303786
02/05/2011,5.75061
09/05/2011,27.1502
16/05/2011,3.48569
23/05/2011,5.42373
30/05/2011,16.1835
06/06/2011,2.49174
13/06/2011,52.933
20/06/2011,17.194
27/06/2011,27.3031
04/07/2011,1.81812
11/07/2011,34.8053
18/07/2011,19.0334
25/07/2011,19.015
01/08/2011,1.87785
08/08/2011,30.5236
15/08/2011,11.726
22/08/2011,9.48766
29/08/2011,31.3937
05/09/2011,14.0887
12/09/2011,30.5338
19/09/2011,24.0039
26/09/2011,23.6609
03/10/2011,1.28217
10/10/2011,22.1565
17/10/2011,3.42234
24/10/2011,24.9078
31/10/2011,50.6667
07/11/2011,36.0682
14/11/2011,27.6081
21/11/2011,11.1646
28/11/2011,19.0345
05/12/2011,40.4171
12/12/2011,50.5192
19/12/2011,65.1902
26/12/2011,28.1382
02/01/2012,31.0756
09/01/2012,54.7577
16/01/2012,2.1142
23/01/2012,12.2623
30/01/2012,28.9645
06/02/2012,18.3935
13/02/2012,17.5478
20/02/2012,4.86265
27/02/2012,3.80555
05/03/2012,11.4167
12/03/2012,2.53703
19/03/2012,10.571
26/03/2012,0
02/04/2012,0
09/04/2012,8.24536
16/04/2012,21.7762
23/04/2012,36.1527
30/04/2012,122.835
07/05/2012,45.2438
14/05/2012,23.4676
21/05/2012,3.59413
28/05/2012,0
04/06/2012,24.9475
11/06/2012,90.9104
18/06/2012,44.1867
25/06/2012,75.2654
02/07/2012,12.8966
09/07/2012,67.8657
16/07/2012,32.9814
23/07/2012,10.1481
30/07/2012,4.22839
06/08/2012,29.8102
13/08/2012,14.3765
20/08/2012,42.0725
27/08/2012,20.0849
03/09/2012,32.1358
10/09/2012,1.0571
17/09/2012,7.6111
24/09/2012,67.8657
01/10/2012,13.9537
08/10/2012,41.4382
15/10/2012,67.2314
22/10/2012,18.3935
29/10/2012,8.87962
05/11/2012,35.9413
12/11/2012,10.1481
19/11/2012,8.45678
26/11/2012,147.782
03/12/2012,38.4784
10/12/2012,24.5247
17/12/2012,24.3132
24/12/2012,108.67
31/12/2012,58.1404
07/01/2013,12.4738
14/01/2013,20.7191
21/01/2013,9.93672
28/01/2013,65.7515
04/02/2013,46.5123
11/02/2013,47.1466
18/02/2013,19.8734
25/02/2013,1.26852
04/03/2013,1.0571
11/03/2013,18.6049
18/03/2013,37.4213
25/03/2013,57.5061
01/04/2013,0.634259
08/04/2013,0
15/04/2013,36.1527
22/04/2013,3.38271
29/04/2013,4.22839
06/05/2013,2.74845
13/05/2013,24.5247
20/05/2013,29.3873
27/05/2013,1.0571
03/06/2013,21.3534
10/06/2013,1.0571
17/06/2013,17.3364
24/06/2013,20.0849
01/07/2013,6.55401
08/07/2013,1.90278
15/07/2013,0
22/07/2013,0
29/07/2013,28.5416
05/08/2013,30.233
12/08/2013,14.1651
19/08/2013,13.7423
26/08/2013,1.47994
02/09/2013,0.422839
09/09/2013,9.93672
16/09/2013,35.0956
23/09/2013,22.1991
30/09/2013,6.13117
07/10/2013,61.3117
14/10/2013,19.662
21/10/2013,46.7237
28/10/2013,95.3502
04/11/2013,62.3688
11/11/2013,56.449
18/11/2013,5.07407
25/11/2013,11.2052
02/12/2013,0.21142
09/12/2013,6.34259
16/12/2013,27.696
23/12/2013,75.2654
30/12/2013,98.5215
06/01/2014,102.116
13/01/2014,42.4953
20/01/2014,57.5061
27/01/2014,49.895
03/02/2014,59.1975
10/02/2014,111.841
17/02/2014,86.0478
24/02/2014,26.216
03/03/2014,50.7407
10/03/2014,5.49691
17/03/2014,0.422839
24/03/2014,24.3132
31/03/2014,18.6049
07/04/2014,29.3873
14/04/2014,3.80555
21/04/2014,20.2963
28/04/2014,41.8611
05/05/2014,7.39968
12/05/2014,37.4213
19/05/2014,1.47994
26/05/2014,34.0385
02/06/2014,5.70833
09/06/2014,51.7978
16/06/2014,5.07407
23/06/2014,0
30/06/2014,33.8271
07/07/2014,9.93672
14/07/2014,4.22839
21/07/2014,6.76543
28/07/2014,0.21142
04/08/2014,30.4444
11/08/2014,76.3225
18/08/2014,8.87962
25/08/2014,16.4907
01/09/2014,43.5524
08/09/2014,0.21142
15/09/2014,0.21142
22/09/2014,14.1651
29/09/2014,2.32562
06/10/2014,39.7469
13/10/2014,32.77
20/10/2014,47.9922
27/10/2014,9.7253
03/11/2014,27.4845
10/11/2014,34.8842
17/11/2014,92.1789
24/11/2014,25.3703
01/12/2014,6.34259
08/12/2014,8.6682
15/12/2014,50.7407
22/12/2014,38.9012
29/12/2014,20.5077
05/01/2015,41.6497
12/01/2015,49.0493
19/01/2015,66.8086
26/01/2015,7.18826
02/02/2015,21.7762
09/02/2015,1.0571
16/02/2015,17.5478
23/02/2015,41.4382
02/03/2015,45.6666
09/03/2015,10.1481
16/03/2015,27.4845
23/03/2015,0
30/03/2015,39.324
06/04/2015,9.30246
13/04/2015,2.74845
20/04/2015,0.21142
27/04/2015,15.8565
04/05/2015,16.7021
11/05/2015,42.0725
18/05/2015,31.9244
25/05/2015,6.55401
01/06/2015,21.3534
08/06/2015,30.4444
15/06/2015,6.55401
22/06/2015,7.82252
29/06/2015,5.49691
06/07/2015,28.5416
13/07/2015,16.4907
20/07/2015,5.70833
27/07/2015,77.1681
03/08/2015,4.22839
10/08/2015,9.51388
17/08/2015,24.7361
24/08/2015,42.7067
31/08/2015,45.4552
07/09/2015,7.82252
14/09/2015,17.7592
21/09/2015,23.0447
28/09/2015,22.4105
05/10/2015,5.70833
12/10/2015,15.4336
19/10/2015,0
26/10/2015,13.5309
02/11/2015,27.9074
09/11/2015,40.1697
16/11/2015,41.0154
23/11/2015,31.7129
30/11/2015,38.0555
07/12/2015,35.7299
14/12/2015,18.8163
21/12/2015,39.324
28/12/2015,45.4552
04/01/2016,97.253
11/01/2016,54.3348
18/01/2016,23.2562
25/01/2016,15.645
01/02/2016,47.1466
08/02/2016,87.5277
15/02/2016,56.0262
22/02/2016,11.2052
29/02/2016,0.634259
07/03/2016,32.1358
14/03/2016,36.1527
21/03/2016,0.21142
28/03/2016,48.8379
04/04/2016,18.1821
11/04/2016,11.2052
18/04/2016,7.82252
25/04/2016,8.87962
02/05/2016,2.95987
09/05/2016,7.82252
16/05/2016,17.3364
23/05/2016,24.7361
30/05/2016,9.09104
06/06/2016,0.634259
13/06/2016,8.45678
20/06/2016,48.8379
27/06/2016,4.86265
04/07/2016,17.9707
11/07/2016,8.24536
18/07/2016,0.21142
25/07/2016,2.53703
01/08/2016,4.43981
08/08/2016,27.9074
15/08/2016,0.21142
22/08/2016,21.9876
29/08/2016,8.6682
05/09/2016,22.6219
12/09/2016,16.7021
19/09/2016,6.34259
26/09/2016,46.7237
03/10/2016,17.9707
10/10/2016,0
17/10/2016,15.645
24/10/2016,5.07407
31/10/2016,8.03394
07/11/2016,2.1142
14/11/2016,34.0385
21/11/2016,92.1789
28/11/2016,35.0956
05/12/2016,1.0571
12/12/2016,14.7994
19/12/2016,14.3765
26/12/2016,14.3765
02/01/2017,12.4738
09/01/2017,5.91975
16/01/2017,20.9305
23/01/2017,2.32562
30/01/2017,29.3873
06/02/2017,50.9521
13/02/2017,11.6281
20/02/2017,4.86265
27/02/2017,23.4676
06/03/2017,44.1867
13/03/2017,10.3596
20/03/2017,17.7592
27/03/2017,26.8503
03/04/2017,20.7191
10/04/2017,2.95987
17/04/2017,0.845678
24/04/2017,0
01/05/2017,31.0787
08/05/2017,0
15/05/2017,16.4907
22/05/2017,21.9876
29/05/2017,0.21142
05/06/2017,15.2222
12/06/2017,28.5416
19/06/2017,0
26/06/2017,1.69136
03/07/2017,19.8734
10/07/2017,0
17/07/2017,28.5416
24/07/2017,36.9984
31/07/2017,32.1358
07/08/2017,13.5309
14/08/2017,19.4506
21/08/2017,28.7531
28/08/2017,0.422839
04/09/2017,20.2963
11/09/2017,25.3703
18/09/2017,30.4444
25/09/2017,8.03394
02/10/2017,19.4506
09/10/2017,5.70833
16/10/2017,3.80555
23/10/2017,46.7237
30/10/2017,2.95987
06/11/2017,10.1481
13/11/2017,28.1188
20/11/2017,2.74845
27/11/2017,31.0787
04/12/2017,4.22839
11/12/2017,50.3179
18/12/2017,29.1759
25/12/2017,3.59413
01/01/2018,91.1218
08/01/2018,42.9182
15/01/2018,24.3132
22/01/2018,65.9629
29/01/2018,19.662
05/02/2018,15.8565
12/02/2018,20.5077
19/02/2018,26.8503
26/02/2018,0
05/03/2018,35.5185
12/03/2018,52.2206
19/03/2018,38.6898
26/03/2018,15.0108
02/04/2018,69.1342
09/04/2018,17.3364
16/04/2018,45.4552
23/04/2018,0.634259
30/04/2018,27.0617
07/05/2018,10.1481
14/05/2018,7.39968
21/05/2018,0.422839
28/05/2018,9.7253
04/06/2018,41.6497
11/06/2018,0
18/06/2018,3.59413
25/06/2018,1.26852
02/07/2018,4.43981
09/07/2018,1.69136
16/07/2018,4.86265
23/07/2018,6.97685
30/07/2018,18.3935
06/08/2018,4.01697
13/08/2018,36.9984
20/08/2018,12.4738
27/08/2018,37.8441
03/09/2018,0.422839
10/09/2018,1.26852
17/09/2018,9.30246
24/09/2018,64.6944
01/10/2018,0.21142
08/10/2018,8.45678
15/10/2018,59.1975
22/10/2018,3.80555
29/10/2018,8.03394
