Date,1966,1967,1968,1969,1970,1971,1972,1973,1974,1975,1976,1977,1978,1979,1980,1981,1982,1983,1984,1985,1986,1987,1988,1989,1990,1991,1992,1993,1994,1995,1996,1997,1998,1999,2000,2001,2002,2003,2004,2005,2006,2007,2008,2009,2010
01/10/2019,12.053999999999998,12.381,11.968,12.126,11.965,11.995000000000001,11.951,11.986,13.376999999999999,12.094,11.957,11.962,11.976,12.009,11.978000000000002,11.971,11.966,11.995000000000001,12.04,11.991,13.698,11.958,11.976,12.308,11.976,11.965,11.981000000000002,11.975,11.982000000000001,12.062999999999999,12.002,12.004000000000001,13.309,14.158,12.029,16.578,12.123999999999999,12.517,12.346,23.302,11.965,12.139,12.036,11.958,11.98
02/10/2019,10.472999999999999,10.792,10.333,10.52,10.312000000000001,10.327,10.326,10.782,12.554,11.735999999999999,10.282,10.642,10.32,10.421,10.321,10.298,10.322,12.402000000000001,11.405999999999999,10.344999999999999,13.741,10.283,10.299,10.932,10.305,10.298,10.319,10.325,10.347000000000001,10.441,12.913,10.357000000000001,12.288,21.022,10.618,17.238,10.690000000000001,11.053,10.817,31.001,10.268,10.601,10.383000000000001,10.266,13.634
03/10/2019,11.129000000000001,9.405,9.056999999999999,9.158999999999999,8.954,8.940000000000001,11.447000000000001,10.09,11.435,13.696,9.186,9.325,8.971,9.689,8.936,8.905,8.946,13.895,10.488,8.986,13.197,8.898,8.894,9.666,8.940999999999999,9.068,9.858,8.943999999999999,9.179,9.17,13.363,8.994,11.033,24.92,9.27,15.554,9.89,9.727,9.471,27.032,8.838000000000001,9.344000000000001,8.975999999999999,8.837,17.284
04/10/2019,11.234,8.225,7.944,8.016,7.831,7.9190000000000005,12.675999999999998,9.64,10.155,16.262,8.661999999999999,8.132,8.135,8.892,7.779999999999999,8.599,7.791,13.503,9.451,8.440000000000001,12.237,7.742000000000001,7.73,8.564,7.856,8.423,10.166,7.802,8.355,8.052,13.043,7.911,9.751999999999999,21.767,8.124,13.984000000000002,8.936,8.567,8.324,24.153000000000002,7.667,8.817,7.819000000000001,7.648,18.652
05/10/2019,10.815999999999999,7.24,6.9830000000000005,7.043,6.906000000000001,7.038,12.579,9.408,8.969,16.567,7.914,7.119,9.504999999999999,7.9350000000000005,9.94,8.767,6.853999999999999,11.612,8.365,30.223,11.093,6.795999999999999,6.966,7.643000000000001,6.982,7.744999999999999,10.212,6.853,7.848,7.096,12.329,6.993,8.617,18.466,7.143000000000001,12.582,12.457,7.611000000000001,7.334,21.147,6.724,8.033999999999999,6.901999999999999,6.704000000000001,17.122
06/10/2019,10.091000000000001,6.446,8.562,6.252000000000001,6.153,6.273,11.756,9.199,7.904999999999999,15.409,7.168000000000001,6.927,10.069,7.055999999999999,11.929,8.391,6.102,10.085,7.3839999999999995,56.519999999999996,9.878,6.058,6.404,6.805,6.234999999999999,7.165000000000001,9.792,6.086,7.331,6.297000000000001,13.928999999999998,6.2219999999999995,7.667,16.454,6.345,11.277000000000001,18.523,6.788,6.466,18.332,5.9670000000000005,7.1899999999999995,6.207,5.955,15.004
07/10/2019,9.151,5.8420000000000005,17.488,5.599,5.5440000000000005,5.6259999999999994,10.925,9.838000000000001,7.077,14.934999999999999,6.504999999999999,8.165000000000001,9.870999999999999,6.271,12.437,7.734999999999999,5.487,9.881,6.565,49.47,8.742,5.5889999999999995,5.823,6.304,5.585,6.554,9.247,5.461,6.843999999999999,5.6579999999999995,14.435,5.588,6.873,14.958,5.694,9.983,20.042,6.069,5.766,19.231,5.364,6.407,5.821999999999999,5.518,13.151
08/10/2019,8.190999999999999,5.455,25.081,5.146,5.042,5.093999999999999,9.883,9.734,6.442,14.116,5.8839999999999995,8.494,9.233,5.612,11.681,7.044,4.9510000000000005,14.847,5.891,33.139,7.803,5.164,5.27,5.87,5.208,5.9510000000000005,8.496,4.964,6.3,5.135,13.654,5.062,6.181000000000001,13.495999999999999,5.1739999999999995,9.052,17.631999999999998,5.445,5.196,19.126,4.888999999999999,5.721,5.435,5.284,12.050999999999998
09/10/2019,7.918,5.048,24.173,4.757,4.667,4.645,8.78,9.177,5.832000000000001,13.011000000000001,5.292,8.26,8.397,5.077,10.937,6.302,4.591,17.45,5.343999999999999,28.726,8.655000000000001,4.782,4.787,5.4110000000000005,5.189,5.3759999999999994,7.63,4.598,5.765000000000001,4.707000000000001,12.789000000000001,4.643,5.5809999999999995,12.045000000000002,4.747,19.873,15.567,4.93,4.74,17.225,4.567,5.15,4.979,4.952,11.016
10/10/2019,9.062000000000001,4.648,21.487000000000002,4.504,4.4270000000000005,4.668,7.792,8.442,5.279,11.978000000000002,4.805,8.26,7.845000000000001,4.628,15.096,5.622999999999999,4.386,15.86,4.904,93.65199999999999,50.471999999999994,4.513999999999999,4.497999999999999,5.021,4.995,4.999,6.840999999999999,4.394,5.33,4.453,11.722999999999999,4.423,5.0489999999999995,17.07,4.453,66.946,14.338000000000001,4.58,4.483,15.841000000000001,4.357,4.701,4.5760000000000005,4.585,9.839
11/10/2019,13.339,4.513,18.6,4.2780000000000005,4.242,4.62,6.960000000000001,7.495,4.8,12.729,4.434,7.782,7.497,4.838,18.513,5.035,4.191,14.381,4.506,143.732,126.354,4.267,4.269,5.247,4.697,4.638999999999999,6.135,4.199,12.405000000000001,4.2620000000000005,10.544,4.227,4.654999999999999,48.432,4.303,83.683,13.096,4.345000000000001,4.286,14.36,4.67,4.398,4.333,4.332,8.78
12/10/2019,16.788,6.074,16.391,4.089,4.728,4.462,6.425000000000001,6.719,4.48,13.155,4.561,7.077999999999999,7.089,4.835,17.104,4.578,4.002,13.139,4.228,214.261,96.494,4.058,4.077,7.385,4.406000000000001,4.337,5.553,4.013,110.744,4.079,9.308,4.039,6.553,69.18,4.1080000000000005,37.283,11.777999999999999,4.422000000000001,4.092,12.811,4.664,4.199,4.119,4.102,7.848
13/10/2019,17.102,7.079,14.875,3.9130000000000003,4.7,4.224,5.859,6.633000000000001,4.2379999999999995,12.954,4.715,6.3580000000000005,6.471,4.678,15.055,4.44,3.822,12.315999999999999,4.053,303.18899999999996,39.097,3.886,3.893,8.690999999999999,4.84,4.082,5.045,3.837,160.664,3.902,8.181,4.266,14.582,31.985,3.923,28.632,10.435,6.0329999999999995,3.906,11.285,4.493,4.021,3.941,4.035,7.05
14/10/2019,16.391,7.257000000000001,13.571,3.7460000000000004,4.458,3.9610000000000003,5.382,6.21,4.036,12.335,4.645,5.725,5.914999999999999,4.435,13.493,4.247,3.649,11.350000000000001,3.887,69.143,30.555,3.716,3.716,9.006,4.721,3.939,4.596,3.6689999999999996,42.933,3.7590000000000003,7.211,4.248,25.85,25.585,3.757,23.782,9.128,6.906,3.73,9.829,4.22,3.846,3.7689999999999997,3.8970000000000002,6.343
15/10/2019,16.394,6.898,12.154,3.7239999999999998,4.126,3.7249999999999996,5.176,5.622,4.027,11.408,4.458,5.324,5.3260000000000005,4.156,12.359,4.002,3.485,10.285,3.723,41.702,26.934,3.559,3.544,9.594,4.416,3.785,4.2459999999999996,3.506,32.614000000000004,5.518,6.369999999999999,4.1,28.352,22.168,3.5940000000000003,20.167,8.129999999999999,6.978,3.558,8.723,3.908,3.678,3.601,3.7119999999999997,5.691
16/10/2019,17.728,6.258000000000001,11.254999999999999,3.7409999999999997,3.846,3.523,4.87,5.055,4.014,10.344999999999999,4.212,5.024,4.836,3.858,11.204,3.777,3.372,9.143,3.566,34.691,23.069,3.431,3.383,11.244,4.113,4.349,4.021,3.346,85.015,6.25,5.673,4.554,24.466,19.207,3.436,18.076,7.244999999999999,6.561999999999999,3.395,7.741,3.611,3.584,3.442,3.52,5.105
17/10/2019,17.614,5.531000000000001,11.767,3.614,3.59,3.347,4.492,4.550000000000001,4.059,9.184,3.947,4.668,4.4399999999999995,3.5999999999999996,9.966999999999999,3.817,3.2249999999999996,8.172,3.41,28.913,19.932,3.2760000000000002,3.225,11.697,3.774,4.551,4.304,3.189,108.94900000000001,6.2669999999999995,5.13,4.872,21.688,17.409,3.289,16.168,6.453,5.932,3.2359999999999998,6.888,3.362,3.5810000000000004,3.2849999999999997,4.9670000000000005,4.652
18/10/2019,15.885000000000002,4.865,11.756,3.416,3.37,3.196,4.173,4.129,8.658000000000001,8.02,3.6799999999999997,4.272,4.093,3.375,8.809,4.21,3.155,7.367000000000001,3.262,24.74,17.766,4.223000000000001,3.0730000000000004,11.347999999999999,3.5490000000000004,4.334,4.923,3.0380000000000003,43.202,5.928000000000001,4.689,4.8469999999999995,18.892,15.814,3.144,14.32,5.993,5.292,3.085,6.202,3.149,3.442,3.1350000000000002,5.329,4.366
19/10/2019,14.287,4.303,11.117,3.186,3.288,3.048,3.899,3.7939999999999996,10.929,7.005,3.5709999999999997,3.914,3.791,3.201,7.664000000000001,4.154,6.057,6.675000000000001,3.13,21.912,15.888000000000002,4.304,2.925,11.122,3.346,3.9479999999999995,5.067,2.895,32.065,5.243,4.314,4.644,16.34,14.266,3.006,12.604000000000001,6.254,4.688,2.939,5.697,2.987,3.3729999999999998,2.993,7.448,4.123
20/10/2019,12.98,3.839,10.163,2.9610000000000003,3.1500000000000004,2.9050000000000002,3.663,3.63,10.137,6.177,3.432,3.668,3.558,3.4570000000000003,6.701,3.8529999999999998,7.19,6.026999999999999,3.12,19.427,14.547,4.067,2.79,10.245999999999999,3.167,3.6189999999999998,4.795,2.758,28.915,4.601,4.022,4.3309999999999995,14.704,12.903,2.872,11.055,6.7330000000000005,4.172,2.8,5.254,2.844,3.2,2.852,7.925,3.9130000000000003
21/10/2019,11.562000000000001,3.453,9.146,2.7769999999999997,2.985,2.8179999999999996,4.574,4.518000000000001,8.94,5.552,3.178,3.4619999999999997,3.412,3.459,5.929,3.5839999999999996,7.089,5.436999999999999,2.989,17.194,21.311999999999998,3.6980000000000004,2.658,9.119,3.0189999999999997,3.363,4.36,2.625,34.084,4.039,3.854,3.9669999999999996,13.106,11.575,2.741,9.667,6.891,3.742,2.661,6.048,2.708,3.008,2.717,7.305,3.746
22/10/2019,10.129999999999999,3.179,8.243,2.641,2.823,2.963,5.155,4.6530000000000005,8.05,5.088,2.967,3.2809999999999997,3.276,3.33,5.309,3.569,6.541,4.888,2.8449999999999998,15.153,27.64,3.323,2.5300000000000002,8.167,2.885,3.1129999999999995,3.9419999999999997,2.888,51.05800000000001,3.568,3.699,3.62,11.56,10.298,2.6180000000000003,8.493,6.672,3.37,2.524,6.425,6.031,2.825,3.313,6.599,3.589
23/10/2019,8.829,3.042,7.667,2.511,2.689,2.849,5.443,4.385,7.25,4.684,2.846,3.13,3.144,3.137,4.8,3.4330000000000003,5.823,4.414,2.684,13.318,26.793999999999997,3.0749999999999997,2.4059999999999997,7.366999999999999,2.7550000000000003,2.904,3.8529999999999998,2.7800000000000002,57.018,3.2119999999999997,3.55,3.287,10.076,9.082,2.4979999999999998,7.518,6.253,3.169,2.396,6.3180000000000005,71.742,2.668,4.081,5.9719999999999995,3.436
24/10/2019,7.881,2.9090000000000003,75.44999999999999,2.393,5.478,2.662,5.421,4.026,6.475,4.335,2.725,2.997,3.048,2.926,4.4,3.2279999999999998,5.061,4.128,2.581,11.714,24.172,2.839,2.291,6.602,2.633,2.7319999999999998,3.8739999999999997,2.5460000000000003,34.378,3.12,10.013,2.964,8.716999999999999,8.008,3.8659999999999997,6.714,5.683,2.9960000000000004,2.272,5.927,82.871,2.548,3.981,5.329000000000001,3.2880000000000003
25/10/2019,8.052,2.779,130.599,2.278,15.908000000000001,2.508,5.858,3.6159999999999997,5.771,4.053,2.607,2.871,2.9109999999999996,2.912,5.345,3.01,4.369,3.891,2.473,10.387,21.814,2.64,2.189,5.876,2.614,2.58,3.6980000000000004,2.348,28.458000000000002,2.98,15.55,2.706,7.569,7.122,4.574,6.048,5.434,2.854,2.154,5.749,33.594,3.3440000000000003,4.01,4.728,3.144
26/10/2019,8.055,2.6559999999999997,97.089,2.16,24.864,2.3520000000000003,5.771000000000001,3.314,5.198,3.806,2.505,2.75,3.585,2.719,5.602,2.795,3.76,3.8259999999999996,2.391,9.286,19.784,2.468,2.083,5.212,2.749,2.4539999999999997,3.448,2.22,24.483999999999998,2.745,15.523,2.496,6.622,6.429,4.516,5.5040000000000004,8.054,2.7319999999999998,2.04,5.355,24.218,4.438,3.807,4.175,3.004
27/10/2019,8.246,2.539,57.797000000000004,2.048,23.747,2.215,5.351999999999999,4.3919999999999995,4.652,3.608,3.2889999999999997,2.636,11.009,2.5090000000000003,5.431,2.613,3.248,3.6959999999999997,2.488,8.356,18.177999999999997,2.329,1.979,4.656,2.717,2.336,3.176,2.125,21.263,2.607,13.579,2.324,5.829000000000001,5.84,4.044,5.383,8.974,2.62,1.932,4.882,19.533,4.649,3.532,3.6979999999999995,2.871
28/10/2019,8.359,2.425,62.489999999999995,1.942,20.999000000000002,2.112,4.8870000000000005,11.116,4.1370000000000005,3.5909999999999997,4.33,2.524,23.081,2.34,5.067,3.3689999999999998,2.896,3.523,2.44,7.583,17.053,2.221,1.88,4.169,2.586,2.224,2.916,2.498,19.072,2.499,12.31,2.184,5.194999999999999,7.689,3.5679999999999996,7.8309999999999995,7.781000000000001,4.061999999999999,1.825,4.417,16.113,5.34,3.177,3.384,2.742
29/10/2019,8.433,2.402,34.69,1.84,18.418,2.012,4.799,16.368000000000002,3.819,4.0280000000000005,4.503,2.4379999999999997,31.308,2.1950000000000003,4.629,3.484,2.673,3.3629999999999995,2.296,6.961,15.940999999999999,2.12,1.787,3.8289999999999997,2.408,2.118,4.106,4.133,17.097,2.441,11.401,2.092,4.68,8.496,3.085,9.105,6.824,4.583,1.721,4.003,13.921,5.277,2.947,3.0810000000000004,2.6189999999999998
30/10/2019,8.138,2.389,28.073,1.741,15.976,1.916,4.566,15.347,3.537,4.3919999999999995,4.8180000000000005,2.51,31.535000000000004,2.1390000000000002,4.428,3.363,2.489,3.191,2.1430000000000002,6.4670000000000005,14.773,2.687,1.694,3.7409999999999997,2.2430000000000003,2.013,4.697,4.907,15.235,2.707,10.426,2.0,4.279,8.299,2.645,9.089,6.2829999999999995,4.577,1.621,3.677,12.009,4.776,2.716,2.83,2.501
31/10/2019,7.715,2.382,24.151000000000003,1.6509999999999998,14.24,1.825,4.118,13.591000000000001,3.226,4.312,5.0649999999999995,2.564,28.802,2.041,4.1129999999999995,3.402,3.161,3.027,2.004,6.854,13.622,3.112,1.6019999999999999,5.813000000000001,2.097,1.915,4.755000000000001,5.051,13.514,3.4450000000000003,10.331999999999999,1.913,3.957,13.536,2.286,8.915000000000001,5.771,4.905,1.5230000000000001,3.466,10.155000000000001,4.220000000000001,2.946,5.174,2.39
01/11/2019,7.257,2.356,20.981,1.5579999999999998,12.870000000000001,1.735,3.681,12.764,2.956,4.07,5.2,2.653,26.418,1.9180000000000001,3.849,3.349,3.1660000000000004,2.882,1.877,7.154,12.594,4.273,1.666,6.8020000000000005,1.964,1.82,4.543,4.857,11.955,3.596,10.84,1.823,3.723,19.253,2.105,8.440999999999999,5.265000000000001,4.712,1.4300000000000002,3.318,8.642,3.624,2.917,12.815000000000001,2.284
02/11/2019,7.020999999999999,2.23,18.675,1.4689999999999999,11.539,1.649,3.431,13.303,2.7439999999999998,3.755,5.4719999999999995,3.034,24.137,1.809,3.591,7.757000000000001,3.004,2.761,1.794,7.0329999999999995,11.742999999999999,8.68,1.621,7.054,1.855,1.7309999999999999,4.3,4.482,10.773,3.4290000000000003,10.709,1.736,4.293,20.418,1.98,7.78,4.807,4.242,1.4889999999999999,3.186,7.399,3.091,2.883,17.486,2.178
03/11/2019,6.568,2.059,16.833,1.383,10.376000000000001,1.566,3.996,13.035,2.564,3.4250000000000003,6.057,2.963,21.471,1.736,3.351,10.908999999999999,2.723,2.673,1.713,6.724,11.302999999999999,11.324,1.5030000000000001,7.074,1.769,1.6420000000000001,4.226,4.027,9.616,3.133,10.189,1.652,4.474,18.823999999999998,1.8940000000000001,7.027,4.441,3.7350000000000003,1.608,3.0580000000000003,6.337999999999999,2.628,2.726,15.402999999999999,2.075
04/11/2019,6.042,1.918,15.696,1.299,9.499,1.4849999999999999,4.382,12.236,2.415,3.175,7.051,2.774,18.86,2.023,3.151,10.402000000000001,2.508,2.564,1.6320000000000001,6.337,10.764,10.484,1.39,16.946,1.6869999999999998,1.5619999999999998,4.007,3.511,8.621,2.87,9.805,1.5750000000000002,4.455,17.107,1.81,6.25,4.1049999999999995,3.255,1.529,2.934,5.454,2.299,2.523,13.943999999999999,1.9769999999999999
05/11/2019,5.493,1.818,15.576999999999998,1.2189999999999999,8.525,1.427,5.928,11.363,2.302,3.007,7.462,2.6399999999999997,16.999000000000002,2.403,3.1199999999999997,9.271999999999998,2.345,2.4530000000000003,1.554,5.9350000000000005,10.190999999999999,9.809000000000001,1.283,101.0,1.618,1.484,3.7439999999999998,3.762,7.787,2.668,9.765,1.4969999999999999,4.346,16.898,1.725,5.721,3.806,2.8259999999999996,1.458,2.8160000000000003,7.17,2.136,2.289,15.415,1.88
06/11/2019,5.079000000000001,1.729,15.598,1.145,7.507999999999999,1.393,7.378,10.368,2.194,4.321,7.479000000000001,3.407,15.797,2.269,3.487,8.268,2.1639999999999997,2.4,1.48,6.193,9.808,9.154,1.211,161.55,3.365,1.408,3.638,3.855,7.028,2.489,9.253,1.423,4.158,16.519,1.646,5.177,3.543,2.452,1.32,6.68,8.879999999999999,1.999,2.061,15.267,1.788
07/11/2019,4.644,1.916,15.141,1.0739999999999998,6.532,1.331,7.438000000000001,9.345,2.0919999999999996,5.1,7.381,6.1419999999999995,15.029,2.043,3.39,7.384,2.015,2.29,1.41,6.202,9.526,8.336,1.142,85.031,3.89,1.813,3.504,3.713,6.388,2.617,8.589,1.3519999999999999,3.927,15.453,1.565,4.683,3.68,2.8280000000000003,1.191,8.633,9.549,1.888,1.879,13.146,1.7
08/11/2019,4.24,2.303,15.119,1.004,5.994999999999999,1.252,7.1,8.471,1.994,5.304,7.144,19.45,14.077,1.7630000000000001,3.125,6.5009999999999994,1.893,2.178,1.342,6.225,9.076,7.472,1.075,44.042,3.7399999999999998,1.972,4.108,3.352,5.878,2.512,8.163,1.284,3.729,16.669,1.489,4.281,3.524,8.34,1.075,8.036000000000001,10.015,1.805,1.733,16.981,1.776
09/11/2019,3.855,2.26,14.824000000000002,0.9359999999999999,5.723,1.194,7.45,7.946000000000001,1.964,5.390000000000001,6.843,26.482,13.052999999999999,1.617,2.8579999999999997,5.7170000000000005,4.319,2.082,1.276,6.7989999999999995,8.643,6.995,1.0110000000000001,39.457,3.8609999999999998,1.991,4.769,2.9299999999999997,5.507,2.383,7.907,1.22,3.629,17.324,1.417,4.31,3.293,11.637,1.0150000000000001,6.879,15.479,1.722,1.73,19.394000000000002,1.703
10/11/2019,3.5429999999999997,2.072,14.14,0.887,6.7059999999999995,1.139,8.014,7.340999999999999,1.877,5.1080000000000005,6.579000000000001,22.681,12.012,1.493,2.621,5.013,7.475,1.9969999999999999,2.6609999999999996,7.014,8.100000000000001,6.414000000000001,0.944,34.051,3.754,1.91,5.0,2.553,5.548,2.3289999999999997,7.6240000000000006,1.1560000000000001,3.466,15.639999999999999,1.349,4.193,3.051,11.52,1.686,6.099,18.269,1.647,1.694,17.728,1.5859999999999999
11/11/2019,3.304,1.891,13.296999999999999,0.837,7.129999999999999,1.085,8.187999999999999,6.648,1.781,4.676,6.595,19.744,11.158,1.377,2.428,4.4030000000000005,11.264,1.9289999999999998,5.913,6.912999999999999,7.525,6.422000000000001,0.8740000000000001,28.639,3.546,1.7570000000000001,5.018,2.275,5.432,2.239,7.122,1.095,3.275,14.736,1.2890000000000001,3.982,3.108,15.748,2.246,5.516,16.236,1.576,1.5949999999999998,16.663,2.441
12/11/2019,3.5300000000000002,1.724,12.399999999999999,0.878,7.177,1.0310000000000001,8.120999999999999,5.944,1.682,4.327,6.463,17.329,10.975999999999999,1.306,2.689,3.8979999999999997,12.291,1.848,7.593,6.559,7.074,7.086,0.8049999999999999,24.341,3.457,1.581,4.912,2.655,5.407,2.1559999999999997,6.5809999999999995,3.11,3.13,14.312,1.2269999999999999,3.73,2.8689999999999998,21.143,2.313,4.938000000000001,14.198,1.505,1.495,15.597999999999999,2.923
13/11/2019,5.372,1.587,11.559999999999999,0.824,8.045,0.977,8.017,5.292,1.6019999999999999,4.263,6.599,15.74,12.008000000000001,1.2389999999999999,2.676,3.4859999999999998,11.184000000000001,1.777,6.733,6.058999999999999,6.912,7.443,0.74,21.134999999999998,3.269,1.3900000000000001,4.8580000000000005,7.731,5.3260000000000005,2.796,5.956,4.252000000000001,2.985,13.608,1.1680000000000001,3.478,2.6109999999999998,21.657,2.13,4.413,12.557,1.437,1.4,15.243,2.8979999999999997
14/11/2019,6.696,1.475,10.698,0.8340000000000001,8.104,0.9229999999999999,8.513,4.757,1.525,7.5760000000000005,6.313000000000001,14.658999999999999,13.277000000000001,1.178,2.61,3.153,9.974,1.709,7.593,5.574,6.678,7.34,0.677,18.714,3.052,1.221,4.715,10.347999999999999,6.255,2.88,5.328,4.8,2.828,12.721,1.1099999999999999,3.223,2.4130000000000003,19.485,1.948,3.9370000000000003,11.184999999999999,1.371,1.33,14.344000000000001,2.694
15/11/2019,7.363,1.383,9.838000000000001,1.359,7.655,0.867,9.524,4.795,1.453,13.286999999999999,5.832,13.812,13.323,1.12,2.507,3.607,9.479,1.677,9.753,5.123,6.304,6.955,0.63,16.821,2.893,1.089,4.524,9.715,6.788,2.775,4.765000000000001,4.79,2.7030000000000003,11.832999999999998,1.055,3.026,2.298,17.902,1.693,3.617,10.59,1.307,1.377,13.112000000000002,2.3920000000000003
16/11/2019,7.997,1.309,9.015,1.311,7.119999999999999,0.815,11.405,5.357,1.386,17.546,5.29,13.975999999999999,12.588,1.067,2.3840000000000003,4.1579999999999995,8.81,1.638,11.187999999999999,4.76,5.897,6.3790000000000004,0.7010000000000001,15.094,2.682,0.984,4.181,8.629,6.938000000000001,2.5620000000000003,4.292,4.4510000000000005,5.513,10.874,1.246,2.872,2.205,16.264,1.424,3.324,9.82,1.246,1.343,11.948,2.066
17/11/2019,8.455,1.255,8.297,1.1280000000000001,6.536,0.7649999999999999,12.144,5.5169999999999995,1.324,17.759999999999998,4.901,15.117999999999999,11.95,1.014,2.259,4.416,7.87,1.57,10.771,4.441,5.483,5.754,0.672,13.564,2.492,0.896,3.8249999999999997,7.773,7.2780000000000005,2.3449999999999998,3.9019999999999997,3.9320000000000004,6.553,9.938,1.347,2.742,2.122,14.463999999999999,1.197,3.057,8.99,1.185,1.2530000000000001,10.738,1.879
18/11/2019,8.639000000000001,1.204,7.718,0.889,5.931,0.7170000000000001,11.698,5.37,1.2770000000000001,16.548,4.537,16.466,11.258000000000001,0.9590000000000001,2.129,4.386,6.994,1.489,10.939,4.134,5.088,5.577,0.65,12.191,2.4530000000000003,0.8420000000000001,3.516,7.131,10.83,2.2430000000000003,3.571,3.3819999999999997,5.69,8.997,1.6949999999999998,2.629,2.043,13.463000000000001,1.022,2.81,8.198,1.1219999999999999,1.16,9.544,1.7000000000000002
19/11/2019,8.661,2.337,7.835999999999999,0.794,5.351,0.671,11.411999999999999,4.976,1.226,14.893,4.1850000000000005,16.471,10.372,0.907,2.0100000000000002,4.244,6.132,1.4329999999999998,11.540999999999999,3.867,4.714,5.197,0.623,10.894,4.013,0.799,4.445,6.404,12.436,2.199,3.288,2.88,4.965,8.134,1.996,2.532,1.967,12.52,0.8859999999999999,2.589,7.477,1.065,1.075,8.442,1.533
20/11/2019,8.928,2.9299999999999997,7.744,0.721,4.837999999999999,0.6499999999999999,11.647,4.571,1.488,13.503,3.813,15.559000000000001,9.448,0.859,1.9080000000000001,4.13,5.378,1.388,11.520999999999999,3.701,4.36,4.728,0.649,9.715,4.684,0.786,5.002,6.225,11.817,2.105,3.1980000000000004,2.443,4.636,7.349,2.518,2.443,1.8940000000000001,14.129,0.812,2.394,6.82,1.0070000000000001,1.0190000000000001,7.406,1.399
21/11/2019,9.048,3.0629999999999997,7.44,0.68,4.386,0.761,11.298,4.175,1.5670000000000002,12.907,3.451,15.466999999999999,8.547,0.815,3.441,3.848,4.938,1.367,11.027,3.832,4.062,4.207,0.7110000000000001,8.706,4.6530000000000005,0.773,5.138999999999999,5.725,11.013,1.984,3.075,2.6100000000000003,4.359999999999999,6.638,2.633,2.359,1.824,14.626999999999999,0.788,2.232,6.188000000000001,0.955,0.9650000000000001,6.492,1.291
22/11/2019,9.041,3.026,7.02,0.663,3.988,0.764,10.661999999999999,3.819,1.522,12.053,3.145,15.008,7.688000000000001,0.772,4.173,3.5300000000000002,5.155,1.358,10.5,4.463,3.8200000000000003,3.757,0.807,7.823,4.2780000000000005,0.761,5.102,5.166,10.475,1.869,2.965,2.9829999999999997,4.07,5.998,2.582,2.278,1.758,13.172,0.768,2.097,5.616,0.9059999999999999,0.915,5.718,1.241
23/11/2019,9.033000000000001,2.851,6.609999999999999,0.653,3.6399999999999997,0.714,9.969,3.568,1.43,11.052999999999999,2.877,14.032,6.896000000000001,0.73,4.401,3.2800000000000002,5.129,1.3739999999999999,9.918999999999999,4.84,3.7390000000000003,3.326,0.899,7.051,3.864,0.748,4.9510000000000005,4.612,9.867,1.73,2.841,3.133,3.79,5.441000000000001,2.497,2.199,1.695,12.296,0.751,1.984,5.194,1.273,0.867,5.093,1.174
24/11/2019,10.328,2.601,6.2780000000000005,0.644,3.348,0.666,9.185,3.545,1.326,10.025,2.641,13.23,6.169,0.689,5.516,3.018,4.808999999999999,1.355,9.386,4.867,4.896,2.972,0.8640000000000001,6.392,3.4379999999999997,0.7370000000000001,4.712,4.109,9.418,1.607,2.747,3.2640000000000002,3.569,5.029999999999999,2.571,2.222,1.6360000000000001,11.36,0.7350000000000001,1.898,4.757,1.691,0.8220000000000001,4.587,1.105
25/11/2019,11.381,2.393,6.147,0.635,3.146,0.63,8.379,3.3689999999999998,1.2120000000000002,9.097999999999999,2.707,12.573,5.5169999999999995,0.663,6.045999999999999,2.776,4.354,1.28,8.838,4.745,5.458,2.677,0.781,5.8420000000000005,3.152,0.7270000000000001,4.359,3.67,8.785,1.4889999999999999,2.673,6.1240000000000006,3.367,4.629,2.721,2.157,1.58,10.498000000000001,0.72,1.816,4.37,1.829,0.783,4.18,1.047
26/11/2019,11.644,2.178,7.596,0.627,3.2489999999999997,0.641,7.645,3.1559999999999997,1.1260000000000001,8.405999999999999,2.693,12.052000000000001,4.9750000000000005,0.654,6.15,2.5860000000000003,3.901,1.205,8.239,4.725,5.603,2.977,0.714,5.418,2.8609999999999998,0.716,3.9239999999999995,3.35,8.059000000000001,1.379,2.659,9.417,3.233,4.279,2.818,2.0500000000000003,1.524,9.628,1.9939999999999998,1.74,4.147,1.75,0.745,3.8340000000000005,0.998
27/11/2019,11.616,5.146999999999999,9.35,0.62,3.174,0.631,6.901,3.008,1.05,7.719,2.545,11.442,4.505,0.646,5.997,2.393,3.4859999999999998,1.139,7.5040000000000004,5.308999999999999,5.507,4.345000000000001,0.665,5.414,2.612,0.706,3.527,3.0540000000000003,7.333,1.295,2.592,10.393,3.346,3.9850000000000003,2.781,1.951,1.467,9.394,2.451,1.6669999999999998,6.3469999999999995,1.541,0.716,3.544,0.95
28/11/2019,11.573,10.035,9.722,0.62,2.923,0.621,6.209,2.8289999999999997,0.987,7.083,2.379,10.648,4.118,0.638,5.6770000000000005,2.204,5.077,1.089,6.7540000000000004,5.7620000000000005,5.282,5.102,0.641,5.152,2.474,0.6970000000000001,3.177,2.7649999999999997,6.671,1.223,2.489,10.925,3.304,3.725,2.641,1.8559999999999999,1.4129999999999998,9.608,2.433,1.984,8.065999999999999,1.309,0.9790000000000001,3.2989999999999995,0.905
29/11/2019,11.373,14.31,8.952,0.62,2.686,0.62,5.682,2.64,0.9319999999999999,6.403,2.194,9.837,3.802,0.631,5.2669999999999995,2.068,36.528999999999996,1.07,6.11,5.827,4.939,5.3469999999999995,0.633,4.812,2.3449999999999998,0.6890000000000001,2.9059999999999997,2.533,6.056,1.164,2.366,15.053,3.21,3.5100000000000002,2.446,1.8659999999999999,1.405,9.811,2.2640000000000002,2.0069999999999997,8.897,1.199,1.089,3.776,0.859
30/11/2019,10.982000000000001,15.132000000000001,8.325,0.62,2.485,0.62,5.175,2.443,0.891,5.744,2.029,9.009,3.542,0.624,4.823,1.9460000000000002,48.338,1.03,5.908,5.705,4.515000000000001,5.273,0.625,4.486000000000001,2.238,0.68,2.7140000000000004,2.439,5.527,1.117,2.2430000000000003,17.313000000000002,3.125,3.3209999999999997,2.338,1.813,1.363,9.641,1.98,1.888,9.161,1.0830000000000002,1.089,4.071,0.8220000000000001
01/12/2019,10.554,14.105,7.74,0.62,2.325,0.62,4.6579999999999995,2.299,0.9650000000000001,5.141,1.984,8.209999999999999,3.575,0.621,4.341,1.817,32.722,0.995,5.729,5.551,4.145,4.998,0.619,4.186,2.107,0.672,2.558,2.4379999999999997,5.117,1.075,2.125,16.025,3.1790000000000003,3.2009999999999996,2.308,1.732,1.309,9.244,1.6960000000000002,1.791,9.088999999999999,0.964,1.087,4.133,0.79
02/12/2019,10.107,12.746,7.138999999999999,0.62,2.3689999999999998,0.918,4.186,2.293,1.3690000000000002,4.652,2.05,7.456,3.6830000000000003,0.621,3.916,1.7109999999999999,29.514000000000003,0.98,5.454,5.258,3.839,4.5969999999999995,0.618,3.9240000000000004,1.954,0.665,2.412,2.396,4.686,1.0350000000000001,2.023,13.933,3.128,3.088,2.29,1.6520000000000001,1.252,8.695,1.548,1.667,8.713000000000001,0.859,1.077,4.053,0.946
03/12/2019,9.645,11.769,6.518000000000001,0.62,2.279,1.006,3.787,2.178,1.396,4.345,2.242,6.96,3.7030000000000003,0.62,3.473,1.62,27.35,0.9570000000000001,5.177,4.99,3.732,4.114,0.618,3.727,1.803,0.657,2.2560000000000002,2.185,4.307,0.997,1.936,11.93,3.005,2.982,2.223,1.5839999999999999,1.21,8.036,1.451,1.537,8.136,0.837,1.052,3.894,1.057
04/12/2019,9.169,11.265999999999998,5.9559999999999995,0.619,2.162,1.027,3.9399999999999995,2.0580000000000003,1.311,5.304,2.609,6.762,3.899,0.62,3.085,1.557,27.043,0.919,4.939,5.038,3.545,3.602,0.618,3.5650000000000004,1.6640000000000001,0.65,2.109,1.996,3.978,0.958,2.032,10.292,2.852,2.879,2.098,1.5270000000000001,1.672,7.343,2.852,1.424,7.448,0.81,1.4740000000000002,3.673,1.048
05/12/2019,8.653,10.620000000000001,5.4559999999999995,0.619,2.054,0.972,4.986,1.973,1.143,5.955,3.341,6.756,3.891,0.722,2.754,1.492,25.928,0.881,4.575,5.05,3.365,3.237,0.617,3.415,1.545,0.643,1.984,1.826,3.676,0.921,2.034,9.244,2.697,2.779,1.9669999999999999,1.474,1.8940000000000001,6.9990000000000006,3.434,1.333,6.782,0.7809999999999999,1.366,3.548,1.033
06/12/2019,8.171,9.834,5.019,0.776,1.967,0.881,6.091,1.8929999999999998,1.057,6.2829999999999995,4.2010000000000005,6.744,3.891,0.744,2.474,1.437,22.351,0.853,4.167,4.958,3.2569999999999997,2.8979999999999997,0.616,3.268,1.439,0.637,2.241,1.719,3.4269999999999996,0.8859999999999999,1.932,9.1,2.586,2.68,1.827,1.422,1.966,6.91,3.4779999999999998,1.259,6.1819999999999995,0.7509999999999999,1.1949999999999998,3.264,0.992
07/12/2019,7.664000000000001,8.913,4.65,1.013,1.904,0.798,6.8100000000000005,1.827,0.964,6.324999999999999,5.222,6.736000000000001,4.135,0.726,2.247,1.3860000000000001,19.228,0.827,3.812,4.78,3.1189999999999998,2.603,0.624,3.1239999999999997,1.342,0.7070000000000001,3.032,1.642,3.408,0.8520000000000001,1.819,10.015,2.4989999999999997,2.588,1.69,1.3719999999999999,2.061,6.581,3.27,1.2069999999999999,5.760999999999999,0.7230000000000001,0.988,2.9779999999999998,0.915
08/12/2019,7.185,7.949,4.279,0.9229999999999999,1.8439999999999999,0.734,6.994,1.765,0.881,6.1819999999999995,5.5889999999999995,6.651,4.56,0.6900000000000001,2.051,1.3399999999999999,17.068,0.8009999999999999,3.558,4.472,2.992,2.448,0.785,2.988,1.256,0.7230000000000001,3.437,1.581,3.458,0.8190000000000001,1.705,10.243,2.3689999999999998,2.5,1.637,1.323,2.2,6.135,2.925,1.154,5.5409999999999995,0.7040000000000001,0.952,2.7359999999999998,0.8420000000000001
09/12/2019,6.756,7.005000000000001,3.949,0.7769999999999999,1.786,0.6880000000000001,6.882,1.703,0.8140000000000001,5.920999999999999,5.574,6.459,5.045999999999999,0.655,1.879,1.295,15.812000000000001,0.783,4.026,4.106,2.907,2.421,0.794,2.8629999999999995,1.179,0.6890000000000001,3.613,1.5299999999999998,3.567,0.788,1.687,9.699,2.226,2.41,1.666,1.2770000000000001,2.054,5.653,2.625,1.103,5.619999999999999,0.682,1.0090000000000001,2.652,0.786
10/12/2019,6.377,6.131,3.671,0.639,1.729,0.661,7.015000000000001,1.646,0.768,5.532,5.455,6.214,6.2059999999999995,0.629,1.7389999999999999,1.254,14.809,1.041,5.402,3.73,2.809,2.4989999999999997,0.7310000000000001,2.762,1.22,0.663,3.66,1.575,3.542,0.758,1.698,9.115,2.085,2.324,1.6540000000000001,1.23,1.8110000000000002,5.1739999999999995,2.3360000000000003,1.051,5.532,0.66,1.083,3.865,0.7410000000000001
11/12/2019,6.049,5.329,3.745,0.625,1.6789999999999998,0.653,7.303,1.592,0.742,5.07,5.364,6.102,6.7780000000000005,0.624,2.282,1.215,14.024000000000001,1.078,6.322,3.347,2.726,2.407,0.6880000000000001,2.665,1.204,0.634,3.4939999999999998,1.5139999999999998,3.564,0.73,1.7,8.422,1.949,2.239,1.5850000000000002,1.186,1.5879999999999999,4.792,2.068,1.004,5.35,0.736,1.44,5.587,0.7130000000000001
12/12/2019,5.75,4.609,3.71,0.62,2.126,0.65,7.109999999999999,1.54,0.7310000000000001,4.599,5.279999999999999,5.971,6.997999999999999,0.619,2.383,1.175,13.103,1.0710000000000002,6.847,3.021,2.674,2.241,0.646,2.576,1.166,0.629,3.274,1.44,3.5469999999999997,0.7090000000000001,1.687,7.686,1.823,2.1599999999999997,1.495,1.145,1.389,4.429,1.808,0.9570000000000001,5.207,0.76,1.573,6.808,0.7010000000000001
13/12/2019,5.449,4.088,3.686,0.617,2.3120000000000003,0.644,6.702,1.49,0.7210000000000001,4.128,5.1850000000000005,5.84,7.105,0.618,2.299,1.1360000000000001,12.131,1.0939999999999999,7.164999999999999,2.749,2.7009999999999996,2.065,0.639,2.488,1.121,0.624,2.995,1.366,3.352,0.7000000000000001,1.665,7.0,1.762,2.085,1.401,1.106,1.232,4.08,1.5819999999999999,0.9119999999999999,5.138999999999999,0.7120000000000001,1.536,7.5520000000000005,0.6910000000000001
14/12/2019,5.12,3.7830000000000004,3.638,0.617,2.305,0.638,6.197,1.443,0.71,3.708,5.031000000000001,5.694,7.292,0.617,2.161,1.0979999999999999,11.152999999999999,1.065,7.3260000000000005,2.5189999999999997,3.185,1.905,0.627,2.404,1.055,0.619,2.683,1.325,3.1189999999999998,0.6920000000000001,1.76,6.4559999999999995,1.7730000000000001,2.012,1.309,1.066,1.111,3.7670000000000003,1.428,0.869,5.025,0.647,1.408,7.797,0.681
15/12/2019,4.759,3.41,3.46,0.617,2.492,0.633,5.707000000000001,1.397,0.7010000000000001,3.354,5.596,5.605,7.4079999999999995,0.617,2.006,1.0619999999999998,10.205,1.001,7.316999999999999,2.332,3.406,1.833,0.621,2.322,0.9990000000000001,0.618,2.41,1.284,2.879,0.683,1.833,6.071,1.7429999999999999,1.944,1.557,1.023,1.048,3.444,1.5059999999999998,0.828,4.879,0.634,1.2280000000000002,7.622,0.671
16/12/2019,4.377,3.217,3.2479999999999998,0.617,2.99,0.628,5.66,1.357,0.6910000000000001,3.05,6.8309999999999995,6.557,7.434,0.617,1.8599999999999999,1.0270000000000001,9.519,0.925,7.374,2.182,3.49,1.736,0.615,2.245,0.9530000000000001,0.681,2.178,1.244,2.67,0.676,1.976,5.7829999999999995,1.767,1.8780000000000001,1.627,0.9850000000000001,2.483,3.171,1.4969999999999999,0.787,4.699,0.625,1.0699999999999998,7.205,0.662
17/12/2019,4.021,3.14,3.051,0.617,3.545,0.6960000000000001,5.523,1.3139999999999998,0.683,2.7939999999999996,7.511,7.022,7.351,0.617,1.7519999999999998,0.994,8.773,0.844,7.2459999999999996,2.058,3.7560000000000002,1.723,0.615,2.169,0.918,0.772,1.987,1.2029999999999998,2.515,0.667,2.09,5.707000000000001,1.797,1.816,1.6159999999999999,0.9470000000000001,3.552,2.928,1.4500000000000002,0.747,4.491,0.62,1.2149999999999999,6.637,0.654
18/12/2019,3.7039999999999997,3.073,2.885,0.617,3.8609999999999998,0.747,5.208,1.272,0.675,2.577,7.799,7.1419999999999995,7.06,0.617,1.653,0.9630000000000001,8.046,0.788,6.889,1.95,4.927,1.7409999999999999,0.615,2.1,0.89,0.812,1.826,1.165,2.388,0.661,1.988,5.9670000000000005,1.8170000000000002,1.754,1.563,0.911,4.325,2.739,1.391,0.711,4.205,0.62,1.1720000000000002,6.013,0.645
19/12/2019,3.4090000000000003,3.148,2.851,0.617,4.034,0.728,4.827999999999999,1.229,0.668,2.4059999999999997,7.718,6.948,6.63,1.458,1.553,0.933,7.353,0.749,6.4399999999999995,1.887,5.916,1.816,0.615,2.031,0.8720000000000001,0.8240000000000001,1.699,1.1280000000000001,2.2760000000000002,0.654,1.85,6.6080000000000005,1.859,1.694,1.573,0.877,4.8740000000000006,2.564,1.3319999999999999,0.6779999999999999,3.9000000000000004,0.62,1.079,5.369,0.637
20/12/2019,3.125,3.085,3.3499999999999996,0.616,4.042,0.6910000000000001,4.415,1.19,0.66,2.265,7.7620000000000005,6.604,6.134,1.693,1.464,0.905,7.008,0.72,5.924,1.829,6.473000000000001,1.848,0.615,1.968,0.8540000000000001,0.815,1.7269999999999999,1.097,2.1710000000000003,0.649,1.7,7.279,1.837,1.637,1.532,0.8430000000000001,5.173,2.417,1.228,0.6679999999999999,3.6799999999999997,0.62,1.2109999999999999,4.727,0.629
21/12/2019,2.893,2.909,3.51,0.62,3.951,0.659,4.041,1.149,0.654,2.147,7.755,6.172000000000001,5.617,1.702,1.3940000000000001,0.8779999999999999,7.106,0.7000000000000001,5.356999999999999,1.7750000000000001,6.667,1.866,0.614,1.91,0.837,0.785,1.8489999999999998,1.063,2.08,0.643,1.552,7.681,1.787,1.5819999999999999,1.461,0.812,5.337000000000001,2.317,1.124,0.659,3.5460000000000003,0.62,1.2890000000000001,4.128,0.624
22/12/2019,2.713,2.676,3.4240000000000004,0.616,3.909,0.634,3.6820000000000004,1.11,0.646,2.075,8.122,5.703,5.11,1.5839999999999999,1.3359999999999999,0.851,7.679,0.6910000000000001,4.7940000000000005,1.8139999999999998,6.561,1.8900000000000001,0.614,1.851,0.821,0.743,1.818,1.03,1.999,0.637,1.584,7.873,1.768,1.529,1.433,0.786,5.428,2.238,1.037,0.648,3.439,0.62,1.181,3.688,0.62
23/12/2019,2.563,2.446,3.245,0.616,3.814,0.626,3.8069999999999995,1.072,0.64,2.007,8.289,5.226,4.615,1.373,1.284,0.827,8.091,0.684,4.256,1.748,6.273,1.8820000000000001,0.614,1.871,0.804,0.724,1.67,0.997,1.947,0.631,1.54,7.885999999999999,1.718,1.479,1.3780000000000001,0.761,5.773000000000001,2.208,0.966,0.639,3.335,0.62,1.039,3.536,0.62
24/12/2019,2.436,2.247,3.136,0.616,3.5820000000000003,0.622,4.067,1.037,0.633,1.942,8.374,4.75,4.152,1.24,1.247,0.802,8.334,0.677,3.766,1.667,6.235,1.9889999999999999,0.614,2.027,0.789,0.736,1.526,0.966,1.92,0.624,1.49,7.7749999999999995,1.649,1.428,1.304,0.736,6.119999999999999,2.194,0.913,0.631,3.26,0.62,0.898,3.439,0.619
25/12/2019,2.327,2.083,3.101,0.616,3.278,0.626,4.27,1.0050000000000001,0.626,1.879,8.185,4.257,3.756,1.107,1.21,0.777,8.241999999999999,0.671,3.343,1.592,5.993,2.307,0.614,2.1310000000000002,0.775,0.773,1.407,0.9390000000000001,1.8599999999999999,0.619,1.491,7.574,1.5619999999999998,1.382,1.218,0.7110000000000001,6.106999999999999,2.094,0.869,0.623,3.269,0.62,0.808,3.345,0.619
26/12/2019,2.217,1.935,3.0869999999999997,0.616,2.934,0.708,4.577,0.9730000000000001,0.62,1.817,7.75,3.83,3.4850000000000003,0.99,1.172,0.8140000000000001,8.028,0.665,2.9949999999999997,1.55,5.627000000000001,2.613,0.612,1.983,0.761,0.802,1.311,0.916,1.7890000000000001,0.619,1.4540000000000002,7.3469999999999995,1.471,1.336,1.1400000000000001,0.6920000000000001,5.828,1.9949999999999999,0.845,0.623,3.352,0.635,0.766,3.1189999999999998,0.618
27/12/2019,2.11,1.807,3.003,0.615,2.606,0.718,4.683,0.9430000000000001,0.62,1.7590000000000001,7.204000000000001,3.472,3.386,0.89,1.138,0.889,7.715,0.658,2.7110000000000003,1.507,5.2139999999999995,2.904,0.612,1.832,0.75,0.8140000000000001,1.412,0.893,1.7229999999999999,0.619,1.3900000000000001,7.083,1.392,1.292,1.07,0.669,5.4079999999999995,1.9200000000000002,0.827,0.622,3.3240000000000003,0.6910000000000001,0.744,2.851,0.618
28/12/2019,2.041,1.698,2.878,0.614,2.323,0.6920000000000001,4.673,0.9099999999999999,0.619,1.702,6.6209999999999996,3.17,3.3529999999999998,0.823,1.104,0.953,7.298,0.653,2.483,1.528,4.782,3.263,0.612,1.705,0.7390000000000001,0.781,1.695,0.87,1.6600000000000001,0.619,1.339,6.748,1.312,1.2489999999999999,1.008,0.647,4.925,1.8559999999999999,0.8109999999999999,0.622,3.141,0.875,0.7330000000000001,2.5900000000000003,0.618
29/12/2019,1.98,1.6190000000000002,2.726,0.614,2.087,0.665,4.478,0.8779999999999999,0.618,1.6469999999999998,6.038,3.225,3.196,0.773,1.071,0.889,7.312,0.648,2.294,1.684,4.3660000000000005,3.569,0.612,1.583,0.7290000000000001,0.74,1.845,0.848,1.608,0.618,1.278,6.335,1.225,1.211,0.9550000000000001,0.625,4.4079999999999995,1.795,0.795,0.622,2.914,0.87,0.722,2.372,0.618
30/12/2019,1.924,1.573,2.5340000000000003,0.614,1.891,0.682,4.193,0.8490000000000001,0.618,1.593,5.444999999999999,3.3739999999999997,2.986,0.75,1.042,0.822,7.186999999999999,0.644,2.143,2.951,4.131,3.54,0.611,1.5180000000000002,0.7190000000000001,0.7050000000000001,1.8880000000000001,0.827,1.5579999999999998,0.618,1.217,5.914,1.142,1.172,0.912,0.625,3.893,1.7429999999999999,0.78,0.622,2.67,0.8150000000000001,0.712,2.172,0.617
31/12/2019,1.867,1.528,2.306,0.614,1.738,0.702,3.915,0.8190000000000001,0.618,1.543,4.8709999999999996,4.086,2.758,0.732,1.013,0.742,6.894,0.639,2.011,3.5909999999999997,4.14,3.3859999999999997,0.611,1.473,0.7090000000000001,0.677,1.818,0.808,1.51,0.618,1.161,5.509,1.062,1.136,0.874,0.625,3.386,1.69,0.766,0.622,2.4720000000000004,0.717,0.7030000000000001,2.01,0.617
01/01/2020,1.814,1.485,2.109,0.614,1.6139999999999999,0.683,3.787,0.79,0.618,1.494,4.316,4.734,2.545,0.7150000000000001,0.986,0.7110000000000001,6.503,0.635,1.915,3.809,4.012,3.18,0.611,1.428,0.6990000000000001,0.657,1.6969999999999998,0.7909999999999999,1.464,0.618,1.1199999999999999,5.148,0.989,1.102,0.8500000000000001,0.624,2.919,1.6360000000000001,0.753,0.621,2.3449999999999998,0.63,0.6940000000000001,1.873,0.617
02/01/2020,1.761,1.51,1.9420000000000002,0.614,1.512,0.66,3.482,0.768,0.618,1.45,3.81,5.115,2.365,1.137,0.957,0.6910000000000001,6.342,0.63,1.9300000000000002,3.788,4.4750000000000005,2.973,0.611,1.384,0.6900000000000001,0.648,1.599,0.7749999999999999,1.419,0.618,1.068,4.838,0.927,1.207,0.833,0.624,2.535,1.627,0.74,0.621,2.3529999999999998,0.618,0.686,1.7630000000000001,0.617
03/01/2020,1.709,1.488,1.822,0.614,1.431,0.639,3.139,0.756,0.618,1.414,3.369,5.1979999999999995,2.214,1.791,0.9319999999999999,0.6739999999999999,6.095000000000001,0.626,2.001,3.635,4.705,2.742,0.611,1.3410000000000002,0.681,0.643,1.5090000000000001,0.7589999999999999,1.377,0.617,1.041,4.772,0.889,1.186,0.8160000000000001,0.624,2.224,1.558,0.7270000000000001,0.621,2.333,0.618,0.678,1.6900000000000002,0.617
04/01/2020,1.659,1.567,1.741,0.614,1.355,0.696,2.8299999999999996,0.746,0.618,1.4889999999999999,3.008,5.07,2.3040000000000003,2.09,0.9059999999999999,1.542,5.8629999999999995,0.622,2.038,3.345,4.718,2.489,0.61,1.3,0.672,0.639,1.391,0.748,1.3339999999999999,0.617,1.014,4.4719999999999995,0.865,1.126,0.801,0.623,1.9809999999999999,1.501,0.716,0.621,2.308,0.618,0.671,1.641,0.616
05/01/2020,1.611,1.9289999999999998,1.686,0.614,1.3099999999999998,0.726,2.585,0.735,0.618,1.43,2.711,4.804,2.415,1.984,0.881,2.075,5.917999999999999,0.62,1.982,3.051,4.623,2.213,0.61,1.262,0.664,0.634,1.2850000000000001,0.732,1.2919999999999998,0.617,0.989,4.111,0.849,1.137,0.787,0.623,1.789,1.456,0.704,0.621,2.262,0.618,0.663,1.592,0.616
06/01/2020,1.565,2.39,1.6320000000000001,0.614,1.276,0.7110000000000001,2.371,0.722,0.617,1.335,2.474,4.737,2.4139999999999997,1.697,0.859,2.2510000000000003,6.167,0.619,1.899,2.7449999999999997,4.501,1.964,0.61,1.224,0.657,0.63,1.1920000000000002,0.7120000000000001,1.248,0.617,0.965,3.675,0.833,1.183,0.775,0.623,1.637,1.4140000000000001,0.6930000000000001,0.62,2.195,0.618,0.656,1.546,0.616
07/01/2020,1.5230000000000001,2.5580000000000003,1.5790000000000002,0.614,1.244,0.679,2.8600000000000003,0.7050000000000001,0.617,1.28,2.272,4.824,2.555,1.409,0.835,2.17,6.52,0.619,1.7999999999999998,2.447,4.3660000000000005,1.761,1.5779999999999998,1.188,0.65,0.625,1.151,0.6960000000000001,1.2069999999999999,0.617,0.943,3.3,0.8180000000000001,1.115,0.762,0.622,1.514,1.37,0.683,0.62,2.052,0.618,0.649,1.5,0.616
08/01/2020,1.485,2.482,1.5299999999999998,0.614,1.214,0.654,3.2710000000000004,0.6880000000000001,0.617,1.241,2.129,4.927,2.782,1.16,0.8140000000000001,1.9489999999999998,6.494000000000001,0.619,1.697,2.162,4.337,1.637,3.0,1.152,0.644,0.621,1.127,0.68,1.178,0.616,0.9209999999999999,3.205,0.802,1.024,0.8089999999999999,0.622,1.4089999999999998,1.3290000000000002,0.673,0.62,1.9009999999999998,0.617,0.643,1.4569999999999999,0.616
09/01/2020,1.448,2.317,1.484,0.613,1.1920000000000002,0.668,3.55,0.678,0.617,1.201,2.001,4.788,3.154,0.9540000000000001,0.79,1.757,6.282,0.618,1.6,1.9260000000000002,4.205,1.51,3.985,1.308,0.638,0.617,1.237,0.7589999999999999,1.133,0.616,0.899,3.1390000000000002,0.788,0.9550000000000001,0.848,0.622,1.336,1.2870000000000001,0.663,0.62,1.76,0.617,0.637,1.415,0.615
10/01/2020,1.413,2.1950000000000003,1.439,0.613,1.1680000000000001,0.781,3.597,0.669,0.617,1.162,1.8850000000000002,4.534000000000001,3.556,0.79,0.766,1.5150000000000001,5.9479999999999995,0.618,1.528,1.7389999999999999,3.975,1.39,4.917,1.763,0.632,0.613,1.333,0.79,1.095,0.615,0.878,3.205,0.775,0.929,0.8140000000000001,0.622,1.299,1.244,0.654,0.62,1.6349999999999998,0.617,0.631,1.375,0.615
11/01/2020,1.3780000000000001,2.121,1.399,0.613,1.189,1.216,3.511,0.663,0.617,1.125,1.797,4.221,3.891,0.742,0.744,1.437,5.58,0.618,1.4749999999999999,1.59,3.699,1.287,5.803,2.115,0.627,0.612,1.3290000000000002,0.9,1.058,0.615,0.857,3.262,0.763,0.908,0.718,0.622,1.264,1.206,0.645,0.619,1.527,0.872,0.625,1.3350000000000002,0.615
12/01/2020,1.3439999999999999,2.168,1.357,0.613,1.275,1.535,3.335,0.654,0.617,1.09,1.7399999999999998,4.083,4.074,0.716,0.7200000000000001,1.252,5.171,0.618,1.4340000000000002,1.468,3.4050000000000002,1.2,6.087,2.213,0.62,0.611,1.244,0.979,1.0230000000000001,0.615,0.8360000000000001,3.349,0.751,0.925,0.7090000000000001,0.735,1.2369999999999999,1.169,0.636,0.619,1.441,1.2590000000000001,0.619,1.294,0.614
13/01/2020,1.307,2.23,1.316,0.612,1.279,1.665,3.109,0.641,0.616,1.057,1.685,3.8729999999999998,3.955,0.692,0.6980000000000001,1.078,4.742,0.618,1.3940000000000001,1.363,3.11,1.164,5.949999999999999,2.087,0.615,0.611,1.155,0.9480000000000001,0.988,0.615,0.8160000000000001,3.4219999999999997,0.74,0.9620000000000001,0.6990000000000001,0.97,1.667,1.132,0.628,1.1609999999999998,1.4000000000000001,1.415,0.616,1.254,0.614
14/01/2020,1.272,2.1590000000000003,1.274,0.612,1.216,1.675,2.851,0.627,0.616,1.024,1.6340000000000001,3.742,3.6790000000000003,0.669,0.679,0.948,4.327999999999999,0.618,1.3559999999999999,1.276,2.827,1.24,5.434,1.863,0.615,0.611,1.122,0.877,0.956,0.614,0.798,3.462,0.7290000000000001,0.931,0.6900000000000001,1.779,1.8119999999999998,1.095,0.621,1.4089999999999998,1.3579999999999999,1.397,0.616,1.2169999999999999,0.614
15/01/2020,1.24,2.008,1.2309999999999999,0.612,1.161,1.615,2.69,0.622,0.616,0.992,1.5839999999999999,3.476,3.341,0.661,0.658,0.842,3.9290000000000003,0.618,1.3199999999999998,1.222,2.872,1.3259999999999998,4.723,1.664,0.615,0.611,1.078,0.794,0.925,0.614,0.7789999999999999,3.577,0.7190000000000001,0.885,0.682,5.703,1.7360000000000002,1.061,0.614,1.4509999999999998,1.3190000000000002,1.236,0.616,1.18,0.614
16/01/2020,1.21,1.822,1.193,0.611,1.1440000000000001,1.516,2.72,0.622,0.615,0.9610000000000001,1.536,3.182,2.9859999999999998,0.654,0.641,0.76,3.6470000000000002,0.617,1.2830000000000001,1.193,3.8310000000000004,1.263,3.985,1.471,0.615,0.61,1.017,0.722,0.8959999999999999,0.614,0.7589999999999999,3.6580000000000004,0.7090000000000001,0.851,0.674,10.821,1.605,1.027,0.614,1.292,1.28,1.078,0.616,1.145,0.614
17/01/2020,1.18,1.851,1.159,0.611,1.159,1.405,3.1879999999999997,0.622,0.615,0.929,1.4869999999999999,2.872,2.7560000000000002,0.646,0.627,0.7410000000000001,3.676,0.617,1.248,1.3780000000000001,4.242,1.186,3.318,1.306,0.615,0.61,0.9550000000000001,0.803,0.8660000000000001,0.614,0.7409999999999999,3.704,0.7000000000000001,0.8390000000000001,0.667,13.533999999999999,1.655,1.006,0.614,1.133,1.247,0.936,0.616,1.11,0.614
18/01/2020,1.15,1.767,1.149,0.611,1.305,1.357,3.795,0.622,0.615,0.895,1.4409999999999998,2.593,2.452,0.639,0.622,0.7210000000000001,3.817,0.617,1.216,1.708,4.367,1.103,2.778,1.208,0.615,0.61,0.8999999999999999,0.773,0.8360000000000001,0.614,0.7200000000000001,3.56,0.6910000000000001,0.8270000000000001,0.66,12.73,1.819,1.012,0.614,0.975,1.213,0.81,0.615,1.075,0.614
19/01/2020,1.1689999999999998,1.635,1.243,0.611,1.4769999999999999,1.42,4.194,0.621,0.614,0.869,1.395,2.35,2.189,0.633,0.622,0.7010000000000001,3.766,0.617,1.215,2.1,4.304,1.056,3.413,1.133,0.615,0.609,0.881,0.7130000000000001,0.8089999999999999,0.614,0.7020000000000001,3.323,0.682,0.8140000000000001,0.654,11.737,1.944,0.972,0.613,0.8250000000000001,1.182,0.7080000000000001,0.615,1.042,0.613
20/01/2020,1.136,1.5,1.277,0.611,2.319,1.466,4.4559999999999995,0.62,0.614,0.846,1.351,2.154,1.967,0.627,0.622,0.6819999999999999,3.6149999999999998,0.617,1.171,2.3739999999999997,4.13,1.034,4.587,1.042,0.615,0.609,0.8619999999999999,0.67,0.781,0.614,0.684,3.0500000000000003,0.675,0.799,0.646,11.389000000000001,1.917,0.9520000000000001,0.612,0.7030000000000001,1.148,0.6910000000000001,0.614,3.316,0.613
21/01/2020,1.0919999999999999,1.371,1.241,0.611,3.297,1.385,4.552,0.763,0.614,0.8230000000000001,1.307,1.98,1.7610000000000001,0.621,0.622,0.661,3.404,0.617,1.136,2.4899999999999998,3.883,1.042,5.633,0.992,0.615,0.609,0.8430000000000001,0.658,0.755,0.614,0.674,2.755,0.667,0.782,0.64,11.075000000000001,1.766,0.927,0.612,0.658,1.119,0.841,0.614,4.899,0.613
22/01/2020,1.133,1.266,1.158,0.61,3.7830000000000004,1.311,4.765,0.731,0.614,0.8,1.266,1.8439999999999999,1.6139999999999999,0.616,0.622,0.75,3.158,0.616,1.206,2.425,3.895,1.063,6.417,0.968,0.615,0.609,0.8240000000000001,0.646,0.73,0.614,0.663,2.472,0.663,0.766,0.634,10.36,1.589,0.904,0.612,0.64,1.092,1.152,0.614,5.587999999999999,0.613
23/01/2020,1.095,1.183,1.0739999999999998,0.61,3.9989999999999997,1.229,5.681,0.652,0.614,0.778,1.226,1.7329999999999999,1.613,0.612,0.621,0.793,2.888,0.616,1.1669999999999998,2.255,4.194,1.025,8.234,0.9460000000000001,0.615,0.609,0.805,0.635,0.7100000000000001,0.614,0.652,2.2190000000000003,0.6920000000000001,0.7889999999999999,0.629,9.408000000000001,1.432,0.881,0.612,0.619,1.071,1.224,0.614,5.694,0.613
24/01/2020,1.138,1.1079999999999999,1.0390000000000001,0.61,4.067,2.324,8.765,0.62,0.614,0.756,1.187,1.8190000000000002,1.634,0.612,0.62,0.866,2.799,0.616,1.109,2.011,4.24,0.973,9.843,0.923,0.614,0.608,0.787,0.624,0.6940000000000001,0.614,0.639,2.013,0.755,0.7629999999999999,0.623,8.358,1.294,0.857,0.612,0.617,1.051,1.127,0.614,5.454,0.612
25/01/2020,1.242,1.08,1.083,0.61,3.9800000000000004,2.792,11.871,0.62,0.682,0.734,1.155,1.9589999999999999,1.723,0.612,0.62,0.8370000000000001,2.808,0.616,1.062,1.781,4.131,0.9520000000000001,9.761,0.901,0.613,0.608,0.934,0.619,0.677,0.613,0.626,1.846,0.8520000000000001,0.737,0.617,7.301,1.18,0.8350000000000001,0.611,0.617,1.03,1.014,0.614,5.0360000000000005,0.611
26/01/2020,1.416,1.057,1.6099999999999999,0.61,3.7439999999999998,2.8009999999999997,12.48,0.62,0.661,0.7140000000000001,1.155,2.192,2.033,0.612,0.62,0.771,2.795,0.615,1.215,1.582,3.917,0.93,9.183,0.881,0.613,0.608,1.067,0.619,0.658,0.612,0.622,1.6989999999999998,0.853,0.722,0.613,6.433,1.115,0.812,0.611,0.617,1.01,0.894,0.614,4.478,0.611
27/01/2020,1.9529999999999998,1.033,2.4459999999999997,0.61,3.417,2.513,11.644,0.62,0.614,0.6930000000000001,1.116,2.274,2.26,0.983,0.62,0.6950000000000001,2.8619999999999997,0.614,1.516,1.416,3.636,0.906,8.725,0.861,0.613,0.608,1.023,0.619,0.638,0.612,0.622,1.5739999999999998,0.8700000000000001,0.7080000000000001,0.613,5.7620000000000005,1.073,0.79,0.611,0.617,0.99,0.786,0.614,4.088,0.611
28/01/2020,2.81,1.01,3.5989999999999998,0.609,3.054,2.116,10.443000000000001,0.62,0.614,0.672,1.078,2.208,2.585,1.969,0.62,0.642,3.049,0.614,1.603,1.291,3.642,0.884,8.149,0.8410000000000001,0.613,0.608,0.9400000000000001,0.618,0.628,0.612,0.622,1.4780000000000002,0.823,0.6930000000000001,0.611,5.018,1.02,0.767,0.611,0.615,0.971,0.6960000000000001,0.614,3.973,0.61
29/01/2020,3.62,1.05,4.227,0.609,2.677,1.7770000000000001,9.715,0.62,0.614,0.65,1.047,2.042,3.237,3.0260000000000002,0.62,0.631,3.4909999999999997,0.614,1.558,1.249,4.002,0.861,7.462,0.974,0.613,0.608,0.853,0.618,0.628,0.612,0.622,1.43,0.764,0.678,0.611,4.273,0.992,0.746,0.611,0.615,0.982,0.67,0.614,3.696,0.61
30/01/2020,3.96,1.016,4.403,0.608,2.323,1.465,8.984,0.62,0.613,0.628,1.015,1.863,4.422,3.3970000000000002,0.62,0.619,4.019,0.614,1.428,1.292,4.01,0.8400000000000001,6.725,1.1159999999999999,0.612,0.607,0.767,0.618,0.628,0.612,0.622,1.385,0.718,0.664,0.611,3.64,0.966,0.726,0.611,0.664,0.9400000000000001,0.661,0.637,3.593,0.61
31/01/2020,3.997,0.966,4.598,0.608,2.021,1.484,8.212,0.62,0.613,0.624,0.985,1.7,5.2989999999999995,3.364,0.62,0.619,4.334,0.614,1.305,1.228,3.855,0.8190000000000001,5.9879999999999995,1.2169999999999999,0.612,0.607,0.792,0.618,0.628,0.611,0.622,1.34,0.684,0.649,0.611,3.1189999999999998,0.9380000000000001,0.7090000000000001,0.61,0.988,0.921,0.65,0.735,3.684,0.61
